# Blender 4.4.0
# www.blender.org
mtllib Meshy_AI_AHORA_ES_NUESTRO_0804195808_texture.mtl
o Meshy_AI_AHORA_ES_NUESTRO_0804195808_texture
v -0.938317 0.511788 0.234111
v -0.927469 0.511579 0.233561
v -0.924882 0.494051 -0.120815
v -0.930336 0.496078 -0.113615
v -0.927900 0.512349 -0.113864
v -0.947132 0.511804 -0.133540
v -0.691185 0.444958 -0.122235
v -0.649921 0.460608 -0.122433
v -0.641073 0.490901 -0.123684
v -0.630548 0.501550 -0.120201
v -0.631691 0.513116 -0.121775
v -0.631191 0.512785 -0.134432
v -0.644417 0.088591 -0.128820
v -0.931052 -0.567643 0.230374
v -0.929159 -0.565785 -0.108265
v -0.937449 -0.558543 -0.117799
v -0.927600 -0.587120 -0.108105
v -0.900347 -0.581292 -0.104079
v -0.950472 -0.588510 -0.130681
v -0.880929 -0.580003 -0.105360
v -0.895801 -0.579252 -0.135756
v -0.904871 -0.590033 -0.131706
v -0.876198 -0.590250 -0.109160
v -0.863464 -0.582558 -0.134043
v -0.874448 -0.590331 -0.133658
v -0.891684 -0.591131 -0.195967
v -0.879328 -0.583684 -0.184138
v -0.883865 -0.589506 -0.195884
v -0.894542 -0.582712 -0.191479
v -0.742359 -0.589022 -0.112909
v -0.731711 -0.590725 -0.104522
v -0.738058 -0.583098 -0.136068
v -0.715575 -0.582794 -0.107797
v -0.711878 -0.589893 -0.110754
v -0.699809 -0.583570 -0.136533
v -0.713154 -0.591074 -0.141164
v -0.733482 -0.590312 -0.189629
v -0.717781 -0.586984 -0.190391
v -0.713006 -0.591084 -0.187987
v -0.621904 -0.588669 -0.116603
v -0.627028 -0.588477 -0.126239
v -0.734048 -0.582985 0.116788
v -0.713395 -0.590143 0.148158
v -0.713473 -0.586205 0.154654
v -0.717802 -0.586952 0.173337
v -0.935473 0.503088 0.231166
v -0.926314 0.503282 0.231886
v -0.936734 0.512777 0.224646
v -0.938926 0.504484 0.223409
v -0.928789 0.512161 0.225012
v -0.925368 0.503890 0.224606
v -0.927207 0.487958 -0.122525
v -0.915510 0.485158 -0.123327
v -0.913455 0.493894 -0.121245
v -0.919927 0.500337 -0.114462
v -0.924726 0.505277 -0.113074
v -0.928941 0.503055 -0.096651
v -0.933992 0.492492 -0.095529
v -0.917390 0.506446 -0.115175
v -0.918009 0.512568 -0.118490
v -0.931229 0.512108 -0.097565
v -0.922676 0.513302 -0.129918
v -0.933563 0.513219 -0.129827
v -0.942984 0.513454 -0.115823
v -0.942909 0.513457 -0.099016
v -0.947739 0.503534 -0.129117
v -0.948088 0.505148 -0.115255
v -0.937133 0.503934 -0.133991
v -0.708625 0.427746 -0.122263
v -0.701858 0.428861 -0.130284
v -0.701983 0.449740 -0.130590
v -0.665280 0.460320 -0.130280
v -0.708516 0.462132 -0.122634
v -0.707028 0.465618 -0.130996
v -0.667464 0.474188 -0.130914
v -0.640649 0.473064 -0.129511
v -0.649784 0.476348 -0.122362
v -0.647544 0.484758 -0.122201
v -0.647419 0.484109 -0.131194
v -0.651314 0.494717 -0.133555
v -0.677218 0.495384 -0.120555
v -0.675441 0.485846 -0.121893
v -0.651692 0.504902 -0.135044
v -0.635627 0.502786 -0.129843
v -0.648558 0.505133 -0.118309
v -0.651432 0.513807 -0.122832
v -0.652389 0.514141 -0.132174
v -0.651218 0.044809 -0.123054
v -0.634452 0.044024 -0.130335
v -0.642345 0.086401 -0.128388
v -0.667929 0.108762 -0.122993
v -0.925978 -0.568264 0.223339
v -0.930647 -0.562140 0.222237
v -0.936717 -0.561707 0.230694
v -0.938675 -0.577500 0.228992
v -0.932593 -0.578527 0.224719
v -0.944460 -0.564134 0.225559
v -0.944524 -0.570569 0.224826
v -0.944358 -0.577993 0.225534
v -0.940222 -0.587065 0.222284
v -0.936956 -0.584128 0.224276
v -0.940106 -0.582452 0.227422
v -0.943970 -0.584861 0.224507
v -0.937620 -0.559472 -0.106305
v -0.939039 -0.558364 -0.088071
v -0.932964 -0.565378 -0.088314
v -0.932061 -0.572801 -0.088678
v -0.927056 -0.573188 -0.106870
v -0.914706 -0.571818 -0.108766
v -0.915272 -0.564328 -0.111895
v -0.928182 -0.560394 -0.119029
v -0.916064 -0.559284 -0.120074
v -0.938049 -0.548696 -0.116089
v -0.938987 -0.548496 -0.103667
v -0.928635 -0.549357 -0.120293
v -0.926287 -0.580153 -0.106329
v -0.932008 -0.580901 -0.088734
v -0.932387 -0.588098 -0.088700
v -0.938528 -0.590904 -0.088832
v -0.937025 -0.590435 -0.107625
v -0.915782 -0.590427 -0.112992
v -0.914895 -0.581389 -0.108100
v -0.926415 -0.590203 -0.121410
v -0.917022 -0.589645 -0.124817
v -0.935453 -0.590182 -0.120408
v -0.904066 -0.590168 -0.117933
v -0.901882 -0.570435 -0.108524
v -0.884672 -0.570150 -0.108712
v -0.896607 -0.585447 -0.095834
v -0.884956 -0.582673 -0.096983
v -0.890761 -0.591279 -0.121176
v -0.889601 -0.590925 -0.109423
v -0.888270 -0.590776 -0.097573
v -0.951263 -0.581338 -0.128818
v -0.943425 -0.581882 -0.131134
v -0.943112 -0.588834 -0.129189
v -0.950909 -0.588016 -0.120359
v -0.952279 -0.581224 -0.119574
v -0.943953 -0.590315 -0.120372
v -0.863554 -0.589779 -0.113502
v -0.863872 -0.582201 -0.110458
v -0.866289 -0.573020 -0.110387
v -0.876778 -0.590557 -0.097720
v -0.909999 -0.577803 -0.134618
v -0.907254 -0.570222 -0.133332
v -0.890450 -0.570765 -0.134249
v -0.904768 -0.583171 -0.138781
v -0.909536 -0.582288 -0.134329
v -0.890891 -0.581868 -0.144037
v -0.899224 -0.582961 -0.147402
v -0.917499 -0.586864 -0.132183
v -0.908490 -0.586180 -0.134064
v -0.904620 -0.586591 -0.140841
v -0.899768 -0.589982 -0.142652
v -0.889894 -0.591243 -0.132791
v -0.887920 -0.591336 -0.144932
v -0.876312 -0.590896 -0.122499
v -0.864465 -0.590784 -0.123204
v -0.861815 -0.572047 -0.133907
v -0.876084 -0.581299 -0.141054
v -0.845081 -0.590047 -0.133354
v -0.865499 -0.590082 -0.133051
v -0.876365 -0.591295 -0.149627
v -0.879099 -0.582538 -0.156818
v -0.879037 -0.582620 -0.145763
v -0.880571 -0.590228 -0.190114
v -0.889760 -0.591647 -0.186503
v -0.897154 -0.590487 -0.184793
v -0.892723 -0.587341 -0.194667
v -0.886408 -0.584417 -0.194290
v -0.879841 -0.582235 -0.178120
v -0.877170 -0.591050 -0.171807
v -0.878298 -0.590716 -0.181946
v -0.882172 -0.583485 -0.190251
v -0.884976 -0.582091 -0.183556
v -0.889962 -0.582163 -0.188608
v -0.899669 -0.585249 -0.182093
v -0.893882 -0.582518 -0.177541
v -0.752806 -0.588804 -0.113446
v -0.759946 -0.590392 -0.119079
v -0.740672 -0.590424 -0.117284
v -0.689398 -0.589141 -0.118088
v -0.728391 -0.590872 -0.111314
v -0.726778 -0.591090 -0.094523
v -0.729174 -0.584535 -0.092449
v -0.715429 -0.585027 -0.094054
v -0.718191 -0.574405 -0.136131
v -0.675061 -0.581130 -0.135913
v -0.806434 -0.581513 -0.135201
v -0.805422 -0.573332 -0.135874
v -0.689258 -0.589091 -0.134787
v -0.733546 -0.588270 -0.145689
v -0.712922 -0.575191 -0.112854
v -0.755768 -0.590097 -0.134005
v -0.732992 -0.590312 -0.136633
v -0.736050 -0.590779 -0.126753
v -0.758937 -0.590662 -0.126476
v -0.731072 -0.590917 -0.147327
v -0.706639 -0.590686 -0.126974
v -0.685892 -0.590801 -0.127963
v -0.718047 -0.590659 -0.111154
v -0.717447 -0.591056 -0.126273
v -0.716373 -0.590820 -0.094963
v -0.661319 -0.588363 -0.134932
v -0.717081 -0.591288 -0.139856
v -0.716655 -0.591666 -0.151096
v -0.710797 -0.585657 -0.153754
v -0.729298 -0.582687 -0.155234
v -0.726396 -0.583750 -0.187677
v -0.725321 -0.591617 -0.190736
v -0.732550 -0.591078 -0.184188
v -0.727987 -0.583652 -0.180379
v -0.724392 -0.591789 -0.187028
v -0.716871 -0.586094 -0.180532
v -0.714507 -0.591156 -0.178977
v -0.724152 -0.592049 -0.176664
v -0.628762 -0.577551 -0.115965
v -0.657971 -0.577441 -0.114940
v -0.657758 -0.585621 -0.115087
v -0.655940 -0.589505 -0.120175
v -0.635149 -0.579471 -0.134892
v -0.664342 -0.590604 -0.127932
v -0.877867 -0.583109 0.183982
v -0.888794 -0.590414 0.174657
v -0.877252 -0.590884 0.183905
v -0.720896 -0.583875 0.118392
v -0.723499 -0.583643 0.105786
v -0.733554 -0.586804 0.105801
v -0.730624 -0.590938 0.130043
v -0.722102 -0.585023 0.130510
v -0.722463 -0.592000 0.105785
v -0.720987 -0.591732 0.118232
v -0.720623 -0.591431 0.130071
v -0.712428 -0.588476 0.140830
v -0.719909 -0.585426 0.140868
v -0.718383 -0.585488 0.150489
v -0.719696 -0.591052 0.149631
v -0.721465 -0.591109 0.141040
v -0.726652 -0.586589 0.148292
v -0.725712 -0.585661 0.169947
v -0.720391 -0.585624 0.169572
v -0.720278 -0.589296 0.169240
v -0.723600 -0.587456 0.202549
v -0.718259 -0.586933 0.200977
v -0.718960 -0.588952 0.203851
v -0.723450 -0.589710 0.202161
v -0.719635 -0.586787 0.206163
v -0.719562 -0.588750 0.207769
v -0.723698 -0.587705 0.206302
v -0.723173 -0.589541 0.207100
v -0.730239 -0.588290 0.140804
v -0.711031 -0.588413 0.130600
v -0.711148 -0.588074 0.118502
v -0.714297 -0.587053 0.105526
v -0.714827 -0.588706 0.087889
v -0.723416 -0.583691 0.088166
v -0.724823 -0.591692 0.088126
v -0.725399 -0.590991 0.059993
v -0.715369 -0.588412 0.060509
v -0.733407 -0.586982 0.088224
v -0.732416 -0.586522 0.059522
v -0.731349 -0.585528 0.026117
v -0.723416 -0.591125 0.025984
v -0.722741 -0.583912 0.060327
v -0.720431 -0.582467 0.026161
v -0.718876 -0.583633 -0.008619
v -0.730113 -0.585955 -0.009133
v -0.710804 -0.588316 0.026382
v -0.711331 -0.589278 -0.008690
v -0.712742 -0.589496 -0.040236
v -0.717303 -0.583728 -0.040362
v -0.723610 -0.591516 -0.008681
v -0.724642 -0.590068 -0.040392
v -0.726084 -0.590764 -0.065401
v -0.714018 -0.590967 -0.065000
v -0.729235 -0.584041 -0.040478
v -0.728099 -0.583960 -0.063040
v -0.728324 -0.583607 -0.080475
v -0.727023 -0.590877 -0.081343
v -0.715605 -0.584048 -0.064641
v -0.715978 -0.584743 -0.081055
v -0.715527 -0.591227 -0.081312
v -0.903342 -0.589102 0.143706
v -0.878861 -0.591076 0.140132
v -0.903767 -0.588175 0.102334
v -0.890092 -0.591530 0.101818
v -0.882000 -0.590301 0.101950
v -0.878155 -0.588521 0.140163
v -0.876823 -0.584821 0.101928
v -0.876748 -0.583432 0.140226
v -0.883101 -0.591172 0.064220
v -0.877559 -0.584088 0.064237
v -0.901336 -0.589867 0.063726
v -0.877695 -0.584516 0.028553
v -0.900732 -0.590961 0.027987
v -0.892030 -0.591539 0.028273
v -0.892302 -0.591297 0.064376
v -0.882692 -0.591228 0.028398
v -0.891890 -0.590522 -0.006994
v -0.883301 -0.590280 -0.006524
v -0.877563 -0.584820 -0.006442
v -0.886082 -0.589729 -0.039954
v -0.876904 -0.587257 -0.039883
v -0.886291 -0.583270 -0.040872
v -0.893159 -0.585040 -0.007163
v -0.894009 -0.588782 -0.040241
v -0.884477 -0.582313 -0.066533
v -0.895049 -0.585432 -0.066271
v -0.887790 -0.590444 -0.066541
v -0.894216 -0.585371 -0.083715
v -0.888243 -0.590791 -0.084225
v -0.876786 -0.590281 -0.084321
v -0.876713 -0.590390 -0.066699
v -0.884612 -0.583127 -0.084232
v -0.645290 -0.571988 -0.136211
v -0.629849 -0.572523 -0.116479
v -0.626646 -0.561319 -0.119389
v -0.655034 -0.560851 -0.118276
v -0.660135 -0.569611 -0.116027
v -0.643678 -0.564146 -0.135436
v -0.646778 -0.556218 -0.129115
v -0.625193 -0.553034 -0.120722
v -0.714645 -0.566208 -0.136214
v -0.724604 -0.557023 -0.129590
v -0.731696 -0.540576 -0.129543
v -0.651041 -0.542210 -0.129089
v -0.809612 -0.564763 -0.135746
v -0.814024 -0.555418 -0.130378
v -0.819998 -0.540536 -0.129833
v -0.830236 -0.516076 -0.129650
v -0.743764 -0.518732 -0.129683
v -0.866342 -0.553220 -0.130519
v -0.870590 -0.536369 -0.129609
v -0.877063 -0.510911 -0.129603
v -0.882858 -0.460523 -0.130218
v -0.848185 -0.467799 -0.129933
v -0.893865 -0.533281 -0.129538
v -0.897453 -0.506214 -0.129565
v -0.899803 -0.450221 -0.130531
v -0.900666 -0.365531 -0.132454
v -0.884231 -0.369613 -0.132232
v -0.908715 -0.502519 -0.129551
v -0.910127 -0.445526 -0.130688
v -0.910438 -0.363846 -0.132564
v -0.910664 -0.269885 -0.133971
v -0.901145 -0.270473 -0.133831
v -0.919865 -0.442297 -0.130802
v -0.919929 -0.362034 -0.132656
v -0.920023 -0.269027 -0.134118
v -0.919908 -0.174523 -0.133685
v -0.910166 -0.174292 -0.133751
v -0.929194 -0.360603 -0.132646
v -0.929263 -0.268333 -0.134066
v -0.929439 -0.174578 -0.133421
v -0.928516 -0.071262 -0.132753
v -0.918782 -0.070729 -0.132939
v -0.938358 -0.267677 -0.133133
v -0.938613 -0.174414 -0.132430
v -0.937827 -0.071770 -0.132180
v -0.935834 0.021571 -0.132019
v -0.926009 0.022270 -0.132573
v -0.942961 -0.174161 -0.126578
v -0.942507 -0.072371 -0.126432
v -0.942220 0.021185 -0.127768
v -0.942031 0.115244 -0.128629
v -0.934617 0.115193 -0.132241
v -0.943302 -0.072974 -0.117011
v -0.943200 0.020932 -0.118486
v -0.943138 0.115451 -0.119397
v -0.943215 0.212376 -0.119785
v -0.942387 0.211854 -0.128960
v -0.943505 0.020880 -0.108773
v -0.943477 0.115873 -0.109475
v -0.943493 0.212909 -0.109503
v -0.943562 0.306690 -0.109352
v -0.943282 0.305637 -0.119815
v -0.943643 0.116112 -0.099439
v -0.943639 0.213632 -0.099047
v -0.943684 0.308355 -0.098751
v -0.943716 0.386850 -0.097930
v -0.943625 0.383514 -0.108998
v -0.943730 0.215192 -0.088350
v -0.943748 0.309510 -0.087794
v -0.943762 0.391306 -0.085431
v -0.943773 0.438004 -0.083145
v -0.943736 0.434303 -0.096717
v -0.943800 0.312687 -0.066820
v -0.943784 0.403076 -0.063037
v -0.943770 0.439955 -0.059857
v -0.943771 0.457770 -0.055975
v -0.943809 0.457501 -0.082136
v -0.943678 0.409284 -0.024758
v -0.943494 0.441082 -0.014190
v -0.943393 0.458141 -0.008333
v -0.943410 0.471908 -0.004158
v -0.943825 0.471428 -0.052434
v -0.942476 0.439325 0.059812
v -0.942326 0.458090 0.059079
v -0.942251 0.472194 0.058722
v -0.942333 0.483833 0.058869
v -0.943715 0.483600 -0.001790
v -0.941577 0.455629 0.121154
v -0.941348 0.470365 0.116838
v -0.941317 0.482445 0.114895
v -0.942122 0.494380 0.113873
v -0.943346 0.495485 0.059272
v -0.941013 0.469044 0.154682
v -0.940762 0.481447 0.153952
v -0.941463 0.493435 0.153431
v -0.942368 0.505228 0.153079
v -0.944019 0.506133 0.113623
v -0.940544 0.481805 0.176893
v -0.940963 0.493339 0.177308
v -0.941852 0.504948 0.177658
v -0.937252 0.513305 0.177842
v -0.937470 0.512773 0.152971
v -0.940600 0.493549 0.192222
v -0.940793 0.504762 0.193098
v -0.937058 0.512966 0.193762
v -0.928552 0.512482 0.193884
v -0.927661 0.511519 0.177851
v -0.940073 0.504929 0.204277
v -0.936764 0.512947 0.204890
v -0.928854 0.513151 0.205244
v -0.925818 0.503964 0.205163
v -0.925406 0.503384 0.193693
v -0.936752 0.512810 0.214904
v -0.928883 0.512822 0.215216
v -0.925610 0.504300 0.215193
v -0.928320 0.494315 0.222697
v -0.928138 0.494530 0.214315
v -0.928291 0.494282 0.204488
v -0.931956 0.483761 0.212793
v -0.931935 0.483543 0.203470
v -0.931923 0.483046 0.192505
v -0.928660 0.493981 0.193202
v -0.931967 0.481702 0.177771
v -0.929148 0.493416 0.177776
v -0.923845 0.502882 0.177827
v -0.929629 0.493001 0.155013
v -0.923346 0.502575 0.153693
v -0.927127 0.512459 0.152943
v -0.924213 0.502379 0.115079
v -0.927924 0.511933 0.114043
v -0.938227 0.513487 0.113670
v -0.928697 0.513188 0.061033
v -0.939186 0.514178 0.060411
v -0.944882 0.506941 0.059831
v -0.940269 0.513131 0.002492
v -0.946578 0.506514 0.001572
v -0.945497 0.495170 0.000088
v -0.947279 0.506178 -0.047053
v -0.945657 0.494789 -0.048271
v -0.944150 0.483108 -0.050034
v -0.945907 0.494716 -0.079883
v -0.944292 0.483216 -0.080475
v -0.943917 0.471480 -0.081191
v -0.944376 0.483617 -0.098552
v -0.943935 0.471387 -0.098271
v -0.943791 0.457062 -0.097423
v -0.943852 0.471128 -0.110699
v -0.943715 0.456439 -0.109633
v -0.943648 0.432848 -0.108889
v -0.943478 0.455918 -0.121648
v -0.943440 0.431367 -0.120844
v -0.943431 0.381872 -0.120395
v -0.940625 0.430798 -0.130441
v -0.941330 0.381003 -0.130390
v -0.942484 0.304970 -0.129048
v -0.932067 0.381126 -0.131506
v -0.933395 0.304802 -0.131796
v -0.933768 0.211550 -0.132085
v -0.922468 0.305089 -0.132213
v -0.923061 0.211357 -0.132689
v -0.924378 0.115417 -0.132720
v -0.912666 0.211270 -0.132836
v -0.914387 0.115654 -0.132920
v -0.916199 0.023107 -0.132809
v -0.904287 0.115620 -0.133025
v -0.906171 0.023726 -0.132954
v -0.908597 -0.070399 -0.133055
v -0.895106 0.021050 -0.133061
v -0.897903 -0.070816 -0.133131
v -0.900279 -0.173878 -0.133737
v -0.879065 -0.070331 -0.133197
v -0.882952 -0.172889 -0.133632
v -0.884690 -0.271629 -0.133600
v -0.854959 -0.172433 -0.133345
v -0.856323 -0.273727 -0.133142
v -0.854402 -0.374430 -0.131858
v -0.775144 -0.275082 -0.131991
v -0.768473 -0.378143 -0.130971
v -0.754884 -0.476054 -0.129856
v -0.672788 -0.376994 -0.130935
v -0.659142 -0.478039 -0.130387
v -0.660606 -0.521023 -0.129511
v -0.614574 -0.468943 -0.126720
v -0.613864 -0.522348 -0.124823
v -0.622070 -0.541286 -0.121806
v -0.643379 -0.520109 -0.121415
v -0.647822 -0.538954 -0.120774
v -0.651505 -0.551580 -0.120187
v -0.704080 -0.536323 -0.121310
v -0.711473 -0.549384 -0.121008
v -0.716630 -0.558654 -0.120460
v -0.785509 -0.549126 -0.121192
v -0.787162 -0.557607 -0.120787
v -0.788244 -0.563543 -0.115248
v -0.723084 -0.566228 -0.115775
v -0.785739 -0.570900 -0.112004
v -0.842678 -0.562258 -0.116558
v -0.840189 -0.567748 -0.111391
v -0.839585 -0.575642 -0.110938
v -0.786853 -0.578702 -0.111877
v -0.839074 -0.584230 -0.111354
v -0.794364 -0.586796 -0.112312
v -0.840044 -0.589718 -0.115435
v -0.797277 -0.589924 -0.117680
v -0.842435 -0.590625 -0.124138
v -0.799836 -0.590719 -0.125634
v -0.802155 -0.590010 -0.133915
v -0.868241 -0.564744 -0.112103
v -0.870683 -0.560975 -0.118510
v -0.888664 -0.559278 -0.120354
v -0.886609 -0.563799 -0.113183
v -0.903433 -0.558875 -0.120310
v -0.902498 -0.563582 -0.113159
v -0.904755 -0.550189 -0.120760
v -0.916934 -0.549835 -0.120630
v -0.891018 -0.550806 -0.120788
v -0.894363 -0.539343 -0.121074
v -0.906525 -0.537832 -0.121014
v -0.873219 -0.553158 -0.120760
v -0.878250 -0.542008 -0.121071
v -0.881964 -0.525507 -0.121335
v -0.895929 -0.523181 -0.121266
v -0.846020 -0.555258 -0.120752
v -0.847351 -0.546332 -0.121103
v -0.854746 -0.530457 -0.121358
v -0.860031 -0.503938 -0.121536
v -0.884069 -0.497444 -0.121533
v -0.786998 -0.535610 -0.121472
v -0.790494 -0.513174 -0.121590
v -0.801461 -0.467615 -0.121685
v -0.866698 -0.449121 -0.122194
v -0.700654 -0.516761 -0.121608
v -0.693507 -0.473268 -0.122217
v -0.703348 -0.377751 -0.122800
v -0.811336 -0.370785 -0.123237
v -0.641842 -0.467581 -0.122572
v -0.644650 -0.376729 -0.122769
v -0.660312 -0.275724 -0.122889
v -0.726758 -0.275711 -0.123205
v -0.614201 -0.377749 -0.130481
v -0.620505 -0.278224 -0.125184
v -0.625445 -0.166414 -0.126792
v -0.663449 -0.165490 -0.122958
v -0.669712 -0.271156 -0.130982
v -0.681640 -0.169683 -0.131080
v -0.672421 -0.059175 -0.130988
v -0.630639 -0.051826 -0.126863
v -0.774241 -0.172188 -0.132254
v -0.759419 -0.065912 -0.132207
v -0.730838 0.033644 -0.131856
v -0.666995 0.044465 -0.130999
v -0.848108 -0.067779 -0.133209
v -0.832551 0.026064 -0.133183
v -0.800305 0.115588 -0.132808
v -0.691544 0.115840 -0.131229
v -0.873445 0.025125 -0.133178
v -0.865948 0.116362 -0.133134
v -0.857463 0.210443 -0.132849
v -0.763683 0.209404 -0.131722
v -0.890738 0.112720 -0.133089
v -0.885897 0.210604 -0.132919
v -0.881973 0.307964 -0.132431
v -0.845574 0.308608 -0.132303
v -0.902045 0.211158 -0.132900
v -0.900786 0.305652 -0.132422
v -0.898456 0.388298 -0.132048
v -0.877255 0.399584 -0.132081
v -0.911815 0.305659 -0.132355
v -0.910250 0.384265 -0.131975
v -0.908368 0.432957 -0.131883
v -0.895527 0.435226 -0.131976
v -0.921206 0.382287 -0.131839
v -0.919527 0.431566 -0.131738
v -0.919040 0.455155 -0.131743
v -0.907640 0.455423 -0.131886
v -0.930718 0.430921 -0.131435
v -0.929966 0.455104 -0.131475
v -0.929314 0.470174 -0.131549
v -0.918870 0.470023 -0.131831
v -0.939987 0.455473 -0.130553
v -0.939118 0.470450 -0.130649
v -0.938233 0.482535 -0.131045
v -0.928612 0.482692 -0.131892
v -0.943573 0.470769 -0.122633
v -0.943546 0.482726 -0.123828
v -0.944507 0.493394 -0.126388
v -0.937774 0.493226 -0.132475
v -0.944307 0.483359 -0.112267
v -0.945896 0.494406 -0.113932
v -0.946080 0.494885 -0.098917
v -0.947894 0.505907 -0.099240
v -0.947796 0.506069 -0.079308
v -0.942403 0.513203 -0.078480
v -0.931774 0.512170 -0.077587
v -0.941401 0.513140 -0.046207
v -0.930789 0.512408 -0.045836
v -0.927579 0.502027 -0.045629
v -0.928000 0.502128 -0.076625
v -0.929734 0.512594 0.002968
v -0.926775 0.502461 0.003336
v -0.925690 0.502662 0.061867
v -0.931402 0.492814 0.063163
v -0.933352 0.492706 0.003562
v -0.934763 0.491131 -0.045695
v -0.934535 0.480608 0.003033
v -0.935202 0.479365 -0.046135
v -0.935292 0.478713 -0.075945
v -0.934885 0.490885 -0.076127
v -0.935384 0.478203 -0.094992
v -0.935466 0.465799 -0.076207
v -0.935448 0.464825 -0.093900
v -0.935002 0.463619 -0.108633
v -0.935179 0.477827 -0.110563
v -0.932864 0.462590 -0.120875
v -0.930247 0.475320 -0.122726
v -0.919773 0.462082 -0.123480
v -0.917761 0.474355 -0.123577
v -0.906853 0.461877 -0.123675
v -0.905468 0.473917 -0.123631
v -0.903890 0.484600 -0.123388
v -0.902574 0.494053 -0.121593
v -0.891150 0.473714 -0.123655
v -0.890278 0.484343 -0.123359
v -0.889520 0.494059 -0.121745
v -0.888975 0.500928 -0.115451
v -0.901776 0.500552 -0.115531
v -0.869508 0.484569 -0.123565
v -0.868429 0.494433 -0.121758
v -0.867355 0.501794 -0.115708
v -0.831344 0.495277 -0.121473
v -0.829427 0.503138 -0.116395
v -0.827891 0.511776 -0.117768
v -0.866474 0.510540 -0.116058
v -0.888905 0.509373 -0.115432
v -0.866149 0.514234 -0.125765
v -0.889633 0.513943 -0.124302
v -0.902655 0.513359 -0.122360
v -0.901873 0.508582 -0.115297
v -0.911858 0.512902 -0.120757
v -0.910634 0.507518 -0.115326
v -0.911239 0.500577 -0.115593
v -0.903916 0.513705 -0.132275
v -0.914077 0.513329 -0.131122
v -0.904923 0.504027 -0.134863
v -0.916094 0.504679 -0.134633
v -0.926120 0.504925 -0.134164
v -0.917400 0.493632 -0.133187
v -0.927858 0.493788 -0.133019
v -0.918375 0.482491 -0.132189
v -0.905697 0.492854 -0.133122
v -0.906526 0.481697 -0.132188
v -0.907243 0.469625 -0.131965
v -0.892101 0.480424 -0.132303
v -0.892987 0.468850 -0.132067
v -0.894094 0.455181 -0.131986
v -0.868941 0.467950 -0.132141
v -0.870961 0.454399 -0.132078
v -0.873436 0.436963 -0.132061
v -0.829530 0.454382 -0.132010
v -0.832493 0.437283 -0.131983
v -0.838018 0.404337 -0.131995
v -0.759522 0.435493 -0.131157
v -0.756362 0.400148 -0.130972
v -0.750721 0.314719 -0.130985
v -0.688292 0.387950 -0.129844
v -0.636404 0.322311 -0.127786
v -0.635289 0.201269 -0.130338
v -0.709516 0.303946 -0.122226
v -0.720034 0.195719 -0.123046
v -0.743967 0.112706 -0.123710
v -0.823691 0.200069 -0.124435
v -0.838917 0.113046 -0.124899
v -0.853794 0.022269 -0.125003
v -0.776797 0.029386 -0.124367
v -0.683710 0.041825 -0.123038
v -0.812560 -0.068926 -0.124827
v -0.717205 -0.062477 -0.123274
v -0.666743 -0.054886 -0.122984
v -0.733753 -0.171042 -0.123372
v -0.830160 -0.175226 -0.124866
v -0.829737 -0.271865 -0.124584
v -0.868415 -0.173410 -0.125339
v -0.869437 -0.269916 -0.125255
v -0.867145 -0.362820 -0.124016
v -0.887101 -0.268099 -0.125518
v -0.886151 -0.357437 -0.124299
v -0.884618 -0.440934 -0.122515
v -0.900293 -0.353787 -0.124493
v -0.898623 -0.434648 -0.122748
v -0.897464 -0.492804 -0.121510
v -0.910861 -0.430327 -0.122895
v -0.909908 -0.488933 -0.121418
v -0.908341 -0.520827 -0.121152
v -0.921628 -0.486271 -0.121118
v -0.920212 -0.519536 -0.120898
v -0.918337 -0.536661 -0.120829
v -0.931787 -0.518620 -0.120152
v -0.930127 -0.535787 -0.120243
v -0.938292 -0.518009 -0.112733
v -0.938264 -0.535179 -0.114317
v -0.938693 -0.517584 -0.099828
v -0.938939 -0.534673 -0.102021
v -0.938537 -0.517684 -0.084930
v -0.938752 -0.534427 -0.085876
v -0.938898 -0.548248 -0.087279
v -0.938251 -0.534901 -0.065649
v -0.938289 -0.547794 -0.065387
v -0.938284 -0.557444 -0.064293
v -0.937020 -0.548155 -0.028630
v -0.936383 -0.556757 -0.026135
v -0.930807 -0.562909 -0.024482
v -0.932497 -0.563948 -0.063689
v -0.928756 -0.571100 -0.022906
v -0.930182 -0.571921 -0.063025
v -0.928738 -0.579724 -0.021516
v -0.930391 -0.580518 -0.062249
v -0.929394 -0.587285 -0.020366
v -0.931515 -0.588292 -0.061592
v -0.936858 -0.590124 -0.019216
v -0.938315 -0.590900 -0.060992
v -0.946570 -0.590127 -0.060557
v -0.946586 -0.590324 -0.088635
v -0.945880 -0.589693 -0.018215
v -0.950951 -0.585315 -0.017555
v -0.951522 -0.585690 -0.060367
v -0.935644 -0.590537 0.033247
v -0.944502 -0.590806 0.034648
v -0.949002 -0.585388 0.035913
v -0.950067 -0.576638 0.037029
v -0.951867 -0.576814 -0.017280
v -0.942923 -0.590235 0.090314
v -0.947010 -0.584731 0.091910
v -0.947493 -0.575972 0.093680
v -0.947153 -0.567411 0.095700
v -0.950242 -0.568041 0.038068
v -0.945760 -0.584535 0.138058
v -0.946554 -0.575502 0.139594
v -0.946297 -0.566675 0.141211
v -0.945586 -0.557860 0.143107
v -0.945692 -0.558873 0.098016
v -0.946000 -0.575107 0.168358
v -0.945883 -0.566273 0.168881
v -0.945555 -0.557437 0.169412
v -0.945498 -0.548229 0.169619
v -0.945401 -0.548784 0.145770
v -0.945593 -0.566016 0.186646
v -0.945514 -0.557491 0.186514
v -0.945542 -0.548422 0.186080
v -0.945621 -0.536238 0.185333
v -0.945518 -0.536162 0.170087
v -0.945479 -0.557613 0.196630
v -0.945532 -0.548455 0.196072
v -0.945666 -0.536127 0.195583
v -0.945858 -0.518190 0.195226
v -0.945733 -0.518955 0.184894
v -0.945447 -0.548065 0.205676
v -0.945649 -0.535719 0.205306
v -0.946015 -0.517332 0.205228
v -0.945854 -0.480678 0.205452
v -0.945864 -0.483154 0.195557
v -0.945247 -0.535220 0.214562
v -0.946264 -0.516752 0.215012
v -0.945569 -0.478956 0.215239
v -0.945764 -0.417086 0.215745
v -0.945788 -0.419052 0.206301
v -0.946172 -0.516514 0.224955
v -0.944473 -0.477849 0.225618
v -0.945448 -0.415929 0.225267
v -0.945629 -0.340521 0.225583
v -0.945620 -0.341238 0.216462
v -0.942457 -0.477358 0.228602
v -0.943314 -0.415362 0.227369
v -0.943162 -0.340111 0.227488
v -0.941814 -0.257068 0.227803
v -0.944132 -0.257369 0.225847
v -0.939914 -0.415443 0.219708
v -0.939790 -0.340022 0.219885
v -0.938969 -0.256961 0.219719
v -0.938933 -0.167466 0.219092
v -0.941494 -0.167500 0.227227
v -0.938201 -0.340396 0.210955
v -0.937856 -0.257003 0.210681
v -0.937950 -0.167447 0.210042
v -0.937830 -0.074954 0.209713
v -0.938777 -0.074923 0.218834
v -0.937340 -0.257197 0.201648
v -0.937377 -0.167440 0.200990
v -0.937220 -0.074983 0.200546
v -0.936958 0.018512 0.200341
v -0.937451 0.018566 0.209582
v -0.936933 -0.167469 0.191912
v -0.936764 -0.074957 0.191298
v -0.936563 0.018479 0.191019
v -0.936416 0.111222 0.191629
v -0.936817 0.111206 0.200819
v -0.936372 -0.074548 0.181413
v -0.936216 0.018486 0.181094
v -0.936101 0.110831 0.181905
v -0.935765 0.201620 0.180905
v -0.936006 0.201195 0.190846
v -0.935828 0.018962 0.167283
v -0.935736 0.112248 0.167576
v -0.935490 0.203281 0.166293
v -0.935216 0.292106 0.165176
v -0.935411 0.288893 0.180028
v -0.935381 0.112688 0.148130
v -0.935226 0.205088 0.146858
v -0.935031 0.295207 0.145847
v -0.934581 0.379541 0.143999
v -0.934724 0.372447 0.163675
v -0.934983 0.206942 0.094133
v -0.934916 0.300600 0.090255
v -0.934580 0.392341 0.082246
v -0.934255 0.434310 0.074500
v -0.933882 0.429979 0.136239
v -0.935538 0.299838 -0.018625
v -0.935436 0.388980 -0.014471
v -0.935203 0.434165 -0.004766
v -0.935035 0.453732 -0.000342
v -0.934036 0.454463 0.070024
v -0.935591 0.376342 -0.056285
v -0.935542 0.429897 -0.052680
v -0.935496 0.451234 -0.050310
v -0.935403 0.466900 -0.047487
v -0.934829 0.468586 0.002125
v -0.935532 0.425717 -0.076018
v -0.935516 0.449890 -0.076317
v -0.935421 0.422689 -0.092504
v -0.935414 0.448707 -0.092816
v -0.935089 0.420730 -0.106449
v -0.935003 0.447771 -0.107376
v -0.933372 0.419301 -0.118694
v -0.933124 0.446900 -0.119743
v -0.922953 0.418931 -0.123303
v -0.921239 0.446349 -0.123398
v -0.909940 0.419101 -0.123760
v -0.907743 0.446170 -0.123697
v -0.896036 0.420512 -0.123900
v -0.893389 0.446373 -0.123840
v -0.892000 0.462228 -0.123795
v -0.875556 0.447186 -0.123928
v -0.872436 0.462769 -0.123875
v -0.870698 0.474090 -0.123773
v -0.839530 0.463859 -0.123822
v -0.836291 0.475017 -0.123784
v -0.833640 0.485435 -0.123738
v -0.783415 0.475581 -0.123401
v -0.781996 0.485959 -0.123355
v -0.779974 0.495422 -0.120574
v -0.778376 0.504902 -0.116815
v -0.723265 0.485916 -0.122393
v -0.722929 0.495567 -0.120251
v -0.722671 0.505577 -0.117356
v -0.679027 0.505938 -0.118128
v -0.679793 0.513850 -0.122132
v -0.722053 0.513177 -0.121071
v -0.776942 0.513927 -0.119975
v -0.721287 0.513502 -0.131007
v -0.775725 0.513475 -0.129435
v -0.826811 0.513600 -0.127225
v -0.774462 0.508258 -0.136481
v -0.826082 0.509607 -0.134443
v -0.865990 0.510877 -0.134504
v -0.825493 0.499740 -0.134653
v -0.866206 0.501013 -0.134746
v -0.890771 0.502527 -0.134772
v -0.890396 0.512131 -0.134394
v -0.866872 0.490295 -0.132891
v -0.891251 0.491620 -0.132843
v -0.867804 0.479243 -0.132308
v -0.825248 0.489420 -0.132922
v -0.825513 0.478768 -0.132307
v -0.826980 0.467864 -0.132101
v -0.769530 0.478426 -0.131883
v -0.767188 0.467902 -0.131595
v -0.763077 0.454338 -0.131364
v -0.712603 0.477000 -0.131417
v -0.716152 0.487562 -0.132310
v -0.674157 0.485686 -0.132322
v -0.771400 0.488690 -0.132625
v -0.773012 0.498623 -0.135241
v -0.718277 0.497646 -0.134676
v -0.720126 0.507485 -0.136585
v -0.678528 0.506489 -0.135732
v -0.677052 0.496120 -0.134810
v -0.679814 0.514441 -0.131258
v -0.720593 0.475538 -0.122734
v -0.668960 0.474664 -0.122238
v -0.783348 0.464226 -0.123383
v -0.844430 0.448579 -0.123862
v -0.779710 0.448441 -0.123272
v -0.852095 0.426114 -0.123908
v -0.791100 0.430151 -0.123332
v -0.860869 0.372722 -0.123983
v -0.804602 0.383348 -0.123475
v -0.715683 0.384979 -0.122120
v -0.816803 0.294833 -0.123899
v -0.866830 0.289774 -0.124299
v -0.871214 0.203519 -0.124735
v -0.887358 0.287629 -0.124355
v -0.890382 0.204348 -0.124755
v -0.892348 0.115483 -0.124887
v -0.874697 0.114983 -0.124924
v -0.894773 0.020802 -0.124889
v -0.878778 0.021716 -0.124960
v -0.898083 -0.077372 -0.124937
v -0.883516 -0.075894 -0.124999
v -0.862826 -0.073859 -0.125029
v -0.886731 -0.173908 -0.125499
v -0.900536 -0.174652 -0.125543
v -0.900885 -0.266908 -0.125681
v -0.912376 -0.175216 -0.125470
v -0.912752 -0.266135 -0.125738
v -0.912256 -0.351451 -0.124589
v -0.924272 -0.265435 -0.125486
v -0.923910 -0.349663 -0.124487
v -0.922588 -0.427466 -0.122917
v -0.934220 -0.348552 -0.121834
v -0.933116 -0.425729 -0.120428
v -0.932980 -0.484632 -0.119956
v -0.936184 -0.425124 -0.110972
v -0.937705 -0.484004 -0.111491
v -0.936710 -0.425631 -0.099135
v -0.937978 -0.484630 -0.098927
v -0.936824 -0.427202 -0.086134
v -0.938042 -0.486683 -0.084902
v -0.936894 -0.430497 -0.070807
v -0.937875 -0.489954 -0.068565
v -0.938170 -0.518787 -0.067487
v -0.937480 -0.495012 -0.042429
v -0.937442 -0.520735 -0.037132
v -0.937287 -0.536424 -0.032788
v -0.936995 -0.523258 0.017909
v -0.936713 -0.538212 0.021663
v -0.936191 -0.548999 0.024730
v -0.936742 -0.538699 0.086439
v -0.936484 -0.549161 0.085511
v -0.934705 -0.557511 0.085524
v -0.934895 -0.557137 0.026633
v -0.928715 -0.563356 0.085578
v -0.929036 -0.562970 0.028038
v -0.925674 -0.570605 0.085966
v -0.926744 -0.571012 0.029391
v -0.926024 -0.579649 0.086659
v -0.927241 -0.579922 0.030756
v -0.927232 -0.588139 0.087592
v -0.928219 -0.588092 0.031931
v -0.934399 -0.590915 0.088883
v -0.925527 -0.586478 0.134407
v -0.933002 -0.590306 0.135486
v -0.941762 -0.590568 0.136682
v -0.932475 -0.590335 0.167082
v -0.941518 -0.590877 0.167516
v -0.945422 -0.584288 0.167918
v -0.941875 -0.590344 0.186528
v -0.945087 -0.583406 0.186661
v -0.945611 -0.574474 0.186722
v -0.945177 -0.582357 0.197629
v -0.945479 -0.573920 0.197561
v -0.945484 -0.565831 0.197163
v -0.945373 -0.573310 0.207192
v -0.945378 -0.565590 0.206860
v -0.945362 -0.557658 0.206302
v -0.945107 -0.565106 0.216289
v -0.945085 -0.557134 0.215687
v -0.945116 -0.547454 0.214895
v -0.944034 -0.556037 0.225669
v -0.943753 -0.546642 0.224302
v -0.943686 -0.534879 0.223983
v -0.941212 -0.546043 0.226846
v -0.941206 -0.534301 0.227051
v -0.942065 -0.516162 0.230294
v -0.938596 -0.533764 0.219748
v -0.938892 -0.515852 0.221125
v -0.940199 -0.477529 0.220394
v -0.938318 -0.515965 0.210884
v -0.938765 -0.478342 0.210762
v -0.938449 -0.416281 0.210558
v -0.938181 -0.479781 0.201082
v -0.937865 -0.417914 0.201195
v -0.937523 -0.341243 0.201805
v -0.937550 -0.420432 0.191698
v -0.937151 -0.342556 0.192556
v -0.936949 -0.257599 0.192532
v -0.936870 -0.344517 0.183181
v -0.936615 -0.258901 0.183268
v -0.936543 -0.167603 0.182284
v -0.936219 -0.258858 0.169174
v -0.936085 -0.168172 0.168436
v -0.935946 -0.075595 0.167772
v -0.935633 -0.168782 0.149362
v -0.935527 -0.075678 0.148181
v -0.935447 0.019012 0.147390
v -0.935148 -0.075571 0.101680
v -0.935098 0.018847 0.100060
v -0.935042 0.113249 0.098868
v -0.935528 0.019230 -0.015244
v -0.935539 0.114596 -0.017622
v -0.935534 0.208246 -0.018498
v -0.935631 0.115203 -0.056500
v -0.935615 0.208000 -0.058085
v -0.935609 0.295172 -0.058268
v -0.935558 0.207513 -0.077450
v -0.935551 0.291762 -0.078140
v -0.935540 0.370436 -0.077128
v -0.935452 0.288960 -0.092904
v -0.935403 0.366889 -0.092705
v -0.935238 0.287394 -0.105615
v -0.934986 0.364948 -0.106098
v -0.934431 0.286547 -0.117577
v -0.933627 0.364005 -0.118298
v -0.927412 0.286109 -0.123690
v -0.925308 0.363417 -0.123537
v -0.915310 0.285899 -0.124184
v -0.912676 0.363987 -0.123855
v -0.902386 0.286303 -0.124340
v -0.899263 0.364858 -0.123977
v -0.883417 0.367389 -0.124014
v -0.879253 0.422729 -0.123958
v -0.917265 0.205939 -0.124551
v -0.904716 0.205160 -0.124717
v -0.918721 0.116803 -0.124545
v -0.906226 0.116165 -0.124787
v -0.920115 0.019481 -0.124451
v -0.907959 0.020090 -0.124748
v -0.921978 -0.079331 -0.124540
v -0.910450 -0.078465 -0.124819
v -0.923906 -0.175611 -0.125120
v -0.932056 -0.079832 -0.123414
v -0.934320 -0.175630 -0.122370
v -0.934167 -0.264779 -0.122594
v -0.935056 -0.175398 -0.113012
v -0.935083 -0.264209 -0.113160
v -0.935487 -0.347921 -0.112379
v -0.935464 -0.263761 -0.102077
v -0.935841 -0.348025 -0.101048
v -0.935620 -0.263605 -0.090015
v -0.936009 -0.348751 -0.088733
v -0.935694 -0.263600 -0.075412
v -0.936102 -0.350193 -0.073885
v -0.935739 -0.263525 -0.055529
v -0.936135 -0.352443 -0.053229
v -0.936903 -0.435935 -0.048400
v -0.935923 -0.354827 -0.009329
v -0.936739 -0.446241 0.000283
v -0.937065 -0.501510 0.011210
v -0.936512 -0.447527 0.102960
v -0.936792 -0.502040 0.093781
v -0.936827 -0.523367 0.088519
v -0.937060 -0.496305 0.143480
v -0.937007 -0.521296 0.140350
v -0.936834 -0.537145 0.137592
v -0.937310 -0.519824 0.166474
v -0.937122 -0.535371 0.166054
v -0.936635 -0.547370 0.166176
v -0.936516 -0.548246 0.135151
v -0.934757 -0.556928 0.166238
v -0.934882 -0.557113 0.134295
v -0.928591 -0.562926 0.166220
v -0.928567 -0.562789 0.133757
v -0.924295 -0.569465 0.166317
v -0.925085 -0.569605 0.133616
v -0.924238 -0.578420 0.166451
v -0.924944 -0.578597 0.133870
v -0.924826 -0.586374 0.166708
v -0.924234 -0.578717 0.185609
v -0.924819 -0.586358 0.186092
v -0.932756 -0.590310 0.186366
v -0.925234 -0.586887 0.198358
v -0.933993 -0.590122 0.197849
v -0.942764 -0.590053 0.197636
v -0.936566 -0.589879 0.208269
v -0.944539 -0.587855 0.207176
v -0.945349 -0.580898 0.207168
v -0.944533 -0.586754 0.216011
v -0.945136 -0.579585 0.216291
v -0.945139 -0.572287 0.216427
v -0.939022 -0.589210 0.216690
v -0.926400 -0.587168 0.209469
v -0.932149 -0.585615 0.217774
v -0.927226 -0.579053 0.217259
v -0.925384 -0.579624 0.207537
v -0.924955 -0.570284 0.206007
v -0.925314 -0.569664 0.214983
v -0.924566 -0.579408 0.197861
v -0.924509 -0.570076 0.196941
v -0.928409 -0.562859 0.195753
v -0.928448 -0.562742 0.204857
v -0.924282 -0.569794 0.185008
v -0.928520 -0.563010 0.184423
v -0.934896 -0.557139 0.183871
v -0.935049 -0.557307 0.194741
v -0.937017 -0.547264 0.193591
v -0.937291 -0.547165 0.202643
v -0.935324 -0.557209 0.203595
v -0.936786 -0.547254 0.183152
v -0.937335 -0.534640 0.182021
v -0.937526 -0.534347 0.192575
v -0.937740 -0.517184 0.191626
v -0.937985 -0.516348 0.201433
v -0.937744 -0.534234 0.201915
v -0.937531 -0.518218 0.180410
v -0.937591 -0.485156 0.180414
v -0.937835 -0.481841 0.191141
v -0.937353 -0.491345 0.166370
v -0.937050 -0.428849 0.167336
v -0.937318 -0.423957 0.181769
v -0.936787 -0.436382 0.147414
v -0.936187 -0.350470 0.150225
v -0.936539 -0.346951 0.168986
v -0.935744 -0.353249 0.107449
v -0.935380 -0.261209 0.104627
v -0.935813 -0.260435 0.150657
v -0.935616 -0.262200 -0.011471
v -0.935576 -0.169487 -0.013446
v -0.935216 -0.168550 0.104348
v -0.935687 -0.170541 -0.055423
v -0.935664 -0.076687 -0.055228
v -0.935545 -0.076381 -0.013355
v -0.935641 -0.172027 -0.075007
v -0.935617 -0.077838 -0.074613
v -0.935603 0.019129 -0.074475
v -0.935649 0.019297 -0.055411
v -0.935565 -0.173633 -0.089550
v -0.935538 -0.079000 -0.089120
v -0.935512 0.018962 -0.089122
v -0.935493 0.116943 -0.090286
v -0.935577 0.115854 -0.075521
v -0.935369 -0.079854 -0.101542
v -0.935310 0.018720 -0.101763
v -0.935323 0.117280 -0.102922
v -0.935279 0.207362 -0.104561
v -0.935468 0.207468 -0.092041
v -0.934768 0.018724 -0.114151
v -0.934789 0.117339 -0.115222
v -0.934572 0.207152 -0.116550
v -0.930045 0.117186 -0.123547
v -0.928882 0.206691 -0.123744
v -0.930942 0.018967 -0.123463
v -0.934898 -0.080061 -0.113579
v -0.935407 -0.174745 -0.101745
v -0.938057 -0.533953 0.210806
v -0.937586 -0.546838 0.211235
v -0.937965 -0.546352 0.219760
v -0.936165 -0.555773 0.220605
v -0.935636 -0.556818 0.212069
v -0.928925 -0.562487 0.213270
v -0.939052 -0.554832 0.228905
v -0.933529 0.481333 0.064719
v -0.933806 0.469546 0.066818
v -0.932436 0.480864 0.119501
v -0.932949 0.468273 0.123163
v -0.933401 0.452520 0.129080
v -0.932715 0.467675 0.158174
v -0.933300 0.451208 0.160071
v -0.933977 0.424785 0.162214
v -0.933339 0.450598 0.178249
v -0.934100 0.421704 0.177746
v -0.934877 0.367441 0.177696
v -0.934240 0.418867 0.189235
v -0.935043 0.363493 0.189091
v -0.935583 0.286367 0.190119
v -0.935235 0.361017 0.199337
v -0.935788 0.284949 0.199754
v -0.936295 0.200607 0.200101
v -0.936081 0.283871 0.209314
v -0.936661 0.200180 0.209278
v -0.937419 0.111210 0.209977
v -0.937337 0.199876 0.218326
v -0.938053 0.111242 0.219063
v -0.938096 0.018597 0.218763
v -0.940004 0.111486 0.226992
v -0.939131 0.018551 0.227421
v -0.941272 -0.074885 0.227090
v -0.944795 0.019024 0.226051
v -0.943497 -0.074801 0.225922
v -0.943581 -0.167637 0.225692
v -0.944781 -0.074793 0.216707
v -0.944986 -0.167809 0.216391
v -0.944897 -0.257813 0.216415
v -0.945247 -0.168047 0.207314
v -0.945114 -0.258424 0.207389
v -0.945494 -0.342484 0.207340
v -0.945056 -0.259242 0.198217
v -0.945326 -0.344254 0.198123
v -0.945687 -0.421908 0.196890
v -0.945142 -0.346562 0.188748
v -0.945555 -0.425743 0.187228
v -0.945775 -0.486516 0.185495
v -0.945382 -0.430523 0.175219
v -0.945624 -0.492141 0.172486
v -0.945582 -0.520347 0.170986
v -0.945438 -0.497754 0.155662
v -0.945403 -0.522301 0.152409
v -0.945368 -0.537835 0.148973
v -0.945169 -0.525398 0.111456
v -0.945239 -0.540058 0.105121
v -0.945410 -0.550232 0.100637
v -0.945448 -0.541812 0.040537
v -0.945987 -0.551358 0.039939
v -0.947245 -0.559772 0.039002
v -0.946211 -0.551721 -0.018633
v -0.949106 -0.560001 -0.017743
v -0.951768 -0.568128 -0.017341
v -0.950344 -0.560761 -0.061364
v -0.952592 -0.569020 -0.060773
v -0.952449 -0.577549 -0.060417
v -0.952840 -0.570854 -0.088255
v -0.952572 -0.579119 -0.088420
v -0.951953 -0.586632 -0.088430
v -0.952426 -0.580530 -0.106126
v -0.951465 -0.587553 -0.106778
v -0.945405 -0.590129 -0.107116
v -0.952889 -0.572461 -0.105308
v -0.952980 -0.573048 -0.118382
v -0.951896 -0.564516 -0.116640
v -0.950488 -0.564109 -0.126394
v -0.951833 -0.573043 -0.128264
v -0.951721 -0.563956 -0.104378
v -0.948620 -0.554550 -0.102677
v -0.948395 -0.555354 -0.114167
v -0.950769 -0.562592 -0.088176
v -0.948386 -0.553259 -0.088070
v -0.947406 -0.542373 -0.087553
v -0.947572 -0.543251 -0.100753
v -0.947425 -0.552154 -0.062152
v -0.946615 -0.542146 -0.063142
v -0.946391 -0.527718 -0.064418
v -0.946945 -0.527686 -0.086634
v -0.945472 -0.542167 -0.020789
v -0.945455 -0.528407 -0.024894
v -0.945543 -0.507582 -0.030277
v -0.946178 -0.505497 -0.065738
v -0.945277 -0.528030 0.041985
v -0.945221 -0.507834 0.043228
v -0.944917 -0.462774 0.043206
v -0.945347 -0.458898 -0.038311
v -0.945148 -0.504208 0.119331
v -0.944956 -0.453266 0.130745
v -0.944232 -0.358801 0.136323
v -0.943878 -0.362205 0.046058
v -0.945196 -0.438755 0.159717
v -0.944610 -0.353564 0.162106
v -0.944266 -0.263437 0.162810
v -0.943796 -0.265085 0.137880
v -0.944912 -0.349025 0.177666
v -0.944640 -0.262329 0.178067
v -0.944548 -0.169179 0.177991
v -0.944122 -0.169822 0.162668
v -0.944896 -0.260323 0.189085
v -0.944851 -0.168668 0.189120
v -0.944702 -0.074812 0.189313
v -0.944423 -0.074838 0.178313
v -0.945064 -0.168329 0.198222
v -0.944883 -0.074809 0.198448
v -0.944878 0.019509 0.198014
v -0.944615 0.019680 0.188785
v -0.944979 -0.074802 0.207587
v -0.945117 0.019327 0.207240
v -0.944671 0.112451 0.207391
v -0.944609 0.112944 0.198234
v -0.945243 0.019186 0.216494
v -0.944264 0.112010 0.216496
v -0.943591 0.201201 0.216335
v -0.944043 0.202342 0.207276
v -0.942728 0.111587 0.225648
v -0.942073 0.200325 0.225806
v -0.944109 0.283640 0.226332
v -0.944046 0.285017 0.217355
v -0.937452 0.199911 0.228153
v -0.940416 0.282934 0.228025
v -0.937020 0.358443 0.227734
v -0.944014 0.359165 0.228154
v -0.936689 0.283183 0.218856
v -0.935899 0.358646 0.219310
v -0.935334 0.415585 0.218907
v -0.937889 0.415813 0.227437
v -0.935492 0.359500 0.209415
v -0.934657 0.416043 0.209269
v -0.933728 0.450685 0.210069
v -0.934323 0.450937 0.219225
v -0.934407 0.417037 0.199432
v -0.933517 0.450316 0.200543
v -0.932715 0.469783 0.202212
v -0.932846 0.469862 0.211380
v -0.933409 0.450241 0.190412
v -0.932666 0.469456 0.191692
v -0.932654 0.468716 0.177944
v -0.932058 0.480802 0.156691
v -0.930143 0.492690 0.116974
v -0.932121 0.483386 0.220820
v -0.933258 0.470056 0.219888
v -0.933634 0.483098 0.227817
v -0.934966 0.470359 0.227820
v -0.936703 0.451308 0.227644
v -0.937558 0.470725 0.227475
v -0.939605 0.451714 0.227345
v -0.940390 0.416249 0.227209
v -0.940961 0.452031 0.218413
v -0.941672 0.417344 0.217981
v -0.943632 0.360699 0.218491
v -0.942182 0.418862 0.208297
v -0.943386 0.362901 0.208617
v -0.943933 0.286862 0.207911
v -0.943202 0.365916 0.198632
v -0.943791 0.289232 0.198336
v -0.944059 0.203634 0.198115
v -0.943641 0.292169 0.188707
v -0.943953 0.205205 0.188936
v -0.944418 0.113567 0.189051
v -0.943789 0.207481 0.178249
v -0.944160 0.114592 0.178766
v -0.944305 0.019252 0.177948
v -0.943787 0.114797 0.162841
v -0.943906 0.020001 0.162728
v -0.944020 -0.074219 0.163153
v -0.943452 0.021313 0.139654
v -0.943526 -0.069321 0.139857
v -0.943607 -0.170631 0.138647
v -0.943228 -0.074361 0.056014
v -0.943322 -0.171266 0.052659
v -0.943443 -0.266391 0.049193
v -0.943891 -0.171774 -0.040701
v -0.943965 -0.266908 -0.041962
v -0.944388 -0.363086 -0.041809
v -0.943929 -0.266575 -0.071157
v -0.944398 -0.362010 -0.070197
v -0.945458 -0.453652 -0.067920
v -0.944324 -0.360992 -0.088622
v -0.945385 -0.445125 -0.085996
v -0.946490 -0.500498 -0.085539
v -0.945331 -0.441640 -0.097021
v -0.946601 -0.498078 -0.096816
v -0.947120 -0.527419 -0.098644
v -0.946655 -0.496485 -0.107292
v -0.947174 -0.527247 -0.109298
v -0.947493 -0.543558 -0.111679
v -0.946890 -0.527303 -0.119876
v -0.946630 -0.543806 -0.121967
v -0.947160 -0.555635 -0.123683
v -0.942711 -0.544410 -0.128923
v -0.942545 -0.556495 -0.128916
v -0.943812 -0.565232 -0.131300
v -0.934326 -0.557829 -0.129958
v -0.934555 -0.566933 -0.131268
v -0.934713 -0.574798 -0.131587
v -0.944220 -0.573590 -0.131544
v -0.934756 -0.582257 -0.131205
v -0.926107 -0.575781 -0.132241
v -0.926171 -0.582614 -0.131664
v -0.926301 -0.588515 -0.129700
v -0.934920 -0.588778 -0.128962
v -0.917571 -0.582254 -0.132600
v -0.917583 -0.576758 -0.133009
v -0.917205 -0.569050 -0.132342
v -0.925937 -0.567959 -0.131713
v -0.925818 -0.558969 -0.130795
v -0.916915 -0.560075 -0.131340
v -0.916834 -0.548047 -0.129662
v -0.906516 -0.549455 -0.129935
v -0.906121 -0.561409 -0.131675
v -0.925914 -0.546769 -0.129325
v -0.926604 -0.529279 -0.129182
v -0.917300 -0.530409 -0.129288
v -0.934685 -0.545491 -0.129139
v -0.935851 -0.528348 -0.128997
v -0.938069 -0.496282 -0.128801
v -0.928154 -0.497648 -0.129378
v -0.943815 -0.527812 -0.128371
v -0.946654 -0.495717 -0.125766
v -0.944613 -0.437844 -0.126085
v -0.938923 -0.438539 -0.130869
v -0.946636 -0.495683 -0.117411
v -0.945107 -0.438069 -0.116828
v -0.943768 -0.358905 -0.117935
v -0.942957 -0.359044 -0.127242
v -0.945254 -0.439359 -0.107105
v -0.944069 -0.359275 -0.108521
v -0.943609 -0.266417 -0.109178
v -0.943368 -0.266785 -0.118502
v -0.944228 -0.359911 -0.098780
v -0.943754 -0.266203 -0.099555
v -0.943711 -0.172867 -0.098544
v -0.943584 -0.173357 -0.107889
v -0.943846 -0.266267 -0.089723
v -0.943782 -0.172408 -0.089172
v -0.943780 -0.074876 -0.088603
v -0.943701 -0.074141 -0.098179
v -0.943863 -0.171996 -0.070236
v -0.943855 -0.075384 -0.069160
v -0.943833 0.020721 -0.069321
v -0.943755 0.020269 -0.089079
v -0.943875 -0.074506 -0.039372
v -0.943841 0.020944 -0.038450
v -0.943828 0.117228 -0.037886
v -0.943811 0.117555 -0.069596
v -0.943177 0.021025 0.058933
v -0.943099 0.116944 0.061572
v -0.943056 0.214188 0.062910
v -0.943824 0.215304 -0.036407
v -0.943369 0.113997 0.139876
v -0.943244 0.209426 0.139300
v -0.943043 0.308564 0.138855
v -0.943014 0.313943 0.063655
v -0.943549 0.209023 0.162786
v -0.943262 0.301041 0.162272
v -0.942770 0.382032 0.160231
v -0.942601 0.394395 0.136436
v -0.943474 0.295812 0.177760
v -0.942919 0.374494 0.176533
v -0.942104 0.427649 0.175323
v -0.941984 0.431444 0.157525
v -0.943054 0.369731 0.188480
v -0.942233 0.423504 0.188045
v -0.941383 0.452987 0.188856
v -0.941388 0.453328 0.175663
v -0.942282 0.420890 0.198409
v -0.941366 0.452680 0.199171
v -0.940710 0.470773 0.200667
v -0.940797 0.470437 0.190258
v -0.941276 0.452347 0.208986
v -0.940487 0.470850 0.210357
v -0.940046 0.483256 0.211783
v -0.940338 0.482806 0.202067
v -0.939738 0.470856 0.219283
v -0.938866 0.483294 0.220121
v -0.938577 0.494171 0.221528
v -0.939848 0.494419 0.213184
v -0.936792 0.483330 0.227784
v -0.935270 0.493301 0.228540
v -0.930641 0.493368 0.229676
v -0.939901 0.505069 0.214261
v -0.940417 0.494057 0.203326
v -0.940470 0.482215 0.191386
v -0.940877 0.469353 0.176442
v -0.941413 0.453914 0.155945
v -0.941962 0.435323 0.127612
v -0.942705 0.406459 0.063269
v -0.943803 0.314481 -0.033048
v -0.943808 0.215243 -0.068427
v -0.943735 0.116592 -0.089323
v -0.943665 0.020908 -0.098970
v -0.943559 -0.073655 -0.107623
v -0.943354 -0.173840 -0.117176
v -0.943006 -0.267141 -0.127696
v -0.938272 -0.359603 -0.132366
v -0.929365 -0.439942 -0.130859
v -0.918600 -0.499812 -0.129519
v -0.907346 -0.531646 -0.129425
v -0.890602 -0.551276 -0.130163
v -0.863439 -0.563884 -0.132561
v -0.889113 -0.562714 -0.132186
v -0.658519 0.102539 -0.130410
v -0.724186 -0.592157 -0.167578
v -0.732615 -0.591222 -0.165777
v -0.732253 -0.591260 -0.175695
v -0.714066 -0.591242 -0.170286
v -0.714603 -0.591470 -0.160049
v -0.724206 -0.592065 -0.158246
v -0.715551 -0.583891 -0.171316
v -0.714191 -0.582541 -0.163683
v -0.728841 -0.583695 -0.172205
v -0.729124 -0.583083 -0.164406
v -0.732225 -0.591191 -0.157227
v -0.723945 -0.591870 -0.148883
v -0.723782 -0.591254 -0.137941
v -0.725260 -0.591079 -0.126084
v -0.895330 -0.582609 -0.166172
v -0.887069 -0.582327 -0.161615
v -0.886365 -0.582290 -0.172548
v -0.899941 -0.586242 -0.170468
v -0.901093 -0.586663 -0.159563
v -0.896759 -0.583110 -0.155761
v -0.896800 -0.590801 -0.173808
v -0.896466 -0.590509 -0.162847
v -0.897042 -0.590192 -0.152602
v -0.901782 -0.586806 -0.150020
v -0.888233 -0.591219 -0.177222
v -0.887003 -0.591241 -0.166737
v -0.886654 -0.591356 -0.156345
v -0.876484 -0.591326 -0.161671
v -0.879537 -0.582506 -0.167484
v -0.888287 -0.582228 -0.151758
v -0.715051 -0.587173 0.160123
v -0.717397 -0.586864 0.194393
v 0.933518 -0.555611 0.222634
v 0.926612 -0.566888 0.222766
v 0.915736 -0.581328 0.200788
v 0.920182 -0.571836 0.183160
v 0.904884 -0.579063 0.194864
v 0.908746 -0.584443 0.186347
v 0.888358 -0.579856 0.202676
v 0.936362 -0.430534 0.212616
v 0.938702 -0.416190 0.215386
v 0.915736 -0.584998 0.103906
v 0.918950 -0.584118 0.048721
v 0.940066 -0.313868 0.224309
v 0.912360 -0.586287 0.043457
v 0.942597 -0.307388 0.214374
v 0.912120 -0.588054 0.000898
v 0.909176 -0.588000 -0.007346
v 0.915084 -0.583400 -0.014488
v 0.927115 -0.564745 -0.111369
v 0.935534 -0.558267 -0.112981
v 0.926197 -0.587748 -0.108249
v 0.913599 -0.576380 -0.106882
v 0.921984 -0.553817 -0.118797
v 0.915210 -0.587429 -0.107882
v 0.915498 -0.564800 -0.128847
v 0.950750 -0.584762 -0.131219
v 0.917373 -0.580383 -0.131111
v 0.886049 -0.576622 -0.105614
v 0.882551 -0.585845 -0.108339
v 0.877443 -0.554764 -0.118197
v 0.912760 -0.581224 -0.139546
v 0.883807 -0.586661 -0.132432
v 0.887102 -0.579671 -0.139221
v 0.884375 -0.586625 -0.165898
v 0.903002 -0.586228 -0.189949
v 0.900932 -0.580260 -0.190636
v 0.900018 -0.584939 -0.201632
v 0.889168 -0.586794 -0.193531
v 0.949068 -0.351276 -0.123594
v 0.948232 -0.338721 -0.124012
v 0.942976 -0.338963 -0.127914
v 0.948150 -0.333837 -0.135899
v 0.726088 -0.588908 -0.114689
v 0.709559 -0.581976 -0.104334
v 0.727951 -0.586414 -0.094381
v 0.942302 0.046670 0.216916
v 0.703977 -0.589173 -0.113262
v 0.937662 0.081518 0.205396
v 0.732359 -0.578532 -0.135694
v 0.731047 -0.585051 -0.176771
v 0.609175 -0.587788 -0.107126
v 0.950889 0.000090 -0.119286
v 0.729203 -0.582735 0.211807
v 0.940187 0.500415 0.217845
v 0.942945 0.515394 0.225961
v 0.605278 -0.014531 -0.123828
v 0.611904 -0.002072 -0.123260
v 0.949382 0.429728 -0.108386
v 0.940400 0.430443 -0.126652
v 0.938831 0.497163 -0.117542
v 0.929972 0.501055 -0.117782
v 0.934475 0.515855 -0.119125
v 0.919870 0.496916 -0.131298
v 0.950505 0.514335 -0.137458
v 0.878550 0.494008 -0.127795
v 0.602922 0.508816 -0.120016
v 0.599502 0.515230 -0.127275
v 0.598005 0.502384 -0.133269
v 0.910246 -0.586143 0.114830
v 0.940136 -0.564763 0.225708
v 0.945520 -0.565563 0.214252
v 0.944173 -0.556506 0.215206
v 0.943886 -0.547510 0.218261
v 0.935986 -0.546360 0.219740
v 0.930842 -0.558123 0.199461
v 0.922574 -0.564212 0.197622
v 0.926815 -0.559814 0.214210
v 0.935282 -0.548915 0.200723
v 0.932489 -0.564599 0.225075
v 0.923379 -0.567369 0.211423
v 0.924253 -0.576366 0.210502
v 0.929809 -0.574160 0.219987
v 0.936729 -0.573520 0.224377
v 0.938040 -0.579646 0.222854
v 0.934417 -0.581847 0.218072
v 0.938635 -0.586500 0.216308
v 0.943500 -0.581572 0.219830
v 0.919219 -0.572273 0.198564
v 0.913793 -0.576999 0.190363
v 0.917867 -0.583613 0.191406
v 0.924467 -0.588571 0.191893
v 0.926703 -0.585970 0.200411
v 0.929847 -0.584083 0.209851
v 0.900243 -0.580187 0.201048
v 0.906436 -0.584372 0.201538
v 0.907424 -0.584635 0.194830
v 0.927272 -0.560041 0.182396
v 0.924675 -0.562654 0.165528
v 0.921664 -0.573473 0.165985
v 0.917958 -0.583138 0.182530
v 0.915577 -0.582378 0.168109
v 0.889916 -0.583858 0.194197
v 0.899983 -0.579556 0.186235
v 0.890899 -0.583889 0.187803
v 0.896995 -0.586725 0.196096
v 0.897817 -0.587436 0.188237
v 0.898543 -0.588065 0.179876
v 0.908556 -0.589179 0.178810
v 0.917528 -0.584132 0.176751
v 0.906911 -0.580383 0.177652
v 0.897409 -0.580015 0.178322
v 0.896733 -0.586083 0.201717
v 0.936140 -0.487601 0.220764
v 0.943153 -0.479079 0.223486
v 0.942498 -0.422372 0.224471
v 0.936510 -0.432244 0.201568
v 0.936397 -0.471657 0.193897
v 0.936271 -0.455144 0.209428
v 0.944116 -0.477570 0.209696
v 0.944520 -0.472204 0.196847
v 0.943885 -0.398866 0.206537
v 0.937295 -0.370075 0.195752
v 0.936695 -0.438027 0.181552
v 0.923064 -0.576642 0.142067
v 0.925255 -0.565667 0.142534
v 0.925341 -0.569874 0.102317
v 0.924850 -0.586116 0.111883
v 0.922094 -0.583552 0.144983
v 0.927567 -0.570662 0.039573
v 0.908866 -0.580123 0.067902
v 0.910393 -0.581554 0.102974
v 0.910821 -0.587410 0.098174
v 0.911892 -0.587094 0.070139
v 0.919042 -0.583688 0.072231
v 0.927540 -0.584904 0.073801
v 0.908278 -0.580581 0.043448
v 0.929488 -0.585721 0.031344
v 0.937669 -0.300149 0.196529
v 0.902933 -0.588344 0.064452
v 0.902503 -0.588377 0.038409
v 0.909406 -0.586739 0.018040
v 0.909568 -0.581848 0.021554
v 0.900771 -0.588547 0.015159
v 0.945611 -0.313220 0.187502
v 0.945854 -0.218383 0.198850
v 0.941754 -0.220201 0.224451
v 0.938051 -0.196173 0.200948
v 0.909598 -0.580594 -0.012021
v 0.900209 -0.580246 0.004594
v 0.899612 -0.579548 0.025897
v 0.900282 -0.579879 -0.011403
v 0.899609 -0.588511 -0.008569
v 0.899319 -0.588057 -0.030448
v 0.907640 -0.587945 -0.030321
v 0.912054 -0.584180 -0.030500
v 0.908009 -0.580374 -0.030773
v 0.929999 -0.564551 -0.098212
v 0.936346 -0.558381 -0.099094
v 0.925216 -0.574929 -0.107845
v 0.928431 -0.572994 -0.098266
v 0.936862 -0.549863 -0.112974
v 0.914347 -0.565806 -0.111132
v 0.913251 -0.560706 -0.120040
v 0.937499 -0.548745 -0.099525
v 0.929581 -0.587649 -0.097958
v 0.928089 -0.581098 -0.098169
v 0.925377 -0.581423 -0.107510
v 0.916265 -0.582360 -0.107070
v 0.936013 -0.588602 -0.109308
v 0.937397 -0.588654 -0.098443
v 0.923070 -0.587021 -0.119852
v 0.933482 -0.587912 -0.120454
v 0.913887 -0.586651 -0.121420
v 0.904169 -0.565855 -0.109637
v 0.901770 -0.573830 -0.105432
v 0.901364 -0.577993 -0.096481
v 0.909978 -0.580051 -0.096262
v 0.913897 -0.584162 -0.096360
v 0.936879 -0.538410 -0.112078
v 0.926234 -0.539699 -0.119822
v 0.921294 -0.542678 -0.125307
v 0.919929 -0.554388 -0.126646
v 0.911788 -0.587782 -0.096773
v 0.902094 -0.588668 -0.097420
v 0.903347 -0.588558 -0.108942
v 0.903780 -0.588286 -0.120820
v 0.928804 -0.559127 -0.130297
v 0.928530 -0.570237 -0.131656
v 0.903536 -0.574940 -0.136466
v 0.904265 -0.566314 -0.130549
v 0.930367 -0.582966 -0.129656
v 0.904782 -0.562122 -0.120473
v 0.951113 -0.584261 -0.122044
v 0.943440 -0.588233 -0.121371
v 0.941050 -0.584518 -0.130767
v 0.939824 -0.573395 -0.132420
v 0.948852 -0.574163 -0.132300
v 0.951370 -0.573676 -0.123124
v 0.901990 -0.578399 -0.141382
v 0.891316 -0.566968 -0.108619
v 0.872936 -0.573034 -0.108576
v 0.868131 -0.581604 -0.108751
v 0.890578 -0.579212 -0.096454
v 0.884651 -0.584013 -0.097106
v 0.866579 -0.587698 -0.110623
v 0.892903 -0.588374 -0.109069
v 0.892633 -0.587781 -0.097510
v 0.882134 -0.588393 -0.119022
v 0.893348 -0.588712 -0.120260
v 0.866018 -0.588817 -0.117214
v 0.824625 -0.557759 -0.130335
v 0.885520 -0.558819 -0.120621
v 0.875376 -0.572836 -0.132314
v 0.842873 -0.580779 -0.132474
v 0.837299 -0.569054 -0.108566
v 0.903794 -0.587467 -0.134900
v 0.904275 -0.587139 -0.147184
v 0.913247 -0.582575 -0.148290
v 0.901735 -0.580040 -0.148579
v 0.894089 -0.588421 -0.133327
v 0.886763 -0.586909 -0.146852
v 0.894581 -0.588094 -0.146504
v 0.866420 -0.588643 -0.124674
v 0.868391 -0.587017 -0.131050
v 0.890211 -0.580660 -0.148604
v 0.871389 -0.581696 -0.131755
v 0.889501 -0.576193 -0.135644
v 0.885531 -0.585556 -0.156180
v 0.890449 -0.581432 -0.156604
v 0.883849 -0.578805 -0.164320
v 0.894693 -0.588379 -0.168471
v 0.894243 -0.588133 -0.156973
v 0.885224 -0.578426 -0.182265
v 0.887106 -0.586946 -0.182021
v 0.895134 -0.588050 -0.181378
v 0.909598 -0.583609 -0.194859
v 0.912913 -0.582279 -0.181737
v 0.903659 -0.587138 -0.181154
v 0.896418 -0.586738 -0.192619
v 0.890370 -0.580306 -0.195436
v 0.900216 -0.579394 -0.180985
v 0.949339 -0.344697 -0.105339
v 0.948039 -0.398013 -0.082392
v 0.948536 -0.382639 -0.106385
v 0.944613 -0.340666 -0.126672
v 0.951515 -0.213994 -0.134683
v 0.948804 -0.215268 -0.041194
v 0.948420 -0.323319 -0.044539
v 0.947602 -0.433163 -0.103692
v 0.947669 -0.417209 -0.116739
v 0.938804 -0.318323 -0.127250
v 0.943046 -0.212073 -0.132666
v 0.940219 -0.018569 0.224308
v 0.945158 -0.006354 0.201491
v 0.937648 0.015948 0.193476
v 0.937409 -0.057674 0.199680
v 0.735748 -0.585521 -0.108703
v 0.724799 -0.587883 -0.096137
v 0.775291 -0.587929 -0.130320
v 0.772576 -0.589025 -0.122193
v 0.715862 -0.588836 -0.094045
v 0.716320 -0.589012 -0.107513
v 0.713458 -0.587955 -0.129936
v 0.722092 -0.586352 -0.139548
v 0.766294 -0.587878 -0.110356
v 0.762015 -0.583365 -0.108682
v 0.705488 -0.579073 -0.107746
v 0.706043 -0.584270 -0.108131
v 0.716451 -0.579939 -0.099551
v 0.730630 -0.583820 -0.106752
v 0.724520 -0.581472 -0.082645
v 0.724783 -0.587210 -0.083272
v 0.713246 -0.577223 -0.136216
v 0.709349 -0.587155 -0.101038
v 0.668029 -0.587992 -0.110134
v 0.675143 -0.588682 -0.113674
v 0.700085 -0.588278 -0.126079
v 0.706631 -0.584547 -0.139666
v 0.709593 -0.581279 -0.153827
v 0.711281 -0.588051 -0.151665
v 0.683221 -0.589210 -0.120921
v 0.739577 -0.580587 -0.133007
v 0.751018 -0.574789 -0.132579
v 0.789476 -0.575530 -0.133022
v 0.778747 -0.584510 -0.131749
v 0.721870 -0.584701 -0.177782
v 0.719518 -0.578638 -0.178665
v 0.727250 -0.582532 -0.173342
v 0.721873 -0.585277 -0.174002
v 0.717282 -0.578925 -0.175114
v 0.715381 -0.584645 -0.178710
v 0.607426 -0.584000 -0.119308
v 0.951265 0.027199 -0.134143
v 0.726809 -0.584887 0.198207
v 0.715591 -0.580950 0.197904
v 0.718406 -0.581547 0.207693
v 0.720634 -0.586955 0.208046
v 0.721948 -0.588047 0.198064
v 0.714372 -0.587134 0.206953
v 0.947323 0.501938 0.207088
v 0.946412 0.512111 0.206280
v 0.945301 0.513033 0.217826
v 0.935009 0.507127 0.216913
v 0.935510 0.498550 0.206446
v 0.938543 0.491124 0.207353
v 0.941296 0.491738 0.218203
v 0.932449 0.505684 0.206027
v 0.947161 0.493499 0.209232
v 0.938691 0.516950 0.216293
v 0.937437 0.515948 0.224402
v 0.930778 0.512773 0.216149
v 0.933325 0.517465 0.213498
v 0.609114 -0.018801 -0.121531
v 0.611053 -0.021347 -0.120165
v 0.608499 -0.008502 -0.122251
v 0.609436 -0.011180 -0.124256
v 0.606721 -0.018079 -0.123836
v 0.609023 -0.021380 -0.121748
v 0.611807 -0.004309 -0.123589
v 0.949379 0.407694 -0.106928
v 0.947992 0.401954 -0.126066
v 0.948102 0.418583 -0.125673
v 0.948656 0.428656 -0.124674
v 0.949063 0.441219 -0.115140
v 0.949224 0.450018 -0.093756
v 0.942457 0.423711 -0.128936
v 0.941290 0.399875 -0.129059
v 0.936507 0.398605 -0.127346
v 0.927886 0.400132 -0.127048
v 0.931174 0.433070 -0.126986
v 0.936742 0.455502 -0.127121
v 0.947664 0.454523 -0.124768
v 0.949263 0.459150 -0.109661
v 0.939906 0.487363 -0.117250
v 0.940002 0.487727 -0.106856
v 0.937028 0.497381 -0.106064
v 0.933440 0.506367 -0.105756
v 0.929523 0.486819 -0.120536
v 0.935588 0.515785 -0.106696
v 0.918925 0.513688 -0.122172
v 0.917756 0.504916 -0.120549
v 0.946110 0.515963 -0.108574
v 0.947105 0.515805 -0.123381
v 0.923137 0.516090 -0.132774
v 0.939732 0.510416 -0.137852
v 0.921616 0.491464 -0.128542
v 0.920937 0.483226 -0.125717
v 0.922088 0.502225 -0.140456
v 0.937112 0.502197 -0.140347
v 0.934977 0.496812 -0.132018
v 0.933541 0.490371 -0.129540
v 0.907710 0.500447 -0.130554
v 0.908507 0.502233 -0.140209
v 0.907168 0.503796 -0.121677
v 0.922782 0.511564 -0.139444
v 0.876240 0.499813 -0.121930
v 0.866648 0.482909 -0.119714
v 0.868576 0.443890 -0.120555
v 0.862146 0.440422 -0.126894
v 0.862295 0.479858 -0.127443
v 0.877539 0.497872 -0.131091
v 0.887405 0.500781 -0.132117
v 0.885949 0.502926 -0.123688
v 0.603646 0.492128 -0.118538
v 0.622374 0.484112 -0.117428
v 0.620550 0.505776 -0.117539
v 0.617551 0.517342 -0.124927
v 0.599534 0.505972 -0.126116
v 0.612139 0.512272 -0.134658
v 0.601247 0.495201 -0.121316
v 0.635312 0.501927 -0.134144
v 0.632192 0.480431 -0.125824
v 0.602196 0.442039 -0.119402
v 0.623160 0.444671 -0.117811
v 0.628792 0.442085 -0.125572
v 0.908404 -0.584857 0.129734
v 0.903737 -0.588239 0.127912
v 0.902982 -0.588345 0.113732
v 0.901157 -0.579957 0.105148
v 0.901032 -0.580508 0.119430
v 0.901594 -0.580924 0.131323
v 0.902656 -0.588555 0.092956
v 0.894844 -0.588581 0.111065
v 0.894427 -0.588493 0.088358
v 0.893796 -0.588348 0.059382
v 0.885461 -0.587081 0.084733
v 0.884145 -0.586943 0.054487
v 0.884784 -0.586830 0.032153
v 0.893085 -0.588150 0.034679
v 0.884296 -0.585286 0.010129
v 0.892206 -0.587588 0.012441
v 0.884468 -0.583284 -0.010339
v 0.891688 -0.586781 -0.009659
v 0.884488 -0.582469 -0.031001
v 0.891554 -0.586301 -0.030857
v 0.883996 -0.582260 -0.053547
v 0.891420 -0.586538 -0.053382
v 0.899345 -0.588674 -0.053111
v 0.891663 -0.586734 -0.070855
v 0.899957 -0.588607 -0.070869
v 0.908796 -0.588343 -0.070590
v 0.907489 -0.589525 -0.053096
v 0.913345 -0.585278 -0.070753
v 0.913327 -0.585909 -0.052922
v 0.907937 -0.581261 -0.070865
v 0.909082 -0.579906 -0.053232
v 0.900078 -0.579487 -0.070786
v 0.900299 -0.579112 -0.053540
v 0.900205 -0.579202 -0.030881
v 0.892063 -0.580367 -0.053585
v 0.892184 -0.580487 -0.030976
v 0.891953 -0.580734 -0.010894
v 0.890519 -0.581381 0.007869
v 0.890011 -0.581125 0.029647
v 0.889889 -0.581865 0.051281
v 0.899976 -0.579597 0.047065
v 0.890402 -0.581245 0.080234
v 0.900694 -0.579623 0.075372
v 0.890326 -0.580835 0.107761
v 0.886826 -0.588105 0.108817
v 0.886483 -0.587175 0.123549
v 0.891441 -0.580250 0.121539
v 0.886110 -0.586678 0.135029
v 0.891616 -0.581663 0.132974
v 0.885722 -0.584685 0.144537
v 0.892592 -0.582287 0.143017
v 0.902458 -0.581676 0.141493
v 0.893161 -0.582280 0.152743
v 0.903942 -0.581107 0.151525
v 0.910611 -0.583257 0.150384
v 0.908165 -0.584579 0.140118
v 0.905804 -0.589406 0.149351
v 0.904796 -0.589359 0.139182
v 0.896038 -0.588240 0.147036
v 0.895538 -0.588332 0.137221
v 0.895061 -0.588368 0.125759
v 0.897127 -0.587936 0.156777
v 0.888299 -0.584857 0.154060
v 0.908111 -0.589724 0.160220
v 0.908245 -0.589559 0.165842
v 0.898186 -0.587807 0.164769
v 0.912787 -0.581095 0.159660
v 0.903819 -0.580841 0.160686
v 0.893893 -0.581682 0.161899
v 0.895345 -0.580738 0.170248
v 0.904744 -0.580921 0.169223
v 0.892107 -0.584954 0.171735
v 0.890997 -0.584235 0.179647
v 0.890395 -0.584876 0.163176
v 0.898932 -0.587915 0.172450
v 0.908402 -0.589367 0.172391
v 0.891918 -0.580114 -0.070781
v 0.883828 -0.582287 -0.070730
v 0.891865 -0.580126 -0.084737
v 0.884268 -0.583281 -0.084810
v 0.892551 -0.587093 -0.084631
v 0.901076 -0.588356 -0.084681
v 0.910173 -0.588172 -0.084400
v 0.913458 -0.585330 -0.084115
v 0.908300 -0.580488 -0.084245
v 0.900497 -0.578971 -0.084545
v 0.667753 0.474828 -0.125853
v 0.660892 0.443578 -0.125657
v 0.654003 0.389152 -0.125631
v 0.626200 0.390635 -0.125453
v 0.603476 0.392994 -0.120931
v 0.621745 0.333748 -0.125404
v 0.603415 0.338350 -0.121554
v 0.620186 0.340263 -0.117580
v 0.622604 0.395263 -0.117585
v 0.640174 0.340094 -0.117496
v 0.644414 0.399269 -0.117483
v 0.646203 0.445282 -0.117512
v 0.645460 0.476390 -0.117426
v 0.670508 0.404195 -0.117530
v 0.677176 0.449011 -0.117559
v 0.680158 0.473547 -0.117581
v 0.680594 0.494125 -0.117719
v 0.644395 0.499950 -0.117265
v 0.741032 0.450737 -0.117935
v 0.743908 0.472342 -0.117951
v 0.743428 0.492537 -0.118115
v 0.741186 0.510082 -0.119162
v 0.679543 0.511321 -0.118880
v 0.831125 0.475842 -0.119120
v 0.825635 0.497762 -0.119369
v 0.819726 0.513096 -0.120386
v 0.816957 0.517356 -0.134086
v 0.737245 0.516887 -0.131306
v 0.858995 0.504084 -0.120246
v 0.855094 0.516815 -0.125427
v 0.854925 0.516082 -0.136720
v 0.857275 0.501909 -0.138515
v 0.818133 0.501539 -0.137118
v 0.871996 0.517144 -0.128131
v 0.872100 0.513716 -0.138312
v 0.874089 0.502494 -0.139654
v 0.885022 0.513039 -0.138954
v 0.886193 0.502324 -0.139792
v 0.896886 0.512733 -0.138847
v 0.897092 0.502240 -0.139998
v 0.897251 0.501344 -0.131503
v 0.896753 0.504797 -0.122845
v 0.896322 0.513344 -0.122305
v 0.885157 0.512626 -0.122916
v 0.907813 0.513504 -0.122289
v 0.908522 0.516954 -0.131482
v 0.896557 0.516982 -0.130920
v 0.884645 0.517259 -0.129916
v 0.908829 0.512376 -0.139198
v 0.873617 0.510149 -0.121455
v 0.822422 0.475251 -0.127219
v 0.727926 0.473503 -0.126013
v 0.733143 0.500820 -0.135605
v 0.672872 0.501289 -0.134349
v 0.677150 0.516860 -0.130879
v 0.639566 0.515975 -0.132520
v 0.642378 0.517073 -0.121807
v 0.819030 0.442290 -0.127123
v 0.718569 0.442894 -0.125829
v 0.790761 0.389144 -0.126879
v 0.699470 0.389535 -0.125741
v 0.712342 0.230385 -0.125751
v 0.665575 0.296276 -0.125662
v 0.642208 0.324126 -0.125590
v 0.635532 0.154593 -0.125576
v 0.629353 0.272396 -0.125499
v 0.615396 0.294216 -0.125294
v 0.613533 0.257496 -0.125309
v 0.608603 0.273953 -0.125110
v 0.603026 0.277293 -0.121455
v 0.603118 0.299157 -0.121467
v 0.609801 0.275932 -0.117767
v 0.615507 0.298677 -0.117659
v 0.621171 0.265148 -0.117613
v 0.631774 0.292544 -0.117534
v 0.629925 0.207026 -0.117568
v 0.646965 0.269439 -0.117516
v 0.663467 0.335346 -0.117519
v 0.665925 0.184502 -0.117542
v 0.711001 0.321946 -0.117644
v 0.732078 0.409975 -0.117889
v 0.794079 0.289496 -0.118657
v 0.829533 0.396956 -0.119060
v 0.834257 0.444185 -0.119139
v 0.869101 0.396383 -0.120161
v 0.882269 0.355417 -0.123292
v 0.847763 0.362868 -0.127125
v 0.779646 0.117493 -0.126603
v 0.882432 0.229019 -0.123795
v 0.601334 -0.157717 -0.122512
v 0.670767 -0.045296 -0.125643
v 0.601346 -0.108570 -0.122606
v 0.601357 -0.101653 -0.122607
v 0.602092 0.183222 -0.125173
v 0.604229 0.233638 -0.125216
v 0.606355 0.254363 -0.125203
v 0.602079 0.235565 -0.125179
v 0.602281 0.249371 -0.125159
v 0.602529 0.252888 -0.123416
v 0.604436 0.261693 -0.125031
v 0.603087 0.253496 -0.120723
v 0.603074 0.263393 -0.121036
v 0.603483 0.253012 -0.118882
v 0.605544 0.262536 -0.117841
v 0.604122 0.247597 -0.117866
v 0.611766 0.257399 -0.117731
v 0.603842 0.215190 -0.117842
v 0.616808 0.239112 -0.117673
v 0.646872 0.075405 -0.117529
v 0.604258 0.102365 -0.117756
v 0.634269 0.051891 -0.117535
v 0.646825 -0.056713 -0.117502
v 0.682946 0.025763 -0.117568
v 0.700343 -0.148744 -0.117547
v 0.787501 -0.405754 -0.118883
v 0.853245 -0.466783 -0.119277
v 0.837171 -0.399358 -0.119116
v 0.865690 -0.411698 -0.119847
v 0.883179 -0.383902 -0.124013
v 0.880691 -0.326560 -0.119476
v 0.880728 -0.319738 -0.119699
v 0.881248 -0.307894 -0.120397
v 0.881459 -0.303664 -0.121379
v 0.882623 -0.317297 -0.126335
v 0.882480 -0.306167 -0.125568
v 0.881673 -0.330414 -0.126577
v 0.881127 -0.336196 -0.126952
v 0.813272 -0.314254 -0.127037
v 0.882487 -0.107340 -0.123902
v 0.816689 -0.345131 -0.127083
v 0.831969 -0.427730 -0.127290
v 0.689769 -0.437393 -0.125747
v 0.601509 -0.504109 -0.121844
v 0.601431 -0.475032 -0.121754
v 0.812161 -0.494602 -0.119082
v 0.770874 -0.476023 -0.118852
v 0.762781 -0.524561 -0.126818
v 0.812799 -0.508151 -0.127244
v 0.825250 -0.489913 -0.127303
v 0.829238 -0.459594 -0.127339
v 0.672818 -0.536352 -0.125912
v 0.682273 -0.525382 -0.125843
v 0.695924 -0.504378 -0.125851
v 0.602096 -0.541672 -0.121152
v 0.602052 -0.533002 -0.121365
v 0.751778 -0.539590 -0.126792
v 0.756411 -0.533719 -0.126763
v 0.657597 -0.544934 -0.126152
v 0.642747 -0.552280 -0.127091
v 0.651041 -0.549067 -0.126648
v 0.603317 -0.559797 -0.119909
v 0.602333 -0.557068 -0.120102
v 0.602096 -0.552762 -0.120441
v 0.602111 -0.545400 -0.121019
v 0.673480 -0.555890 -0.116626
v 0.680938 -0.551564 -0.116934
v 0.776565 -0.546522 -0.118404
v 0.781130 -0.549386 -0.128018
v 0.750950 -0.543182 -0.126890
v 0.749605 -0.558332 -0.130723
v 0.678724 -0.567794 -0.132066
v 0.642751 -0.557331 -0.128152
v 0.639674 -0.554210 -0.127330
v 0.605304 -0.565310 -0.119520
v 0.604310 -0.562553 -0.119715
v 0.650121 -0.561589 -0.109969
v 0.664050 -0.558848 -0.114102
v 0.667914 -0.557715 -0.115671
v 0.803554 -0.558622 -0.115339
v 0.838340 -0.555594 -0.117413
v 0.815849 -0.552717 -0.117689
v 0.801159 -0.551114 -0.117828
v 0.840292 -0.555439 -0.117434
v 0.765409 -0.569451 -0.133155
v 0.768671 -0.568476 -0.133297
v 0.785593 -0.564446 -0.133769
v 0.789901 -0.557851 -0.130334
v 0.701411 -0.567013 -0.132573
v 0.663770 -0.572667 -0.131425
v 0.693688 -0.568147 -0.132278
v 0.704595 -0.572284 -0.132737
v 0.703752 -0.575988 -0.132593
v 0.704768 -0.578693 -0.132773
v 0.670559 -0.580334 -0.130706
v 0.676087 -0.582605 -0.107551
v 0.624357 -0.584720 -0.129772
v 0.663303 -0.587629 -0.108227
v 0.705664 -0.576211 -0.107654
v 0.700048 -0.573482 -0.108053
v 0.759598 -0.578762 -0.108347
v 0.756385 -0.574629 -0.108292
v 0.749017 -0.570268 -0.108572
v 0.677153 -0.571745 -0.107872
v 0.833675 -0.582863 -0.108849
v 0.835011 -0.577441 -0.108240
v 0.833455 -0.587945 -0.110588
v 0.834107 -0.588635 -0.115200
v 0.835143 -0.589433 -0.120977
v 0.770364 -0.588735 -0.116926
v 0.837180 -0.588681 -0.126739
v 0.839408 -0.586139 -0.131811
v 0.721565 -0.561296 -0.112611
v 0.685469 -0.581553 -0.130891
v 0.669257 -0.588255 -0.126913
v 0.721108 -0.579320 -0.147740
v 0.720510 -0.585982 -0.153656
v 0.721606 -0.579558 -0.154788
v 0.720540 -0.585846 -0.159049
v 0.722282 -0.580269 -0.159559
v 0.711661 -0.580071 -0.160843
v 0.723232 -0.580946 -0.164302
v 0.713562 -0.579537 -0.165788
v 0.712177 -0.585906 -0.165408
v 0.711235 -0.587539 -0.159921
v 0.721060 -0.585351 -0.164452
v 0.712149 -0.584222 -0.170735
v 0.721407 -0.585800 -0.169332
v 0.725254 -0.581667 -0.168982
v 0.715599 -0.579200 -0.170366
v 0.712344 -0.583988 -0.175464
v 0.628645 -0.037049 -0.117504
v 0.624416 -0.082113 -0.117719
v 0.601362 -0.098866 -0.122600
v 0.615686 -0.084353 -0.118460
v 0.601389 -0.087090 -0.122593
v 0.606325 -0.063738 -0.123792
v 0.601394 -0.085475 -0.122604
v 0.601403 -0.082466 -0.122623
v 0.601412 -0.079458 -0.122643
v 0.608033 -0.082383 -0.119358
v 0.605479 -0.079481 -0.120352
v 0.608761 -0.080414 -0.118643
v 0.610679 -0.077953 -0.117433
v 0.610660 -0.079511 -0.117433
v 0.611727 -0.078546 -0.117449
v 0.610741 -0.072722 -0.117434
v 0.615855 -0.071211 -0.117463
v 0.611143 -0.041018 -0.117433
v 0.609476 -0.083547 -0.118722
v 0.608045 -0.079496 -0.118906
v 0.620374 -0.062176 -0.117472
v 0.628078 -0.019502 -0.117805
v 0.619987 -0.031871 -0.117640
v 0.617264 -0.005520 -0.119416
v 0.602135 0.018479 -0.123283
v 0.617806 0.016143 -0.118493
v 0.603653 0.030272 -0.117896
v 0.603552 0.245697 -0.118654
v 0.603297 0.245696 -0.119804
v 0.602996 0.245694 -0.121163
v 0.602631 0.245692 -0.122812
v 0.602108 0.245689 -0.125172
v 0.931621 0.482113 -0.128643
v 0.947795 0.498002 -0.126774
v 0.946707 0.490234 -0.128274
v 0.942187 0.481412 -0.129648
v 0.940830 0.470248 -0.128303
v 0.928263 0.469340 -0.128310
v 0.949351 0.491141 -0.115910
v 0.948813 0.481988 -0.119323
v 0.948654 0.470453 -0.121871
v 0.949314 0.483167 -0.102519
v 0.949286 0.472545 -0.105113
v 0.949213 0.485119 -0.081224
v 0.949138 0.475492 -0.083057
v 0.949148 0.464711 -0.086409
v 0.948930 0.478523 -0.049487
v 0.948885 0.469520 -0.051246
v 0.948886 0.457494 -0.056658
v 0.948171 0.472925 0.005436
v 0.948112 0.461539 0.003976
v 0.948065 0.446367 0.001089
v 0.948927 0.439947 -0.066086
v 0.947966 0.421285 -0.002668
v 0.948945 0.415513 -0.071557
v 0.947825 0.339386 -0.005780
v 0.949286 0.344632 -0.076371
v 0.950027 0.344559 -0.112068
v 0.950005 0.232811 -0.082417
v 0.950766 0.236532 -0.115996
v 0.950421 0.243417 -0.135231
v 0.947621 0.344940 -0.136970
v 0.941806 0.248956 -0.130360
v 0.943360 0.339340 -0.131659
v 0.935708 0.253827 -0.127131
v 0.937305 0.339546 -0.127500
v 0.928515 0.259034 -0.127905
v 0.928544 0.341561 -0.127752
v 0.922645 0.264068 -0.125984
v 0.921805 0.344949 -0.125370
v 0.921295 0.402497 -0.125030
v 0.922554 0.435717 -0.125091
v 0.923790 0.348331 -0.122927
v 0.924236 0.405269 -0.122456
v 0.923413 0.438932 -0.122055
v 0.922477 0.459098 -0.122348
v 0.925576 0.457306 -0.126470
v 0.934151 0.409148 -0.121027
v 0.933632 0.441062 -0.120809
v 0.932198 0.460525 -0.120574
v 0.940232 0.442894 -0.116453
v 0.940302 0.461499 -0.117044
v 0.940446 0.475511 -0.117578
v 0.930806 0.474605 -0.120546
v 0.921517 0.474247 -0.122665
v 0.940866 0.462732 -0.106537
v 0.940892 0.476260 -0.107163
v 0.940916 0.464382 -0.094524
v 0.940766 0.477196 -0.094552
v 0.939671 0.488035 -0.094216
v 0.940539 0.478096 -0.078897
v 0.939426 0.488216 -0.077970
v 0.936497 0.497519 -0.077447
v 0.936629 0.497574 -0.093820
v 0.933055 0.507066 -0.077522
v 0.933434 0.507325 -0.093919
v 0.934249 0.514720 -0.077762
v 0.935163 0.514621 -0.094339
v 0.943367 0.516088 -0.077994
v 0.944726 0.516085 -0.094982
v 0.950023 0.512422 -0.078482
v 0.950439 0.511249 -0.096162
v 0.950476 0.509705 -0.111068
v 0.950345 0.501853 -0.097887
v 0.950077 0.500152 -0.113358
v 0.949110 0.506579 -0.126123
v 0.949502 0.492699 -0.099962
v 0.950387 0.503552 -0.079169
v 0.949363 0.494346 -0.079943
v 0.949795 0.505660 -0.047815
v 0.949392 0.496568 -0.047927
v 0.949056 0.487608 -0.048417
v 0.948790 0.499281 0.003679
v 0.948469 0.490520 0.004477
v 0.948277 0.481772 0.005136
v 0.947979 0.490955 0.067440
v 0.947842 0.481929 0.070184
v 0.947743 0.472658 0.073415
v 0.947843 0.481065 0.124153
v 0.947734 0.471431 0.127246
v 0.947534 0.459182 0.131768
v 0.947637 0.460984 0.078473
v 0.947200 0.443619 0.137154
v 0.947494 0.447291 0.084257
v 0.946254 0.402433 0.146135
v 0.947016 0.418724 0.095657
v 0.945445 0.317059 0.152960
v 0.945725 0.328448 0.108209
v 0.945960 0.214051 0.157911
v 0.946102 0.222174 0.108958
v 0.948301 0.229209 -0.012623
v 0.946981 0.106157 0.101734
v 0.948513 0.119896 -0.027522
v 0.950357 0.124961 -0.098744
v 0.948528 0.002915 -0.038727
v 0.950571 0.141050 -0.134693
v 0.942512 0.044701 -0.131935
v 0.943721 0.145217 -0.133849
v 0.939108 0.055505 -0.126844
v 0.939560 0.152500 -0.128237
v 0.932329 0.064470 -0.128562
v 0.933267 0.159788 -0.128217
v 0.923966 0.072645 -0.126234
v 0.925654 0.166761 -0.128527
v 0.919789 0.080838 -0.124201
v 0.921443 0.173604 -0.125122
v 0.926551 0.088896 -0.122256
v 0.925780 0.180789 -0.122141
v 0.923834 0.269286 -0.123156
v 0.933808 0.187745 -0.121372
v 0.931801 0.274639 -0.121585
v 0.933043 0.352562 -0.121427
v 0.938205 0.280286 -0.121735
v 0.940029 0.358039 -0.118988
v 0.940212 0.413220 -0.116815
v 0.940965 0.364675 -0.110137
v 0.940837 0.417774 -0.106210
v 0.940802 0.444984 -0.105429
v 0.940909 0.422827 -0.094354
v 0.940903 0.447526 -0.093739
v 0.940848 0.428925 -0.081995
v 0.940853 0.450218 -0.081111
v 0.940796 0.466230 -0.079850
v 0.940687 0.454117 -0.060252
v 0.940571 0.468775 -0.056999
v 0.940186 0.479194 -0.054268
v 0.939999 0.472081 -0.013715
v 0.939527 0.481206 -0.010597
v 0.938135 0.490149 -0.007863
v 0.938627 0.488549 -0.052693
v 0.935253 0.498788 -0.005379
v 0.935739 0.497658 -0.051632
v 0.932748 0.507463 -0.003447
v 0.932519 0.507196 -0.050476
v 0.931211 0.514911 -0.001738
v 0.933048 0.515376 -0.049521
v 0.938736 0.517497 -0.000170
v 0.941682 0.516334 -0.048578
v 0.947265 0.516169 0.001261
v 0.949935 0.513241 -0.047945
v 0.948844 0.508484 0.002634
v 0.945647 0.516729 0.061228
v 0.948064 0.509250 0.063079
v 0.948186 0.499950 0.065126
v 0.947329 0.508781 0.117229
v 0.947796 0.499549 0.119224
v 0.947883 0.490401 0.121599
v 0.948078 0.500368 0.156429
v 0.948243 0.491337 0.157337
v 0.948128 0.481950 0.158361
v 0.948432 0.492781 0.178464
v 0.948270 0.483303 0.178929
v 0.948008 0.472287 0.180101
v 0.947918 0.471658 0.159893
v 0.947600 0.457899 0.180862
v 0.947581 0.458309 0.162116
v 0.946904 0.433394 0.182655
v 0.947054 0.438503 0.164794
v 0.945935 0.381863 0.185204
v 0.946019 0.390928 0.168546
v 0.945537 0.301810 0.188454
v 0.945486 0.307762 0.171887
v 0.945856 0.202941 0.198664
v 0.945954 0.205122 0.183168
v 0.945920 0.376076 0.200487
v 0.945435 0.297374 0.203998
v 0.945587 0.202770 0.214606
v 0.944784 0.298504 0.217913
v 0.943657 0.232042 0.223868
v 0.940182 0.236615 0.218186
v 0.937981 0.218678 0.207210
v 0.937677 0.222103 0.193743
v 0.938187 0.068216 0.172205
v 0.938064 0.149695 0.172928
v 0.938369 0.150491 0.132036
v 0.938681 0.070627 0.127490
v 0.938719 0.003491 0.119658
v 0.938162 0.013801 0.168791
v 0.938630 -0.080210 0.111145
v 0.938089 -0.064140 0.167396
v 0.939873 0.067627 0.013700
v 0.939858 -0.011460 0.004262
v 0.939877 -0.101835 -0.003205
v 0.939898 -0.210844 -0.002524
v 0.938408 -0.204842 0.115221
v 0.940833 -0.025404 -0.061518
v 0.940968 -0.118196 -0.062527
v 0.941161 -0.217742 -0.061422
v 0.940498 -0.322531 -0.056780
v 0.939555 -0.317332 0.006055
v 0.941649 -0.127917 -0.083594
v 0.941720 -0.225168 -0.082544
v 0.940937 -0.330016 -0.078734
v 0.939290 -0.422063 -0.071652
v 0.939140 -0.419998 -0.050059
v 0.942023 -0.234415 -0.097392
v 0.941136 -0.336600 -0.093069
v 0.939376 -0.423903 -0.086224
v 0.938351 -0.487558 -0.084487
v 0.938377 -0.487776 -0.068705
v 0.941180 -0.341608 -0.102099
v 0.939349 -0.427764 -0.097695
v 0.938311 -0.487894 -0.097358
v 0.939157 -0.431932 -0.107593
v 0.938037 -0.490371 -0.109187
v 0.937081 -0.523097 -0.110718
v 0.937706 -0.521953 -0.098130
v 0.937878 -0.520586 -0.084153
v 0.937996 -0.519885 -0.068495
v 0.937534 -0.537236 -0.099381
v 0.937634 -0.535777 -0.084112
v 0.937768 -0.534207 -0.066965
v 0.937526 -0.546387 -0.065503
v 0.937903 -0.545784 -0.027993
v 0.938106 -0.533763 -0.031058
v 0.938267 -0.517918 -0.035651
v 0.937345 -0.547467 -0.083890
v 0.936472 -0.557310 -0.083679
v 0.937130 -0.556207 -0.064278
v 0.937594 -0.554961 -0.026646
v 0.930288 -0.563320 -0.083742
v 0.930063 -0.561918 -0.063955
v 0.930788 -0.561255 -0.025508
v 0.927076 -0.569635 -0.024069
v 0.932116 -0.562368 0.036401
v 0.937880 -0.554701 0.034919
v 0.927354 -0.570630 -0.064061
v 0.927102 -0.580328 -0.063750
v 0.925700 -0.580141 -0.021487
v 0.928103 -0.571781 -0.083900
v 0.927658 -0.580971 -0.084110
v 0.929965 -0.587789 -0.084424
v 0.929905 -0.587632 -0.064321
v 0.938287 -0.588916 -0.064854
v 0.937744 -0.588217 -0.026775
v 0.929341 -0.585720 -0.025193
v 0.938068 -0.588853 -0.084927
v 0.946327 -0.588139 -0.099176
v 0.946905 -0.588164 -0.085600
v 0.947177 -0.588135 -0.065722
v 0.951023 -0.581351 -0.066760
v 0.949871 -0.580901 -0.029928
v 0.946491 -0.587672 -0.028080
v 0.950990 -0.581702 -0.086533
v 0.951099 -0.582333 -0.100032
v 0.951486 -0.572134 -0.100925
v 0.951022 -0.571623 -0.087615
v 0.951118 -0.571314 -0.067994
v 0.950266 -0.571197 -0.032086
v 0.949522 -0.561522 -0.088800
v 0.949245 -0.561562 -0.069451
v 0.949291 -0.561658 -0.034590
v 0.947023 -0.552278 -0.037527
v 0.947028 -0.554034 0.014734
v 0.948658 -0.562852 0.017363
v 0.949120 -0.571803 0.019820
v 0.946955 -0.551454 -0.071035
v 0.946538 -0.551125 -0.090084
v 0.946129 -0.538175 -0.091349
v 0.946167 -0.539991 -0.072820
v 0.946512 -0.541960 -0.041325
v 0.946389 -0.527850 -0.047172
v 0.946492 -0.533023 0.006272
v 0.946608 -0.544549 0.011553
v 0.946166 -0.523439 -0.075044
v 0.946180 -0.520553 -0.092721
v 0.946577 -0.490470 -0.095423
v 0.946439 -0.499382 -0.078226
v 0.946481 -0.507508 -0.052976
v 0.946794 -0.466282 -0.064374
v 0.946601 -0.484115 -0.014510
v 0.946494 -0.515148 -0.000688
v 0.947103 -0.451676 -0.085556
v 0.945826 -0.492450 0.084090
v 0.945848 -0.520493 0.076973
v 0.945916 -0.536783 0.075477
v 0.945379 -0.518436 0.132687
v 0.945233 -0.535259 0.129318
v 0.945049 -0.547245 0.125341
v 0.946038 -0.547826 0.074054
v 0.945246 -0.556666 0.123347
v 0.946285 -0.556578 0.073952
v 0.946781 -0.565470 0.121817
v 0.947745 -0.564983 0.073934
v 0.946491 -0.574356 0.120449
v 0.947662 -0.573392 0.074114
v 0.945159 -0.583293 0.119018
v 0.946897 -0.582010 0.074284
v 0.948792 -0.580823 0.022198
v 0.943375 -0.587725 0.074197
v 0.945202 -0.586976 0.024306
v 0.935557 -0.587237 0.073924
v 0.937068 -0.587258 0.026446
v 0.940683 -0.588459 0.117004
v 0.932414 -0.588276 0.114839
v 0.938164 -0.588161 0.149729
v 0.928691 -0.587423 0.147770
v 0.936168 -0.588506 0.171760
v 0.923577 -0.587467 0.171588
v 0.936449 -0.588611 0.187953
v 0.944400 -0.584683 0.187286
v 0.944308 -0.583983 0.199734
v 0.937739 -0.588053 0.199753
v 0.944520 -0.584598 0.171945
v 0.945714 -0.575591 0.172927
v 0.945526 -0.575689 0.187887
v 0.944620 -0.584007 0.151357
v 0.945822 -0.574945 0.152798
v 0.946080 -0.565668 0.154311
v 0.946099 -0.566381 0.173793
v 0.944584 -0.556962 0.174984
v 0.944616 -0.557355 0.189744
v 0.945925 -0.566695 0.188687
v 0.944719 -0.556388 0.155303
v 0.944627 -0.546225 0.156827
v 0.944399 -0.546365 0.176394
v 0.944578 -0.533371 0.178325
v 0.944404 -0.533849 0.192094
v 0.944266 -0.546826 0.190859
v 0.944853 -0.533515 0.158925
v 0.945005 -0.516473 0.161224
v 0.944728 -0.515709 0.180143
v 0.944800 -0.472476 0.183351
v 0.944513 -0.515612 0.193797
v 0.945088 -0.478019 0.165139
v 0.945341 -0.399701 0.172216
v 0.944901 -0.396342 0.193064
v 0.945449 -0.486152 0.137619
v 0.945668 -0.406289 0.145728
v 0.945965 -0.316932 0.159281
v 0.945989 -0.410704 0.088202
v 0.946541 -0.317520 0.084342
v 0.946718 -0.214671 0.085893
v 0.946464 -0.214555 0.164224
v 0.947358 -0.405875 -0.029389
v 0.946910 -0.104521 0.083690
v 0.946498 -0.106855 0.158589
v 0.947083 0.005483 0.089949
v 0.946460 0.005311 0.163491
v 0.949022 -0.092466 -0.059707
v 0.946491 0.098325 0.166089
v 0.945696 -0.113290 0.200420
v 0.942625 -0.118822 0.225111
v 0.944242 -0.516750 0.207485
v 0.944229 -0.534398 0.206058
v 0.943803 -0.518213 0.220810
v 0.943883 -0.535005 0.219678
v 0.944136 -0.547110 0.204615
v 0.944238 -0.557229 0.203086
v 0.945606 -0.566360 0.201821
v 0.944979 -0.574227 0.211846
v 0.945197 -0.575112 0.200552
v 0.944128 -0.582908 0.210166
v 0.943881 -0.573381 0.222812
v 0.938804 -0.586495 0.209408
v 0.936416 -0.520331 0.219817
v 0.936234 -0.535580 0.219500
v 0.936211 -0.523921 0.203878
v 0.935993 -0.537692 0.202278
v 0.936274 -0.527572 0.186832
v 0.935954 -0.540660 0.184859
v 0.935010 -0.552220 0.183117
v 0.936085 -0.544741 0.167566
v 0.933874 -0.556435 0.166135
v 0.936141 -0.549139 0.144478
v 0.931732 -0.557774 0.143461
v 0.936615 -0.552735 0.101543
v 0.930531 -0.560118 0.101705
v 0.936611 -0.537597 0.146274
v 0.937006 -0.542185 0.101327
v 0.937845 -0.544812 0.033109
v 0.937239 -0.528900 0.101209
v 0.937849 -0.532333 0.031137
v 0.937340 -0.512165 0.103978
v 0.937902 -0.516450 0.028020
v 0.937383 -0.479269 0.110096
v 0.937972 -0.490758 0.021142
v 0.938421 -0.489459 -0.042535
v 0.938314 -0.415792 0.013794
v 0.937556 -0.403657 0.121028
v 0.938075 -0.310662 0.123500
v 0.937275 -0.385774 0.160967
v 0.937693 -0.304732 0.168722
v 0.938245 -0.204548 0.167680
v 0.936995 -0.457320 0.156404
v 0.936948 -0.501996 0.150646
v 0.936646 -0.487053 0.175419
v 0.936560 -0.516681 0.172567
v 0.936393 -0.509373 0.189761
v 0.936848 -0.522560 0.147668
v 0.936413 -0.532423 0.169623
v 0.936266 -0.499315 0.205718
v 0.946258 -0.517682 -0.105182
v 0.946687 -0.482018 -0.108167
v 0.946279 -0.514644 -0.116611
v 0.946508 -0.474215 -0.120527
v 0.947234 -0.406900 -0.127738
v 0.934756 -0.306463 -0.127319
v 0.945311 -0.466909 -0.130327
v 0.936674 -0.396327 -0.129112
v 0.927859 -0.296676 -0.126904
v 0.927249 -0.189977 -0.127581
v 0.933743 -0.196526 -0.127364
v 0.926389 -0.386668 -0.127528
v 0.921030 -0.287266 -0.125273
v 0.921069 -0.183430 -0.125069
v 0.921985 -0.096125 -0.125475
v 0.928674 -0.101375 -0.127802
v 0.922043 -0.278004 -0.123574
v 0.921897 -0.176902 -0.123284
v 0.921292 -0.090282 -0.123561
v 0.920382 -0.006538 -0.124078
v 0.922840 -0.014077 -0.126002
v 0.928789 -0.170418 -0.121396
v 0.927689 -0.083967 -0.121778
v 0.926755 0.001493 -0.122192
v 0.934642 -0.077205 -0.121515
v 0.934090 0.009648 -0.121503
v 0.934279 0.096824 -0.121509
v 0.940046 0.017658 -0.120094
v 0.940244 0.104524 -0.119528
v 0.940106 0.194493 -0.120085
v 0.941604 0.112122 -0.112418
v 0.941181 0.201233 -0.113209
v 0.940810 0.286487 -0.114832
v 0.941907 0.207966 -0.105573
v 0.941629 0.293280 -0.106926
v 0.941119 0.372532 -0.099607
v 0.941646 0.301415 -0.095897
v 0.941043 0.381514 -0.086444
v 0.941298 0.309794 -0.078527
v 0.940759 0.391544 -0.068376
v 0.940686 0.434754 -0.063072
v 0.940231 0.404483 -0.037849
v 0.940215 0.440927 -0.025347
v 0.940191 0.458253 -0.018799
v 0.939409 0.442761 0.046241
v 0.939422 0.459955 0.048448
v 0.939254 0.473340 0.050832
v 0.939254 0.457784 0.115937
v 0.939302 0.471680 0.113509
v 0.938895 0.481027 0.113015
v 0.938836 0.482150 0.052019
v 0.937151 0.489788 0.112341
v 0.937147 0.490785 0.053440
v 0.933838 0.497987 0.112438
v 0.933621 0.498765 0.054844
v 0.930192 0.506006 0.112417
v 0.930207 0.506949 0.056186
v 0.929009 0.513541 0.112896
v 0.929559 0.516052 0.057703
v 0.935531 0.516609 0.114222
v 0.937518 0.517641 0.059430
v 0.944080 0.515483 0.115544
v 0.934149 0.517431 0.154177
v 0.942808 0.515288 0.154836
v 0.947364 0.509284 0.155555
v 0.942129 0.516165 0.177759
v 0.947250 0.510243 0.177895
v 0.948373 0.501523 0.178127
v 0.946667 0.511115 0.193521
v 0.948124 0.502220 0.193855
v 0.948244 0.493500 0.194441
v 0.947238 0.484553 0.210225
v 0.948140 0.483882 0.195165
v 0.947063 0.472754 0.211078
v 0.947881 0.472504 0.195126
v 0.946509 0.457611 0.212256
v 0.947402 0.457785 0.196018
v 0.946436 0.427653 0.213285
v 0.946708 0.429973 0.197834
v 0.946032 0.373072 0.216121
v 0.941534 0.427151 0.220804
v 0.938583 0.372548 0.220859
v 0.938645 0.299428 0.219474
v 0.938063 0.373523 0.208153
v 0.937726 0.299870 0.206787
v 0.937786 0.376827 0.193166
v 0.937404 0.303549 0.192223
v 0.937728 0.382897 0.177342
v 0.937219 0.307933 0.176870
v 0.937585 0.223704 0.181680
v 0.937827 0.391530 0.159456
v 0.937128 0.315186 0.160393
v 0.937473 0.234454 0.162887
v 0.937747 0.141119 0.200066
v 0.937191 0.320502 0.134033
v 0.937554 0.234127 0.132384
v 0.938805 0.324067 0.037258
v 0.939165 0.232817 0.028367
v 0.939731 0.148669 0.019435
v 0.941050 0.228317 -0.054723
v 0.941012 0.143693 -0.056378
v 0.940860 0.060899 -0.059333
v 0.941628 0.135770 -0.079687
v 0.941445 0.052058 -0.081862
v 0.941420 -0.035648 -0.084046
v 0.941745 0.041758 -0.097443
v 0.941719 -0.046046 -0.099086
v 0.942078 -0.135974 -0.098083
v 0.941950 -0.054992 -0.107440
v 0.942126 -0.144045 -0.106061
v 0.942067 -0.240887 -0.105441
v 0.941634 -0.151005 -0.112885
v 0.941596 -0.247647 -0.112611
v 0.941075 -0.347446 -0.109793
v 0.940265 -0.254316 -0.118835
v 0.940428 -0.353782 -0.116757
v 0.937516 -0.436895 -0.116618
v 0.934138 -0.493205 -0.119413
v 0.935168 -0.360778 -0.120149
v 0.929603 -0.442247 -0.120035
v 0.924651 -0.496502 -0.120780
v 0.923775 -0.500291 -0.124880
v 0.926164 -0.529704 -0.127895
v 0.921728 -0.526453 -0.121747
v 0.930452 -0.524349 -0.119444
v 0.918480 -0.447703 -0.122334
v 0.928008 -0.453808 -0.127645
v 0.933667 -0.504018 -0.129046
v 0.926979 -0.368694 -0.121085
v 0.922456 -0.377488 -0.122508
v 0.937297 -0.460148 -0.131117
v 0.929066 -0.269302 -0.121346
v 0.935905 -0.261462 -0.121477
v 0.935610 -0.163975 -0.121530
v 0.940247 -0.157564 -0.119182
v 0.940003 -0.070211 -0.120168
v 0.941114 -0.062877 -0.114214
v 0.941033 0.025592 -0.113369
v 0.941703 0.033544 -0.105910
v 0.942133 0.119701 -0.104588
v 0.942039 0.127382 -0.095155
v 0.942094 0.215006 -0.096004
v 0.941761 0.222052 -0.079961
v 0.940576 0.320127 -0.051217
v 0.939238 0.411925 0.043701
v 0.938230 0.406281 0.128493
v 0.938962 0.439869 0.119466
v 0.938753 0.435143 0.157382
v 0.939241 0.455704 0.155555
v 0.938712 0.431926 0.177915
v 0.939334 0.455141 0.177748
v 0.939550 0.470455 0.176698
v 0.939412 0.470391 0.153501
v 0.939055 0.481161 0.176230
v 0.939123 0.480573 0.153080
v 0.937258 0.490106 0.176509
v 0.937610 0.489614 0.153075
v 0.933798 0.497903 0.176774
v 0.934061 0.497721 0.152913
v 0.930006 0.505374 0.177118
v 0.930604 0.505712 0.153312
v 0.928664 0.513539 0.177472
v 0.929253 0.513828 0.153754
v 0.933483 0.517439 0.177699
v 0.929255 0.513236 0.193248
v 0.932968 0.517587 0.193221
v 0.941349 0.516484 0.193328
v 0.932646 0.517549 0.205354
v 0.940358 0.516782 0.205650
v 0.929701 0.513036 0.205545
v 0.930440 0.505250 0.193377
v 0.933912 0.498114 0.193320
v 0.937293 0.490739 0.193636
v 0.939148 0.481980 0.193814
v 0.940167 0.482560 0.208116
v 0.940680 0.471931 0.208071
v 0.943260 0.473454 0.219423
v 0.942626 0.483692 0.219500
v 0.939790 0.470905 0.194132
v 0.939554 0.455263 0.193516
v 0.940364 0.456083 0.208243
v 0.939165 0.427306 0.208306
v 0.942154 0.457266 0.220103
v 0.938762 0.428690 0.193170
v 0.945762 -0.511384 -0.128195
v 0.941560 -0.507871 -0.133866
v 0.946624 -0.534922 -0.126308
v 0.944453 -0.534037 -0.133713
v 0.936928 -0.532295 -0.130611
v 0.946902 -0.549944 -0.132336
v 0.938607 -0.548399 -0.131791
v 0.928941 -0.545837 -0.128781
v 0.938651 -0.561627 -0.132519
v 0.947143 -0.562426 -0.132863
v 0.949659 -0.562518 -0.123982
v 0.946902 -0.550333 -0.124248
v 0.946953 -0.550596 -0.114096
v 0.949796 -0.562069 -0.113322
v 0.946300 -0.535707 -0.114971
v 0.946205 -0.536759 -0.103985
v 0.946956 -0.550922 -0.102950
v 0.949477 -0.561873 -0.101911
v 0.951465 -0.572890 -0.112391
v 0.951159 -0.583299 -0.111364
v 0.945273 -0.588295 -0.110377
v 0.930064 -0.020626 -0.128311
v 0.935759 -0.027234 -0.127092
v 0.934971 -0.105882 -0.127359
v 0.937700 -0.041891 -0.126264
v 0.939948 -0.111176 -0.128032
v 0.939658 -0.204625 -0.127518
v 0.944511 -0.117961 -0.134060
v 0.943882 -0.062090 -0.133939
v 0.951702 -0.110728 -0.135075
v 0.711196 -0.587743 0.197429
v 0.711265 -0.587604 0.175991
v 0.722686 -0.588313 0.176074
v 0.715463 -0.580243 0.176023
v 0.715238 -0.579922 0.144837
v 0.711668 -0.587232 0.142688
v 0.727019 -0.583881 0.176261
v 0.726419 -0.583583 0.143879
v 0.726566 -0.582976 0.109044
v 0.714800 -0.580160 0.109036
v 0.723200 -0.587893 0.143672
v 0.723865 -0.588276 0.109020
v 0.724380 -0.587414 0.074151
v 0.725665 -0.583109 0.074154
v 0.712095 -0.587710 0.108907
v 0.713501 -0.586446 0.074240
v 0.713890 -0.586523 0.039392
v 0.724195 -0.587465 0.039221
v 0.714871 -0.582216 0.074221
v 0.714204 -0.582082 0.039346
v 0.714501 -0.583396 0.005016
v 0.714496 -0.586469 0.004757
v 0.724914 -0.582836 0.039281
v 0.723727 -0.581812 0.004840
v 0.723344 -0.580906 -0.028213
v 0.713717 -0.582156 -0.028333
v 0.724061 -0.585355 0.004686
v 0.724640 -0.584733 -0.028337
v 0.725603 -0.586183 -0.053911
v 0.723780 -0.581051 -0.053944
v 0.715032 -0.585713 -0.028391
v 0.715678 -0.585669 -0.054001
v 0.715813 -0.587717 -0.070534
v 0.725282 -0.586675 -0.070562
v 0.713653 -0.582322 -0.054073
v 0.712675 -0.582896 -0.070472
v 0.711179 -0.584375 -0.082547
v 0.715906 -0.588777 -0.082980
v 0.723865 -0.580879 -0.070610
v 0.710280 -0.587220 -0.093153
v 0.655719 -0.589099 -0.119317
v 0.899796 -0.579147 -0.168206
v 0.914340 -0.583946 -0.169748
v 0.913929 -0.583964 -0.158104
v 0.904392 -0.587335 -0.157549
v 0.904273 -0.587383 -0.169190
v 0.900733 -0.579219 -0.157434
v 0.892014 -0.569327 -0.132117
v 0.895067 -0.561532 -0.121095
v 0.939438 0.080205 0.197870
v 0.530570 -0.549047 -0.188999
v 0.510392 -0.536945 -0.189972
v 0.530239 -0.557067 -0.147789
v 0.475475 -0.583422 -0.192381
v 0.481776 -0.573345 -0.146234
v 0.440465 -0.563151 -0.192195
v 0.439470 -0.564177 -0.146048
v 0.440716 -0.580881 -0.193279
v 0.439452 -0.580575 -0.145548
v 0.465059 -0.588301 -0.063371
v 0.445534 -0.570954 -0.058510
v 0.441652 -0.577858 -0.059460
v 0.445367 -0.588796 -0.057801
v 0.514040 0.473536 -0.189929
v 0.513807 0.476104 -0.147572
v -0.499134 -0.568182 -0.196165
v -0.490906 -0.576731 -0.151059
v -0.496617 -0.568598 -0.144868
v -0.495552 -0.576484 -0.189943
v -0.528905 -0.562018 -0.146236
v -0.534636 -0.562238 -0.191089
v -0.505075 -0.574340 -0.214074
v -0.532426 -0.575548 -0.145786
v -0.556519 -0.537077 -0.147309
v -0.499672 -0.582157 -0.224064
v -0.503738 -0.571917 -0.222639
v -0.531851 -0.578765 -0.192794
v -0.554448 -0.536301 -0.189945
v -0.501507 -0.590157 -0.224111
v -0.526006 -0.570054 -0.219274
v -0.521492 -0.577546 -0.220127
v -0.531572 -0.579822 -0.223430
v -0.530756 -0.587515 -0.222377
v -0.504781 -0.568084 -0.058990
v -0.527296 -0.569276 -0.058444
v -0.507015 -0.586186 -0.062139
v -0.528480 -0.589177 -0.056432
v -0.478544 -0.326374 -0.159120
v -0.492985 -0.332940 -0.147966
v -0.567990 0.463733 -0.147617
v -0.578746 0.472932 -0.189803
v 0.536282 -0.551858 -0.186658
v 0.530159 -0.559522 -0.184786
v 0.525157 -0.553255 -0.188579
v 0.532602 -0.541608 -0.189490
v 0.540742 -0.540927 -0.186749
v 0.525446 -0.544054 -0.189586
v 0.496104 -0.552830 -0.189683
v 0.488083 -0.548027 -0.190020
v 0.500084 -0.533105 -0.190030
v 0.510857 -0.552935 -0.189416
v 0.499788 -0.560892 -0.188910
v 0.515038 -0.505867 -0.189956
v 0.522953 -0.504122 -0.189837
v 0.521451 -0.532500 -0.189906
v 0.519662 -0.547423 -0.189620
v 0.506987 -0.507193 -0.190016
v 0.522086 -0.556760 -0.147908
v 0.524661 -0.564902 -0.151203
v 0.533516 -0.561401 -0.151348
v 0.530918 -0.546502 -0.147252
v 0.521111 -0.545542 -0.147289
v 0.538384 -0.549105 -0.149852
v 0.482286 -0.574957 -0.188816
v 0.484058 -0.578393 -0.184074
v 0.476651 -0.584581 -0.183791
v 0.467377 -0.591311 -0.183772
v 0.466336 -0.591455 -0.191239
v 0.471494 -0.588441 -0.203073
v 0.471628 -0.581120 -0.205274
v 0.473802 -0.575705 -0.196795
v 0.464617 -0.591606 -0.202499
v 0.477961 -0.569698 -0.191815
v 0.496017 -0.571426 -0.151455
v 0.495760 -0.564756 -0.148421
v 0.484916 -0.563917 -0.146805
v 0.486270 -0.578463 -0.155355
v 0.496512 -0.576522 -0.157267
v 0.475115 -0.585502 -0.144483
v 0.476296 -0.585033 -0.153811
v 0.472879 -0.562276 -0.144104
v 0.470644 -0.567611 -0.139162
v 0.466994 -0.571052 -0.128739
v 0.472147 -0.578020 -0.131069
v 0.471618 -0.587475 -0.131248
v 0.446206 -0.551995 -0.190805
v 0.461166 -0.552918 -0.190916
v 0.457238 -0.561669 -0.191650
v 0.454861 -0.567003 -0.199619
v 0.445208 -0.570438 -0.199113
v 0.415239 -0.559064 -0.189479
v 0.420627 -0.549772 -0.189814
v 0.431639 -0.573204 -0.189067
v 0.410470 -0.567682 -0.188854
v 0.465932 -0.585132 -0.222388
v 0.466786 -0.580476 -0.216340
v 0.471059 -0.584304 -0.212421
v 0.468809 -0.590798 -0.214534
v 0.459639 -0.562129 -0.144951
v 0.460463 -0.554235 -0.145997
v 0.441165 -0.554295 -0.146937
v 0.409694 -0.551048 -0.147353
v 0.407233 -0.559980 -0.147462
v 0.404430 -0.568069 -0.147601
v 0.430068 -0.571138 -0.147815
v 0.441790 -0.572870 -0.140749
v 0.446665 -0.566861 -0.138383
v 0.458732 -0.565378 -0.137904
v 0.439710 -0.583010 -0.184594
v 0.428435 -0.577583 -0.184747
v 0.447132 -0.591248 -0.192031
v 0.446072 -0.591156 -0.184350
v 0.443209 -0.584759 -0.204068
v 0.447486 -0.591343 -0.203169
v 0.446200 -0.575609 -0.207222
v 0.425716 -0.576416 -0.149524
v 0.424308 -0.579476 -0.156115
v 0.437921 -0.581679 -0.155530
v 0.445658 -0.591065 -0.154233
v 0.445629 -0.591000 -0.144927
v 0.442604 -0.582749 -0.131879
v 0.442720 -0.573632 -0.130425
v 0.445718 -0.590997 -0.132315
v 0.443863 -0.585718 -0.211949
v 0.447871 -0.580740 -0.215921
v 0.450021 -0.585081 -0.221687
v 0.448103 -0.591135 -0.214476
v 0.471525 -0.587584 -0.078819
v 0.471360 -0.581138 -0.075512
v 0.464392 -0.591369 -0.076349
v 0.454751 -0.589166 -0.066285
v 0.454889 -0.591377 -0.076748
v 0.465920 -0.572356 -0.074761
v 0.462515 -0.575757 -0.061967
v 0.454037 -0.583835 -0.058901
v 0.446915 -0.568155 -0.066540
v 0.442883 -0.576441 -0.067201
v 0.450475 -0.577172 -0.057661
v 0.455558 -0.570242 -0.064482
v 0.442323 -0.584029 -0.057195
v 0.442714 -0.584510 -0.067198
v 0.445966 -0.590185 -0.066920
v 0.514968 0.468490 -0.189899
v 0.506873 0.467381 -0.189928
v 0.507756 0.474119 -0.189824
v 0.517677 0.477105 -0.189947
v 0.521440 0.471303 -0.189706
v 0.509538 0.480548 -0.189636
v 0.514667 0.470108 -0.147511
v 0.520852 0.472175 -0.147818
v 0.517599 0.479480 -0.147804
v 0.507591 0.476038 -0.147530
v 0.506539 0.468107 -0.147383
v 0.510055 0.482311 -0.148022
v -0.474743 -0.567584 -0.189114
v -0.473014 -0.575607 -0.186940
v -0.500839 -0.559564 -0.193780
v -0.477120 -0.559300 -0.189964
v -0.518577 -0.565306 -0.197101
v -0.518067 -0.562078 -0.191188
v -0.509116 -0.569062 -0.205901
v -0.521111 -0.568214 -0.203749
v -0.500742 -0.576271 -0.203003
v -0.488855 -0.579398 -0.162857
v -0.471021 -0.579219 -0.163489
v -0.471297 -0.576978 -0.155539
v -0.472743 -0.572458 -0.147801
v -0.499701 -0.584866 -0.149623
v -0.498673 -0.584412 -0.161625
v -0.503800 -0.567972 -0.133029
v -0.500158 -0.576082 -0.135620
v -0.500299 -0.584874 -0.135947
v -0.474931 -0.562526 -0.147348
v -0.497955 -0.559687 -0.146657
v -0.514312 -0.559795 -0.146466
v -0.513883 -0.564864 -0.141281
v -0.515161 -0.566801 -0.132188
v -0.471680 -0.579082 -0.180303
v -0.491047 -0.580044 -0.179539
v -0.498774 -0.585069 -0.179270
v -0.499496 -0.585163 -0.188601
v -0.499971 -0.584841 -0.199100
v -0.514886 -0.549600 -0.146912
v -0.528014 -0.550003 -0.146967
v -0.542546 -0.559457 -0.147212
v -0.547226 -0.566602 -0.151142
v -0.537959 -0.570901 -0.148723
v -0.540135 -0.549690 -0.147138
v -0.525234 -0.565502 -0.140490
v -0.529412 -0.568060 -0.195491
v -0.535426 -0.551241 -0.190163
v -0.520377 -0.552870 -0.190490
v -0.537643 -0.573065 -0.188827
v -0.544449 -0.569487 -0.188101
v -0.551626 -0.556336 -0.189359
v -0.548536 -0.548098 -0.189850
v -0.557561 -0.563959 -0.187883
v -0.500700 -0.583698 -0.209458
v -0.500700 -0.582129 -0.218096
v -0.515009 -0.571286 -0.213324
v -0.505592 -0.579299 -0.222809
v -0.512048 -0.579075 -0.221075
v -0.540834 -0.575147 -0.156903
v -0.534070 -0.578515 -0.157354
v -0.531274 -0.575725 -0.134207
v -0.525226 -0.567323 -0.132341
v -0.530754 -0.587026 -0.157626
v -0.530743 -0.586222 -0.147251
v -0.530712 -0.585910 -0.135775
v -0.548654 -0.538593 -0.147265
v -0.552815 -0.525448 -0.147278
v -0.562015 -0.527384 -0.147340
v -0.560439 -0.543605 -0.147382
v -0.550389 -0.548327 -0.147266
v -0.570795 -0.530510 -0.147508
v -0.501130 -0.588921 -0.215802
v -0.508076 -0.586405 -0.220505
v -0.527888 -0.571438 -0.200215
v -0.528927 -0.574470 -0.208478
v -0.530039 -0.583195 -0.205018
v -0.527631 -0.590193 -0.193553
v -0.530176 -0.588511 -0.184118
v -0.532983 -0.579371 -0.182648
v -0.526022 -0.590557 -0.204460
v -0.540058 -0.575457 -0.182432
v -0.546720 -0.538609 -0.189989
v -0.558716 -0.542711 -0.189776
v -0.558833 -0.526609 -0.189951
v -0.549804 -0.525050 -0.190027
v -0.567727 -0.529646 -0.189816
v -0.508418 -0.589368 -0.213708
v -0.524081 -0.569389 -0.211380
v -0.530674 -0.576636 -0.216688
v -0.514803 -0.585309 -0.218774
v -0.522207 -0.585713 -0.218721
v -0.530257 -0.585412 -0.214378
v -0.524298 -0.589507 -0.213482
v -0.507283 -0.567333 -0.069154
v -0.518370 -0.567490 -0.069221
v -0.517926 -0.571145 -0.060043
v -0.519366 -0.579661 -0.056440
v -0.507147 -0.577062 -0.060302
v -0.502635 -0.573359 -0.069633
v -0.528983 -0.569392 -0.068712
v -0.531227 -0.580081 -0.057585
v -0.532365 -0.578198 -0.068417
v -0.501036 -0.588475 -0.073085
v -0.501167 -0.582892 -0.071164
v -0.509246 -0.590995 -0.070430
v -0.518041 -0.589610 -0.057662
v -0.520054 -0.591630 -0.069279
v -0.530031 -0.588181 -0.068656
v -0.476859 -0.308097 -0.159540
v -0.488532 -0.306293 -0.156362
v -0.489276 -0.331899 -0.153950
v -0.457160 -0.338887 -0.147359
v -0.456086 -0.329539 -0.158951
v -0.454749 -0.312419 -0.160253
v -0.503690 -0.372385 -0.147267
v -0.464156 -0.372449 -0.147257
v -0.458360 -0.349651 -0.147311
v -0.493862 -0.305135 -0.149283
v -0.517116 -0.304533 -0.147538
v -0.519576 -0.337376 -0.147356
v -0.523861 -0.373502 -0.147260
v -0.568557 0.458425 -0.147519
v -0.559568 0.457975 -0.147376
v -0.561350 0.464758 -0.147622
v -0.563236 0.470798 -0.148151
v -0.571233 0.467631 -0.148156
v -0.575337 0.461659 -0.147950
v -0.578806 0.466941 -0.189970
v -0.583405 0.468616 -0.187007
v -0.582073 0.476002 -0.187140
v -0.569846 0.474071 -0.190008
v -0.568257 0.465922 -0.189996
v -0.572218 0.481985 -0.189683
v -0.575425 0.488094 -0.186015
v -0.564077 0.491665 -0.187681
v -0.561427 0.483678 -0.189786
v -0.559086 0.474679 -0.189959
v -0.582877 0.478184 -0.183321
v -0.583682 0.480039 -0.178591
v -0.576314 0.489492 -0.180263
v -0.585627 0.469977 -0.182599
v -0.588030 0.471288 -0.177879
v -0.588385 0.460914 -0.183433
v -0.591161 0.461939 -0.178192
v -0.592569 0.462390 -0.172044
v -0.589361 0.472403 -0.172198
v -0.583879 0.481149 -0.172792
v -0.583175 0.481452 -0.166837
v -0.575843 0.490109 -0.167482
v -0.576429 0.490227 -0.173663
v -0.589319 0.472972 -0.165897
v -0.588406 0.473180 -0.159565
v -0.581628 0.481099 -0.160940
v -0.593076 0.462428 -0.165546
v -0.592362 0.462046 -0.159092
v -0.594778 0.450581 -0.165771
v -0.594381 0.450156 -0.159216
v -0.591934 0.449247 -0.153244
v -0.590531 0.461189 -0.153096
v -0.586690 0.473399 -0.153537
v -0.582789 0.470051 -0.150184
v -0.575962 0.476664 -0.150972
v -0.579226 0.479876 -0.155477
v -0.587222 0.459484 -0.149775
v -0.588138 0.447913 -0.149319
v -0.581910 0.446439 -0.148257
v -0.582163 0.457145 -0.148525
v -0.578896 0.465862 -0.148579
v -0.573165 0.471764 -0.148785
v -0.575629 0.454154 -0.147785
v -0.574598 0.444741 -0.147625
v -0.566444 0.442819 -0.147413
v -0.567295 0.451818 -0.147408
v -0.557447 0.441143 -0.147325
v -0.558333 0.450321 -0.147333
v -0.548027 0.440045 -0.147281
v -0.549028 0.449389 -0.147298
v -0.550333 0.457782 -0.147364
v -0.551721 0.465228 -0.147485
v -0.537677 0.449146 -0.147259
v -0.539099 0.457802 -0.147283
v -0.540513 0.465588 -0.147351
v -0.542384 0.473265 -0.147563
v -0.553570 0.472002 -0.148020
v -0.525669 0.458125 -0.147249
v -0.526995 0.466217 -0.147256
v -0.528585 0.474304 -0.147274
v -0.530366 0.482045 -0.147337
v -0.544711 0.480482 -0.148384
v -0.505016 0.465996 -0.147264
v -0.506581 0.474391 -0.147273
v -0.508202 0.482581 -0.147279
v -0.509889 0.490643 -0.147282
v -0.532247 0.489458 -0.147928
v -0.472264 0.472429 -0.147340
v -0.473903 0.481195 -0.147412
v -0.475627 0.490072 -0.147551
v -0.477323 0.496704 -0.150783
v -0.511085 0.496219 -0.151962
v -0.434544 0.478407 -0.147487
v -0.435829 0.488034 -0.147707
v -0.437265 0.496621 -0.149545
v -0.389812 0.485113 -0.147683
v -0.390891 0.494282 -0.148128
v -0.392237 0.499633 -0.155522
v -0.438873 0.500367 -0.157189
v -0.479029 0.500055 -0.158562
v -0.440674 0.501599 -0.166410
v -0.480800 0.501422 -0.167171
v -0.512932 0.501011 -0.167788
v -0.512016 0.499483 -0.159812
v -0.534870 0.500279 -0.168333
v -0.534157 0.498609 -0.160816
v -0.533292 0.495186 -0.153397
v -0.549948 0.497035 -0.161074
v -0.548660 0.493353 -0.154909
v -0.546998 0.487359 -0.150385
v -0.561223 0.490233 -0.155810
v -0.558467 0.485016 -0.151331
v -0.555887 0.478689 -0.149041
v -0.567839 0.481653 -0.151759
v -0.565178 0.476064 -0.149561
v -0.571055 0.485684 -0.156216
v -0.563587 0.493668 -0.161244
v -0.573643 0.488165 -0.161416
v -0.565057 0.495892 -0.167820
v -0.551037 0.499128 -0.168161
v -0.551706 0.499698 -0.175577
v -0.565678 0.496822 -0.174617
v -0.551942 0.497541 -0.182767
v -0.565507 0.495728 -0.181904
v -0.551798 0.493423 -0.188394
v -0.535796 0.498439 -0.183468
v -0.536336 0.494116 -0.188775
v -0.536303 0.486065 -0.189503
v -0.550668 0.485722 -0.189481
v -0.536108 0.476900 -0.189851
v -0.548964 0.476013 -0.189866
v -0.536181 0.467271 -0.189988
v -0.548280 0.466683 -0.189998
v -0.558559 0.466119 -0.190007
v -0.548184 0.457042 -0.190047
v -0.558206 0.456906 -0.190037
v -0.567693 0.457071 -0.189989
v -0.558119 0.446912 -0.190040
v -0.567507 0.447337 -0.189975
v -0.577101 0.448543 -0.189772
v -0.577895 0.458368 -0.189898
v -0.585800 0.449871 -0.189067
v -0.585373 0.460367 -0.188179
v -0.591640 0.450577 -0.185669
v -0.584962 0.437362 -0.189185
v -0.591514 0.437591 -0.186558
v -0.594441 0.437436 -0.180026
v -0.593636 0.450960 -0.179066
v -0.595601 0.437096 -0.173047
v -0.594658 0.450859 -0.172411
v -0.595668 0.436662 -0.166091
v -0.595501 0.419393 -0.173747
v -0.595665 0.418876 -0.166371
v -0.594611 0.418435 -0.159157
v -0.594740 0.436165 -0.159229
v -0.591500 0.418040 -0.152523
v -0.591991 0.435639 -0.153084
v -0.586433 0.417642 -0.148422
v -0.587598 0.435148 -0.148822
v -0.579194 0.417181 -0.147786
v -0.580912 0.434386 -0.148016
v -0.571531 0.416598 -0.147537
v -0.573519 0.433166 -0.147628
v -0.563321 0.415931 -0.147379
v -0.565445 0.431901 -0.147419
v -0.554615 0.415148 -0.147305
v -0.556482 0.430691 -0.147322
v -0.545353 0.414427 -0.147267
v -0.547154 0.429496 -0.147271
v -0.532912 0.413695 -0.147250
v -0.534850 0.428380 -0.147251
v -0.536295 0.439508 -0.147253
v -0.519677 0.427382 -0.147246
v -0.521771 0.439167 -0.147246
v -0.523958 0.449456 -0.147247
v -0.499949 0.437598 -0.147248
v -0.501796 0.448566 -0.147251
v -0.503482 0.457686 -0.147256
v -0.467577 0.444839 -0.147256
v -0.469127 0.454676 -0.147266
v -0.470680 0.463571 -0.147294
v -0.432011 0.449527 -0.147263
v -0.432583 0.459387 -0.147294
v -0.433454 0.468966 -0.147364
v -0.388292 0.455138 -0.147273
v -0.388439 0.465264 -0.147324
v -0.388982 0.475244 -0.147445
v -0.332344 0.462196 -0.147303
v -0.332761 0.472511 -0.147397
v -0.333497 0.482237 -0.147639
v -0.334591 0.492190 -0.148422
v -0.263502 0.477289 -0.147619
v -0.264941 0.487245 -0.148520
v -0.266957 0.496110 -0.150900
v -0.268721 0.500380 -0.154911
v -0.335949 0.499428 -0.154041
v -0.192586 0.517480 -0.147626
v -0.194892 0.527488 -0.148728
v -0.197834 0.535753 -0.152367
v -0.119159 0.558065 -0.147786
v -0.121353 0.567785 -0.149315
v -0.123049 0.575269 -0.155950
v -0.199826 0.540748 -0.159745
v -0.270106 0.501760 -0.163732
v -0.201584 0.543484 -0.169645
v -0.272165 0.501555 -0.172198
v -0.338982 0.501471 -0.173713
v -0.337344 0.501659 -0.163673
v -0.395582 0.501193 -0.174935
v -0.393797 0.501482 -0.165246
v -0.442676 0.501115 -0.175608
v -0.397586 0.498493 -0.184205
v -0.444877 0.498380 -0.184374
v -0.484769 0.498418 -0.184275
v -0.482692 0.500973 -0.175858
v -0.515025 0.498501 -0.183982
v -0.513836 0.500837 -0.175949
v -0.535246 0.500562 -0.175874
v -0.486990 0.492750 -0.189114
v -0.516387 0.493465 -0.188983
v -0.489373 0.484135 -0.189696
v -0.517660 0.485197 -0.189699
v -0.491887 0.475349 -0.189888
v -0.519053 0.476506 -0.189862
v -0.494440 0.466668 -0.189984
v -0.519975 0.467485 -0.189967
v -0.496881 0.457945 -0.190037
v -0.520456 0.458480 -0.190031
v -0.536013 0.457539 -0.190046
v -0.521018 0.448692 -0.190063
v -0.536173 0.447790 -0.190069
v -0.548250 0.447013 -0.190066
v -0.537003 0.435669 -0.190078
v -0.548505 0.435242 -0.190069
v -0.558204 0.435403 -0.190042
v -0.548940 0.421332 -0.190065
v -0.558249 0.421468 -0.190033
v -0.567027 0.421490 -0.189964
v -0.567407 0.435936 -0.189964
v -0.575549 0.421208 -0.189796
v -0.576445 0.436680 -0.189783
v -0.583901 0.420916 -0.189302
v -0.574191 0.398573 -0.189796
v -0.582258 0.397393 -0.189440
v -0.589636 0.396299 -0.188615
v -0.591104 0.420421 -0.187462
v -0.593609 0.395305 -0.181944
v -0.594112 0.419864 -0.180997
v -0.595380 0.394418 -0.174151
v -0.593330 0.363403 -0.182556
v -0.595241 0.362141 -0.174387
v -0.595283 0.361011 -0.166134
v -0.595661 0.393649 -0.166293
v -0.593757 0.360061 -0.158056
v -0.594374 0.393036 -0.158631
v -0.590091 0.359308 -0.150785
v -0.590876 0.392560 -0.151646
v -0.583169 0.358717 -0.147898
v -0.584851 0.392132 -0.148132
v -0.574501 0.358276 -0.147566
v -0.576786 0.391760 -0.147689
v -0.565864 0.357977 -0.147407
v -0.568567 0.391483 -0.147492
v -0.557080 0.357798 -0.147330
v -0.560144 0.391333 -0.147365
v -0.548096 0.357773 -0.147292
v -0.551507 0.391434 -0.147293
v -0.537023 0.357948 -0.147281
v -0.541998 0.391924 -0.147261
v -0.521588 0.358564 -0.147350
v -0.529522 0.392638 -0.147254
v -0.494540 0.360966 -0.147630
v -0.512791 0.393350 -0.147300
v -0.517662 0.413246 -0.147249
v -0.489719 0.391390 -0.147834
v -0.494385 0.411612 -0.147287
v -0.497676 0.425616 -0.147250
v -0.463886 0.406571 -0.147552
v -0.464825 0.420799 -0.147312
v -0.466093 0.433417 -0.147262
v -0.431992 0.414382 -0.147397
v -0.431385 0.427039 -0.147292
v -0.431468 0.438772 -0.147260
v -0.390739 0.421969 -0.147310
v -0.389460 0.433540 -0.147267
v -0.388538 0.444588 -0.147258
v -0.333874 0.430434 -0.147274
v -0.332915 0.441380 -0.147261
v -0.332492 0.452060 -0.147266
v -0.263501 0.445018 -0.147257
v -0.262937 0.456610 -0.147279
v -0.262564 0.467150 -0.147353
v -0.189571 0.483934 -0.147266
v -0.189589 0.496514 -0.147313
v -0.190801 0.506973 -0.147395
v -0.115358 0.528141 -0.147267
v -0.116180 0.538296 -0.147316
v -0.117378 0.548249 -0.147444
v -0.036322 0.549482 -0.147351
v -0.036843 0.559588 -0.147517
v -0.037471 0.569424 -0.147891
v -0.038337 0.578739 -0.149118
v 0.043765 0.549556 -0.147463
v 0.044153 0.559862 -0.147752
v 0.044405 0.569697 -0.148592
v 0.044471 0.577777 -0.154998
v -0.039194 0.587240 -0.154915
v 0.120623 0.528125 -0.148103
v 0.121743 0.537615 -0.150567
v 0.123403 0.545800 -0.157205
v 0.195133 0.497725 -0.151259
v 0.195309 0.500472 -0.157448
v 0.194533 0.502732 -0.166144
v 0.123667 0.549929 -0.166586
v 0.043825 0.580842 -0.165315
v 0.123146 0.550743 -0.176724
v 0.042968 0.580573 -0.175737
v -0.040699 0.590345 -0.175916
v -0.039900 0.590134 -0.165378
v -0.125021 0.577932 -0.177634
v -0.124061 0.578228 -0.166713
v -0.203183 0.542974 -0.180142
v -0.125498 0.574128 -0.187278
v -0.202437 0.536593 -0.188564
v -0.274856 0.499212 -0.186018
v -0.273838 0.500263 -0.180981
v -0.342566 0.492213 -0.189398
v -0.340743 0.498982 -0.183499
v -0.399821 0.491844 -0.189313
v -0.344476 0.482360 -0.189781
v -0.402302 0.482212 -0.189715
v -0.449961 0.482977 -0.189712
v -0.447300 0.492122 -0.189282
v -0.405071 0.472506 -0.189927
v -0.452848 0.473813 -0.189915
v -0.408150 0.462784 -0.190021
v -0.456055 0.464651 -0.190001
v -0.411698 0.452908 -0.190058
v -0.459815 0.455409 -0.190045
v -0.415260 0.442206 -0.190071
v -0.464080 0.445251 -0.190066
v -0.499543 0.448148 -0.190064
v -0.468371 0.433185 -0.190065
v -0.502687 0.435574 -0.190076
v -0.522295 0.436164 -0.190077
v -0.505615 0.421833 -0.190075
v -0.523658 0.422151 -0.190079
v -0.538056 0.421502 -0.190077
v -0.524635 0.404813 -0.190070
v -0.538253 0.403797 -0.190073
v -0.548800 0.402347 -0.190060
v -0.537363 0.376720 -0.190062
v -0.547202 0.374355 -0.190053
v -0.555761 0.372225 -0.190023
v -0.557459 0.401124 -0.190028
v -0.564229 0.370119 -0.189960
v -0.565884 0.399823 -0.189954
v -0.572591 0.368172 -0.189849
v -0.562479 0.330469 -0.189947
v -0.571069 0.327867 -0.189790
v -0.579685 0.325545 -0.189508
v -0.580920 0.366388 -0.189531
v -0.588016 0.323523 -0.188701
v -0.588802 0.364810 -0.188596
v -0.593089 0.321756 -0.183035
v -0.587286 0.271382 -0.188831
v -0.593018 0.269692 -0.183488
v -0.595298 0.268272 -0.174818
v -0.595206 0.320240 -0.174565
v -0.595121 0.267113 -0.165943
v -0.595233 0.318962 -0.165932
v -0.593307 0.266213 -0.157221
v -0.593510 0.317928 -0.157411
v -0.589421 0.265592 -0.149746
v -0.589642 0.317119 -0.150082
v -0.581148 0.265229 -0.147787
v -0.581848 0.316559 -0.147831
v -0.571833 0.265101 -0.147517
v -0.572758 0.316207 -0.147575
v -0.562717 0.265192 -0.147393
v -0.563819 0.316046 -0.147415
v -0.553573 0.265525 -0.147319
v -0.554764 0.316117 -0.147326
v -0.543903 0.266257 -0.147299
v -0.545440 0.316603 -0.147297
v -0.530979 0.267994 -0.147317
v -0.532933 0.318905 -0.147328
v -0.514886 0.270342 -0.147503
v -0.516560 0.320403 -0.147568
v -0.494163 0.272479 -0.148871
v -0.494246 0.322443 -0.148988
v -0.483802 0.275714 -0.158808
v -0.481871 0.325365 -0.159113
v -0.484627 0.363637 -0.154953
v -0.465214 0.330782 -0.160262
v -0.464340 0.367100 -0.160164
v -0.463797 0.388864 -0.150446
v -0.439413 0.369790 -0.160352
v -0.436351 0.384045 -0.150964
v -0.433580 0.400119 -0.147688
v -0.399645 0.383834 -0.151585
v -0.395193 0.396590 -0.147790
v -0.392522 0.409778 -0.147429
v -0.339282 0.396279 -0.147530
v -0.336644 0.407946 -0.147361
v -0.334822 0.419310 -0.147307
v -0.264044 0.409778 -0.147531
v -0.262711 0.421508 -0.147339
v -0.264631 0.432688 -0.147272
v -0.185386 0.428832 -0.147286
v -0.185905 0.449263 -0.147249
v -0.188200 0.468835 -0.147248
v -0.110494 0.467619 -0.147246
v -0.113093 0.497847 -0.147247
v -0.114817 0.515411 -0.147250
v -0.035031 0.508289 -0.147246
v -0.035252 0.526687 -0.147253
v -0.035792 0.539460 -0.147285
v 0.044235 0.515325 -0.147251
v 0.044085 0.528568 -0.147273
v 0.043801 0.539253 -0.147334
v 0.120006 0.495191 -0.147297
v 0.119633 0.506408 -0.147399
v 0.119747 0.517333 -0.147728
v 0.194528 0.474373 -0.147434
v 0.194711 0.483884 -0.147677
v 0.195092 0.492937 -0.148030
v 0.266106 0.478242 -0.147310
v 0.265984 0.487117 -0.147356
v 0.265970 0.495764 -0.149106
v 0.331748 0.490604 -0.147129
v 0.331719 0.497546 -0.151534
v 0.331875 0.501118 -0.158573
v 0.266097 0.500413 -0.155357
v 0.332222 0.502084 -0.166818
v 0.266262 0.501700 -0.164078
v 0.332747 0.501904 -0.175007
v 0.266563 0.501585 -0.172678
v 0.194487 0.502415 -0.172706
v 0.266961 0.500019 -0.181137
v 0.194922 0.501392 -0.179116
v 0.122437 0.548932 -0.184829
v 0.193497 0.499667 -0.185636
v 0.118311 0.539204 -0.189241
v 0.040006 0.569010 -0.189608
v 0.042277 0.577891 -0.185384
v -0.042330 0.576857 -0.189438
v -0.041434 0.587205 -0.185869
v -0.124736 0.562215 -0.189510
v -0.043334 0.566485 -0.189840
v -0.124661 0.551294 -0.189849
v -0.200729 0.513981 -0.190066
v -0.201189 0.525424 -0.190080
v -0.276179 0.479495 -0.189600
v -0.275212 0.489724 -0.188643
v -0.346729 0.472349 -0.189955
v -0.277669 0.468867 -0.189923
v -0.349355 0.462305 -0.190024
v -0.279532 0.458232 -0.190021
v -0.352100 0.452080 -0.190060
v -0.282370 0.446391 -0.190063
v -0.355655 0.441093 -0.190071
v -0.285001 0.433335 -0.190074
v -0.358823 0.428986 -0.190059
v -0.419164 0.430299 -0.190065
v -0.362370 0.416397 -0.190007
v -0.423565 0.417311 -0.190018
v -0.472708 0.419705 -0.190038
v -0.428912 0.402525 -0.189833
v -0.477911 0.404444 -0.189930
v -0.508142 0.404757 -0.190056
v -0.484902 0.383821 -0.188936
v -0.510732 0.381379 -0.189942
v -0.524843 0.379126 -0.190050
v -0.512768 0.349002 -0.189708
v -0.524311 0.344893 -0.189959
v -0.535308 0.341199 -0.190035
v -0.521298 0.291848 -0.190111
v -0.532316 0.287548 -0.190087
v -0.542365 0.284207 -0.190068
v -0.545093 0.337272 -0.190048
v -0.551645 0.281151 -0.190036
v -0.553911 0.333406 -0.190020
v -0.560633 0.278230 -0.189978
v -0.550472 0.214974 -0.190037
v -0.559626 0.212295 -0.189979
v -0.568744 0.209923 -0.189870
v -0.569594 0.275609 -0.189867
v -0.577823 0.207914 -0.189612
v -0.578530 0.273333 -0.189631
v -0.586778 0.206232 -0.188915
v -0.577506 0.137162 -0.189605
v -0.586550 0.136009 -0.188717
v -0.592745 0.135043 -0.183991
v -0.592764 0.204825 -0.183807
v -0.594962 0.134265 -0.175366
v -0.595301 0.203696 -0.175109
v -0.595246 0.133666 -0.166397
v -0.595550 0.202835 -0.166028
v -0.593552 0.133268 -0.157596
v -0.593806 0.202241 -0.157093
v -0.589490 0.133070 -0.150068
v -0.589644 0.201930 -0.149663
v -0.581320 0.133061 -0.147724
v -0.581058 0.201888 -0.147890
v -0.571991 0.133244 -0.147482
v -0.571670 0.202090 -0.147591
v -0.562874 0.133608 -0.147354
v -0.562527 0.202538 -0.147414
v -0.553736 0.134200 -0.147295
v -0.553393 0.203237 -0.147321
v -0.544283 0.135351 -0.147284
v -0.543820 0.204284 -0.147295
v -0.531142 0.136521 -0.147318
v -0.530639 0.205718 -0.147334
v -0.515031 0.137825 -0.147507
v -0.514605 0.207477 -0.147592
v -0.494372 0.139766 -0.148808
v -0.494290 0.208797 -0.148847
v -0.484446 0.140637 -0.157597
v -0.484551 0.212279 -0.158065
v -0.470617 0.142204 -0.159997
v -0.470364 0.215860 -0.160218
v -0.468303 0.280541 -0.160366
v -0.452279 0.220818 -0.160511
v -0.449462 0.287642 -0.160560
v -0.444968 0.337337 -0.160567
v -0.421850 0.297664 -0.160570
v -0.413135 0.345902 -0.160573
v -0.405648 0.372689 -0.160135
v -0.355497 0.354705 -0.160482
v -0.348438 0.374578 -0.160085
v -0.343207 0.384014 -0.150983
v -0.273174 0.377355 -0.159841
v -0.269430 0.386304 -0.148799
v -0.266580 0.398049 -0.147988
v -0.190273 0.390264 -0.148504
v -0.187634 0.402171 -0.147581
v -0.185225 0.414830 -0.147369
v -0.110310 0.404221 -0.147504
v -0.109688 0.416466 -0.147328
v -0.109335 0.433621 -0.147259
v -0.035896 0.417954 -0.147324
v -0.034743 0.433307 -0.147263
v -0.035406 0.472240 -0.147245
v 0.039422 0.432939 -0.147265
v 0.040164 0.465074 -0.147245
v 0.043121 0.497075 -0.147244
v 0.119700 0.445621 -0.147248
v 0.120139 0.465690 -0.147245
v 0.120979 0.481702 -0.147255
v 0.197825 0.443348 -0.147257
v 0.196478 0.454548 -0.147270
v 0.194870 0.464919 -0.147323
v 0.268093 0.451333 -0.147252
v 0.267105 0.460436 -0.147261
v 0.266445 0.469269 -0.147278
v 0.333233 0.465241 -0.147220
v 0.332490 0.473893 -0.147200
v 0.331997 0.482443 -0.147175
v 0.386044 0.479909 -0.147151
v 0.385865 0.487872 -0.147099
v 0.385879 0.495187 -0.149551
v 0.429779 0.493121 -0.148061
v 0.429941 0.498704 -0.152056
v 0.430275 0.501133 -0.158787
v 0.386084 0.500562 -0.155168
v 0.430759 0.502046 -0.166112
v 0.386464 0.501684 -0.162563
v 0.431376 0.501937 -0.173415
v 0.387043 0.501978 -0.170368
v 0.432150 0.500474 -0.180492
v 0.387779 0.501354 -0.178130
v 0.433064 0.498304 -0.186805
v 0.388728 0.498862 -0.185195
v 0.333483 0.499646 -0.182943
v 0.389887 0.492829 -0.188563
v 0.334423 0.494813 -0.188233
v 0.267336 0.495918 -0.188419
v 0.335561 0.486994 -0.189316
v 0.267819 0.488373 -0.189348
v 0.193451 0.496265 -0.187793
v 0.268434 0.480415 -0.189741
v 0.192573 0.488228 -0.189313
v 0.113931 0.521195 -0.189897
v 0.115961 0.530635 -0.189682
v 0.036281 0.549593 -0.189980
v 0.038020 0.559311 -0.189853
v -0.044497 0.556355 -0.190002
v 0.034971 0.539984 -0.190044
v -0.045783 0.546127 -0.190058
v -0.126011 0.529141 -0.190048
v -0.125140 0.540371 -0.189986
v -0.201896 0.490203 -0.190078
v -0.200943 0.502279 -0.190075
v -0.126792 0.516466 -0.190074
v -0.203335 0.476351 -0.190080
v -0.128545 0.499350 -0.190079
v -0.204344 0.460089 -0.190082
v -0.129445 0.473071 -0.190079
v -0.207266 0.440000 -0.190079
v -0.288340 0.419691 -0.190064
v -0.208824 0.418606 -0.190032
v -0.291417 0.404939 -0.190028
v -0.366634 0.401906 -0.189831
v -0.295759 0.387293 -0.189721
v -0.371712 0.385394 -0.188018
v -0.435378 0.385231 -0.187769
v -0.378575 0.369974 -0.179757
v -0.444491 0.364202 -0.179605
v -0.492502 0.354667 -0.186238
v -0.456697 0.316545 -0.179531
v -0.494353 0.303375 -0.186540
v -0.508915 0.297151 -0.190167
v -0.492984 0.232818 -0.185062
v -0.506274 0.228866 -0.189986
v -0.519419 0.225004 -0.190033
v -0.505248 0.151273 -0.189867
v -0.519009 0.148445 -0.189986
v -0.530618 0.146132 -0.190035
v -0.530757 0.221382 -0.190056
v -0.540909 0.143847 -0.190052
v -0.541008 0.217824 -0.190059
v -0.550360 0.141931 -0.190040
v -0.540762 0.068534 -0.190042
v -0.550174 0.067704 -0.190027
v -0.559253 0.066870 -0.189966
v -0.559404 0.140125 -0.189985
v -0.568301 0.066119 -0.189824
v -0.568454 0.138527 -0.189868
v -0.577334 0.065451 -0.189495
v -0.567895 -0.006552 -0.189900
v -0.576915 -0.006513 -0.189555
v -0.586033 -0.006536 -0.188347
v -0.586425 0.064854 -0.188325
v -0.593257 -0.006644 -0.184446
v -0.593359 0.064321 -0.184129
v -0.596034 -0.006804 -0.176266
v -0.596091 0.063860 -0.175707
v -0.596144 -0.007034 -0.167233
v -0.596168 0.063460 -0.166776
v -0.594590 -0.007326 -0.158348
v -0.594512 0.063127 -0.157904
v -0.590095 -0.007671 -0.151082
v -0.589680 0.062864 -0.150691
v -0.582306 -0.008077 -0.147261
v -0.581855 0.062676 -0.147298
v -0.573431 -0.008556 -0.147244
v -0.572868 0.062541 -0.147281
v -0.564428 -0.009112 -0.147245
v -0.563838 0.062456 -0.147266
v -0.555443 -0.009733 -0.147249
v -0.554810 0.062429 -0.147260
v -0.545877 -0.010352 -0.147259
v -0.545253 0.062521 -0.147268
v -0.533520 -0.011342 -0.147291
v -0.532524 0.062766 -0.147308
v -0.516777 -0.012189 -0.147445
v -0.516081 0.063274 -0.147522
v -0.494625 -0.012723 -0.148522
v -0.494507 0.062857 -0.148569
v -0.484441 -0.013774 -0.157710
v -0.484684 0.062758 -0.157980
v -0.470253 -0.014998 -0.160210
v -0.470432 0.062817 -0.160114
v -0.453311 -0.016546 -0.160523
v -0.453266 0.063018 -0.160505
v -0.453117 0.144243 -0.160523
v -0.430023 0.063790 -0.160553
v -0.429161 0.146905 -0.160563
v -0.426999 0.226833 -0.160553
v -0.384760 0.149880 -0.160556
v -0.378488 0.235713 -0.160547
v -0.367653 0.313920 -0.160569
v -0.289194 0.243758 -0.160556
v -0.283375 0.325722 -0.160579
v -0.277704 0.360400 -0.160381
v -0.198095 0.331966 -0.160582
v -0.195702 0.365609 -0.160307
v -0.192638 0.381935 -0.156649
v -0.114317 0.367753 -0.160308
v -0.112656 0.382427 -0.155197
v -0.111431 0.391828 -0.148375
v -0.033441 0.382758 -0.154396
v -0.033994 0.392535 -0.148189
v -0.034899 0.405241 -0.147505
v 0.044804 0.391361 -0.148338
v 0.042378 0.403542 -0.147569
v 0.040746 0.416232 -0.147368
v 0.123653 0.402096 -0.147687
v 0.121071 0.414673 -0.147371
v 0.119039 0.428561 -0.147271
v 0.201329 0.411446 -0.147441
v 0.199098 0.422106 -0.147313
v 0.199207 0.432130 -0.147270
v 0.273381 0.421850 -0.147290
v 0.271331 0.431946 -0.147261
v 0.269611 0.441734 -0.147252
v 0.337250 0.437748 -0.147251
v 0.335734 0.447292 -0.147242
v 0.334312 0.456442 -0.147234
v 0.388023 0.455150 -0.147231
v 0.387126 0.463550 -0.147214
v 0.386420 0.471767 -0.147186
v 0.430238 0.470890 -0.147204
v 0.429942 0.478299 -0.147178
v 0.429790 0.485773 -0.147143
v 0.463205 0.483574 -0.147174
v 0.463184 0.490246 -0.147147
v 0.463272 0.496258 -0.150360
v 0.486287 0.493054 -0.148181
v 0.486657 0.498117 -0.151821
v 0.486885 0.500270 -0.157285
v 0.463489 0.500553 -0.155223
v 0.487003 0.500869 -0.163826
v 0.463817 0.501539 -0.161841
v 0.487156 0.500723 -0.170399
v 0.464195 0.501972 -0.168736
v 0.487269 0.500383 -0.176901
v 0.464587 0.501880 -0.175590
v 0.487420 0.498479 -0.183601
v 0.465008 0.499730 -0.182462
v 0.487454 0.495328 -0.188469
v 0.465537 0.496490 -0.188086
v 0.487311 0.489058 -0.189133
v 0.466279 0.489962 -0.188926
v 0.434211 0.491213 -0.188675
v 0.466970 0.483102 -0.189587
v 0.435490 0.483841 -0.189556
v 0.391293 0.485042 -0.189521
v 0.437034 0.476445 -0.189821
v 0.392897 0.477280 -0.189803
v 0.336964 0.478971 -0.189734
v 0.394812 0.469470 -0.189920
v 0.338631 0.470920 -0.189923
v 0.269270 0.472283 -0.189916
v 0.340462 0.462916 -0.190005
v 0.270368 0.464342 -0.190004
v 0.192171 0.470970 -0.189956
v 0.192014 0.479597 -0.189786
v 0.112336 0.500706 -0.190044
v 0.112531 0.511481 -0.190003
v 0.034408 0.528768 -0.190071
v 0.113061 0.486853 -0.190068
v 0.033658 0.513696 -0.190078
v -0.048887 0.518945 -0.190079
v -0.046618 0.534710 -0.190075
v 0.033805 0.492159 -0.190079
v -0.049877 0.494157 -0.190080
v 0.027907 0.454796 -0.190083
v -0.055284 0.450013 -0.190085
v -0.131254 0.435582 -0.190071
v -0.061081 0.415858 -0.190090
v -0.134511 0.406849 -0.189923
v -0.212921 0.397625 -0.189728
v -0.137824 0.384181 -0.186010
v -0.218220 0.377878 -0.179657
v -0.301479 0.373116 -0.179965
v -0.224450 0.346219 -0.179395
v -0.308654 0.339282 -0.179389
v -0.390674 0.330287 -0.179375
v -0.316082 0.257974 -0.179358
v -0.403539 0.248065 -0.179363
v -0.467782 0.239412 -0.179581
v -0.415027 0.162025 -0.179363
v -0.472160 0.156483 -0.179643
v -0.492240 0.153665 -0.184466
v -0.473350 0.073758 -0.179666
v -0.491572 0.072988 -0.184123
v -0.504722 0.071651 -0.189592
v -0.490973 -0.008069 -0.183816
v -0.504428 -0.007920 -0.189545
v -0.518193 -0.007561 -0.189937
v -0.518584 0.070515 -0.189930
v -0.530014 -0.007496 -0.190020
v -0.530358 0.069230 -0.190021
v -0.540420 -0.007044 -0.190046
v -0.529180 -0.083743 -0.190005
v -0.539585 -0.082115 -0.190042
v -0.549051 -0.080733 -0.190031
v -0.549801 -0.006797 -0.190035
v -0.558171 -0.079720 -0.189968
v -0.558851 -0.006654 -0.189982
v -0.567256 -0.078797 -0.189845
v -0.557541 -0.151445 -0.190014
v -0.566777 -0.149758 -0.189936
v -0.575986 -0.148397 -0.189763
v -0.576333 -0.078064 -0.189517
v -0.585277 -0.147370 -0.189045
v -0.585541 -0.077533 -0.188367
v -0.592451 -0.146632 -0.185151
v -0.593167 -0.077213 -0.184835
v -0.595380 -0.146166 -0.176803
v -0.595732 -0.077080 -0.176652
v -0.596049 -0.145965 -0.167771
v -0.596086 -0.077131 -0.167630
v -0.594802 -0.146000 -0.158819
v -0.594625 -0.077361 -0.158643
v -0.591517 -0.146342 -0.150998
v -0.590542 -0.077745 -0.151143
v -0.582816 -0.146917 -0.148465
v -0.582472 -0.078312 -0.147196
v -0.573676 -0.147776 -0.147614
v -0.573568 -0.079086 -0.147371
v -0.564661 -0.148892 -0.147388
v -0.564517 -0.080065 -0.147336
v -0.555654 -0.150315 -0.147309
v -0.555450 -0.081196 -0.147303
v -0.546307 -0.152306 -0.147283
v -0.545874 -0.082183 -0.147286
v -0.534145 -0.153704 -0.147300
v -0.533884 -0.083688 -0.147298
v -0.517344 -0.156326 -0.147426
v -0.517115 -0.086053 -0.147434
v -0.494201 -0.159563 -0.148908
v -0.494505 -0.088128 -0.148638
v -0.483512 -0.163751 -0.157767
v -0.484398 -0.090072 -0.158165
v -0.468817 -0.168683 -0.160175
v -0.469865 -0.092872 -0.160263
v -0.451471 -0.174858 -0.160527
v -0.452405 -0.096481 -0.160519
v -0.427798 -0.183199 -0.160561
v -0.428981 -0.100969 -0.160561
v -0.430361 -0.018298 -0.160562
v -0.384701 -0.106782 -0.160556
v -0.387787 -0.020740 -0.160553
v -0.387792 0.064944 -0.160548
v -0.296193 -0.023030 -0.160563
v -0.296685 0.065369 -0.160560
v -0.294239 0.153737 -0.160578
v -0.204244 0.065720 -0.160574
v -0.203466 0.156627 -0.160575
v -0.201148 0.249840 -0.160562
v -0.115784 0.158462 -0.160584
v -0.115802 0.253352 -0.160559
v -0.115109 0.334769 -0.160581
v -0.030500 0.254719 -0.160557
v -0.031859 0.336112 -0.160583
v -0.032953 0.369091 -0.160235
v 0.051893 0.335118 -0.160568
v 0.049910 0.367911 -0.160251
v 0.047409 0.382863 -0.155124
v 0.134394 0.366165 -0.160303
v 0.130324 0.381886 -0.156475
v 0.127048 0.390465 -0.148803
v 0.211720 0.381455 -0.157874
v 0.208233 0.389378 -0.149396
v 0.204654 0.400202 -0.147874
v 0.284055 0.389605 -0.148766
v 0.279974 0.400452 -0.147623
v 0.276349 0.411340 -0.147382
v 0.344389 0.405353 -0.147543
v 0.341338 0.416740 -0.147346
v 0.338972 0.427562 -0.147274
v 0.392001 0.426584 -0.147283
v 0.390492 0.437110 -0.147254
v 0.389108 0.446482 -0.147243
v 0.432494 0.447148 -0.147242
v 0.431650 0.455379 -0.147235
v 0.430732 0.463185 -0.147223
v 0.463215 0.461700 -0.147234
v 0.463120 0.469321 -0.147222
v 0.463150 0.476531 -0.147202
v 0.483815 0.472634 -0.147263
v 0.484829 0.480078 -0.147258
v 0.485635 0.486736 -0.147200
v 0.499099 0.481933 -0.147474
v 0.500817 0.487896 -0.147559
v 0.501905 0.493509 -0.149177
v 0.512678 0.487014 -0.148776
v 0.514460 0.491662 -0.149715
v 0.515783 0.494264 -0.154327
v 0.503002 0.497779 -0.152934
v 0.516496 0.495944 -0.159762
v 0.503383 0.499485 -0.158766
v 0.516902 0.496890 -0.165735
v 0.503508 0.500263 -0.165047
v 0.516856 0.496953 -0.172057
v 0.503452 0.499817 -0.171473
v 0.516499 0.496070 -0.178322
v 0.503164 0.499041 -0.177825
v 0.515878 0.494397 -0.184183
v 0.502699 0.497105 -0.184041
v 0.514528 0.490433 -0.187560
v 0.501955 0.493749 -0.188526
v 0.512162 0.485282 -0.189054
v 0.500761 0.487927 -0.189150
v 0.499669 0.481436 -0.189603
v 0.486935 0.482349 -0.189583
v 0.498360 0.474564 -0.189819
v 0.486302 0.475441 -0.189847
v 0.467666 0.476175 -0.189823
v 0.485574 0.468164 -0.189961
v 0.468373 0.468839 -0.189949
v 0.438753 0.468845 -0.189924
v 0.469159 0.461271 -0.190011
v 0.440644 0.461133 -0.190005
v 0.396874 0.461646 -0.189999
v 0.442736 0.453134 -0.190045
v 0.399324 0.453654 -0.190043
v 0.342512 0.454837 -0.190047
v 0.403545 0.443090 -0.190064
v 0.344865 0.445000 -0.190063
v 0.272968 0.446885 -0.190060
v 0.271733 0.456332 -0.190038
v 0.193644 0.450624 -0.190059
v 0.193410 0.461545 -0.190028
v 0.113250 0.468996 -0.190076
v 0.193919 0.435877 -0.190057
v 0.114007 0.444489 -0.190076
v 0.194526 0.418781 -0.189952
v 0.110855 0.418337 -0.190017
v 0.025278 0.421204 -0.190046
v 0.107894 0.390245 -0.188489
v 0.024043 0.394047 -0.188736
v -0.065116 0.392493 -0.190143
v 0.022848 0.353865 -0.179531
v -0.062886 0.355613 -0.179555
v -0.142021 0.352804 -0.179486
v -0.064364 0.270680 -0.179363
v -0.146185 0.270741 -0.179361
v -0.230123 0.266226 -0.179362
v -0.150443 0.174002 -0.179362
v -0.236068 0.171449 -0.179362
v -0.324214 0.167139 -0.179362
v -0.241003 0.080249 -0.179362
v -0.330807 0.078499 -0.179363
v -0.423107 0.076389 -0.179365
v -0.335218 -0.009598 -0.179363
v -0.427022 -0.009380 -0.179366
v -0.472955 -0.008611 -0.179575
v -0.427791 -0.094739 -0.179365
v -0.471888 -0.091856 -0.179484
v -0.490310 -0.089996 -0.183504
v -0.470799 -0.173992 -0.179543
v -0.490345 -0.169271 -0.183103
v -0.502993 -0.165959 -0.189397
v -0.503908 -0.087937 -0.189379
v -0.516198 -0.162010 -0.189920
v -0.517441 -0.085992 -0.189891
v -0.527649 -0.158615 -0.190016
v -0.516030 -0.229157 -0.189876
v -0.527684 -0.225532 -0.190011
v -0.538344 -0.222349 -0.190052
v -0.538313 -0.155823 -0.190048
v -0.548296 -0.219689 -0.190049
v -0.548184 -0.153476 -0.190048
v -0.557812 -0.217237 -0.190019
v -0.550653 -0.271496 -0.190045
v -0.559927 -0.269287 -0.190020
v -0.569099 -0.267453 -0.189935
v -0.567183 -0.215261 -0.189945
v -0.578184 -0.265937 -0.189754
v -0.576462 -0.213631 -0.189793
v -0.587051 -0.264641 -0.189106
v -0.585702 -0.212317 -0.189152
v -0.592900 -0.263587 -0.183758
v -0.592449 -0.211298 -0.184790
v -0.595469 -0.262763 -0.175182
v -0.595274 -0.210551 -0.176300
v -0.595864 -0.262143 -0.166260
v -0.595780 -0.210057 -0.167283
v -0.594302 -0.261712 -0.157332
v -0.594447 -0.209813 -0.158470
v -0.589857 -0.261475 -0.149662
v -0.590971 -0.209842 -0.150664
v -0.581707 -0.261417 -0.148007
v -0.582604 -0.210104 -0.148230
v -0.572811 -0.261578 -0.147575
v -0.573442 -0.210597 -0.147614
v -0.563907 -0.261955 -0.147399
v -0.564502 -0.211327 -0.147408
v -0.554975 -0.262594 -0.147321
v -0.555573 -0.212340 -0.147323
v -0.545676 -0.263628 -0.147289
v -0.546402 -0.214112 -0.147279
v -0.533128 -0.266177 -0.147315
v -0.533911 -0.217258 -0.147299
v -0.516665 -0.267775 -0.147452
v -0.517216 -0.219584 -0.147469
v -0.494232 -0.270078 -0.149019
v -0.494107 -0.221452 -0.149002
v -0.485666 -0.272100 -0.159695
v -0.484217 -0.225022 -0.159775
v -0.471428 -0.276649 -0.160324
v -0.469018 -0.230754 -0.160390
v -0.453372 -0.284241 -0.160508
v -0.450940 -0.239302 -0.160552
v -0.419175 -0.295587 -0.160523
v -0.426187 -0.250991 -0.160582
v -0.356932 -0.307030 -0.160414
v -0.368781 -0.269976 -0.160580
v -0.378838 -0.193075 -0.160567
v -0.281198 -0.281568 -0.160564
v -0.287465 -0.203019 -0.160582
v -0.292992 -0.112147 -0.160577
v -0.196222 -0.210268 -0.160587
v -0.200535 -0.116333 -0.160577
v -0.203270 -0.024823 -0.160591
v -0.111169 -0.119062 -0.160585
v -0.113639 -0.026035 -0.160588
v -0.115125 0.065934 -0.160572
v -0.025586 -0.026602 -0.160570
v -0.027414 0.065940 -0.160561
v -0.029031 0.159182 -0.160561
v 0.060092 0.065748 -0.160563
v 0.057506 0.158805 -0.160569
v 0.054577 0.254203 -0.160557
v 0.145082 0.157413 -0.160576
v 0.141377 0.251832 -0.160555
v 0.137753 0.333177 -0.160581
v 0.228100 0.247538 -0.160559
v 0.222342 0.328733 -0.160585
v 0.216766 0.363847 -0.160359
v 0.306147 0.320539 -0.160593
v 0.295632 0.361854 -0.160397
v 0.289292 0.380057 -0.159679
v 0.362760 0.360341 -0.160464
v 0.354238 0.382617 -0.154901
v 0.348316 0.393390 -0.148213
v 0.402738 0.387226 -0.150501
v 0.397151 0.401545 -0.147752
v 0.394111 0.414673 -0.147389
v 0.436244 0.411224 -0.147320
v 0.434684 0.425003 -0.147265
v 0.433486 0.436953 -0.147250
v 0.463397 0.430650 -0.147249
v 0.463370 0.443414 -0.147245
v 0.463275 0.453565 -0.147242
v 0.481329 0.446245 -0.147253
v 0.481659 0.456461 -0.147260
v 0.482590 0.464807 -0.147262
v 0.495520 0.458151 -0.147286
v 0.496071 0.466420 -0.147320
v 0.497271 0.474411 -0.147400
v 0.505887 0.459465 -0.147334
v 0.495425 0.447540 -0.147271
v 0.505351 0.448736 -0.147316
v 0.514191 0.450376 -0.147422
v 0.514524 0.461154 -0.147467
v 0.522275 0.452396 -0.147671
v 0.521704 0.463160 -0.147766
v 0.530018 0.454182 -0.147975
v 0.528649 0.465376 -0.148281
v 0.525511 0.474328 -0.148236
v 0.520654 0.482052 -0.148215
v 0.535328 0.468187 -0.149319
v 0.531011 0.478247 -0.149551
v 0.523841 0.485879 -0.150758
v 0.533945 0.480916 -0.153594
v 0.526992 0.489573 -0.153774
v 0.535918 0.482671 -0.159315
v 0.527555 0.490451 -0.159780
v 0.536847 0.483472 -0.165785
v 0.528054 0.490965 -0.165911
v 0.537246 0.484101 -0.172329
v 0.528509 0.491497 -0.172212
v 0.536485 0.483536 -0.178743
v 0.527832 0.490589 -0.178440
v 0.534211 0.481301 -0.184616
v 0.526883 0.489514 -0.184209
v 0.531112 0.478137 -0.188651
v 0.524093 0.485035 -0.187305
v 0.526108 0.474604 -0.189572
v 0.520840 0.480846 -0.189960
v 0.535158 0.468911 -0.188513
v 0.528633 0.466068 -0.189119
v 0.522385 0.463416 -0.189656
v 0.530382 0.455011 -0.189499
v 0.523040 0.453182 -0.189784
v 0.515089 0.451423 -0.189941
v 0.515028 0.461132 -0.189867
v 0.506585 0.450532 -0.190011
v 0.506482 0.459903 -0.189977
v 0.496821 0.450782 -0.190046
v 0.496688 0.459646 -0.190019
v 0.497195 0.467332 -0.189954
v 0.484945 0.460441 -0.190021
v 0.484782 0.451789 -0.190054
v 0.469628 0.452804 -0.190056
v 0.485158 0.439019 -0.190074
v 0.470065 0.440142 -0.190074
v 0.445187 0.441517 -0.190072
v 0.470222 0.424602 -0.190080
v 0.447262 0.426280 -0.190075
v 0.407764 0.428539 -0.190047
v 0.448011 0.404386 -0.190027
v 0.411089 0.409700 -0.189919
v 0.352635 0.415398 -0.189916
v 0.348252 0.431924 -0.190051
v 0.275838 0.418813 -0.189989
v 0.274688 0.433988 -0.190058
v 0.358725 0.381337 -0.183462
v 0.279657 0.387487 -0.186628
v 0.192450 0.389317 -0.187611
v 0.282717 0.329233 -0.179375
v 0.192437 0.339701 -0.179413
v 0.106945 0.348475 -0.179462
v 0.193643 0.253045 -0.179362
v 0.105424 0.261250 -0.179362
v 0.020346 0.267006 -0.179363
v 0.105567 0.168489 -0.179362
v 0.018966 0.172140 -0.179362
v -0.066263 0.174143 -0.179363
v 0.017871 0.080246 -0.179363
v -0.068149 0.081196 -0.179363
v -0.153955 0.081225 -0.179363
v -0.069932 -0.010139 -0.179365
v -0.156412 -0.009932 -0.179362
v -0.244447 -0.009738 -0.179360
v -0.157667 -0.101217 -0.179363
v -0.246230 -0.099786 -0.179362
v -0.337167 -0.097576 -0.179363
v -0.246338 -0.191337 -0.179362
v -0.336515 -0.186882 -0.179363
v -0.424924 -0.180960 -0.179365
v -0.333314 -0.272932 -0.179370
v -0.417656 -0.261517 -0.179365
v -0.468691 -0.249914 -0.179483
v -0.408821 -0.312554 -0.179684
v -0.465533 -0.302989 -0.179447
v -0.492011 -0.292866 -0.184225
v -0.490452 -0.239853 -0.183465
v -0.506937 -0.286050 -0.189432
v -0.503396 -0.233839 -0.189354
v -0.519795 -0.281162 -0.189905
v -0.513494 -0.319890 -0.189596
v -0.525680 -0.317262 -0.189941
v -0.535865 -0.315390 -0.190034
v -0.530694 -0.277456 -0.190016
v -0.545360 -0.313803 -0.190054
v -0.541009 -0.274274 -0.190046
v -0.554334 -0.312402 -0.190034
v -0.549440 -0.346768 -0.190044
v -0.557858 -0.346400 -0.190020
v -0.566248 -0.346012 -0.189948
v -0.563123 -0.311140 -0.189973
v -0.574620 -0.345590 -0.189789
v -0.571872 -0.309959 -0.189831
v -0.583270 -0.345126 -0.189453
v -0.580647 -0.308834 -0.189553
v -0.591486 -0.344667 -0.187682
v -0.588966 -0.307846 -0.188867
v -0.594266 -0.344226 -0.180621
v -0.593758 -0.306986 -0.182395
v -0.595372 -0.343775 -0.172330
v -0.595693 -0.306263 -0.173776
v -0.594772 -0.343309 -0.163974
v -0.595827 -0.305645 -0.165049
v -0.592543 -0.342836 -0.155946
v -0.593937 -0.305133 -0.156436
v -0.588732 -0.342303 -0.149052
v -0.589136 -0.304742 -0.149872
v -0.580544 -0.341754 -0.147677
v -0.580925 -0.304452 -0.148257
v -0.571765 -0.341233 -0.147502
v -0.572175 -0.304261 -0.147694
v -0.563175 -0.340694 -0.147379
v -0.563401 -0.304162 -0.147443
v -0.554485 -0.340090 -0.147315
v -0.554540 -0.304126 -0.147333
v -0.545473 -0.339469 -0.147291
v -0.545237 -0.304163 -0.147297
v -0.534099 -0.338746 -0.147300
v -0.533093 -0.304274 -0.147322
v -0.546951 -0.376496 -0.147280
v -0.536931 -0.374824 -0.147261
v -0.548574 -0.420711 -0.147289
v -0.539509 -0.418874 -0.147261
v -0.526089 -0.417655 -0.147247
v -0.538344 -0.470053 -0.147254
v -0.523699 -0.471328 -0.147245
v -0.503621 -0.472871 -0.147245
v -0.508026 -0.416085 -0.147245
v -0.468048 -0.474897 -0.147245
v -0.470683 -0.414090 -0.147245
v -0.400535 -0.477433 -0.147245
v -0.401576 -0.413097 -0.147245
v -0.402015 -0.375430 -0.147254
v -0.403460 -0.359048 -0.147284
v -0.326556 -0.415557 -0.147245
v -0.331571 -0.380362 -0.147254
v -0.334442 -0.361875 -0.147275
v -0.338125 -0.347693 -0.147315
v -0.406204 -0.344489 -0.147346
v -0.252798 -0.384847 -0.147251
v -0.256487 -0.364159 -0.147281
v -0.259682 -0.348362 -0.147330
v -0.263639 -0.335552 -0.149094
v -0.343367 -0.334667 -0.150596
v -0.173877 -0.365756 -0.147283
v -0.176842 -0.349902 -0.147343
v -0.179635 -0.338597 -0.147415
v -0.183761 -0.331654 -0.157052
v -0.269265 -0.328394 -0.159152
v -0.094944 -0.351284 -0.147294
v -0.097080 -0.339763 -0.147326
v -0.099678 -0.332465 -0.155932
v -0.102571 -0.316587 -0.160177
v -0.187896 -0.315071 -0.160215
v -0.014801 -0.340343 -0.147370
v -0.016032 -0.332547 -0.155771
v -0.017349 -0.316922 -0.160163
v -0.019466 -0.289294 -0.160556
v -0.104692 -0.288684 -0.160564
v 0.068088 -0.332359 -0.155713
v 0.067576 -0.316488 -0.160238
v 0.066944 -0.288623 -0.160559
v 0.065593 -0.215681 -0.160587
v -0.021481 -0.216470 -0.160592
v 0.151357 -0.316100 -0.160591
v 0.152511 -0.286246 -0.160588
v 0.153056 -0.212375 -0.160588
v 0.152445 -0.117647 -0.160567
v 0.064089 -0.119794 -0.160560
v 0.237353 -0.282669 -0.160564
v 0.240272 -0.206004 -0.160578
v 0.242270 -0.113798 -0.160564
v 0.241489 -0.024482 -0.160571
v 0.150899 -0.025822 -0.160558
v 0.332395 -0.196892 -0.160591
v 0.336347 -0.108758 -0.160572
v 0.335425 -0.022856 -0.160576
v 0.330364 0.064023 -0.160568
v 0.238296 0.064613 -0.160566
v 0.396311 -0.104596 -0.160457
v 0.399725 -0.022018 -0.160455
v 0.400935 0.064114 -0.160339
v 0.398934 0.149590 -0.160412
v 0.323814 0.152027 -0.160585
v 0.426604 -0.024315 -0.157243
v 0.428714 0.063085 -0.154591
v 0.428817 0.149483 -0.154583
v 0.427420 0.228396 -0.155232
v 0.390986 0.235033 -0.160497
v 0.445790 0.062478 -0.148087
v 0.445885 0.146739 -0.147924
v 0.444062 0.225867 -0.148647
v 0.441618 0.295544 -0.149082
v 0.420191 0.299642 -0.158269
v 0.461618 0.144222 -0.147388
v 0.460934 0.223565 -0.147472
v 0.459033 0.292830 -0.147430
v 0.461251 0.347800 -0.147376
v 0.440149 0.350933 -0.148829
v 0.475297 0.220970 -0.147290
v 0.473975 0.290178 -0.147284
v 0.476185 0.345560 -0.147268
v 0.479005 0.388758 -0.147258
v 0.462465 0.390298 -0.147310
v 0.486702 0.287272 -0.147258
v 0.488940 0.342987 -0.147255
v 0.492349 0.387042 -0.147255
v 0.494539 0.417025 -0.147259
v 0.480690 0.416881 -0.147249
v 0.499133 0.340612 -0.147262
v 0.502040 0.385104 -0.147275
v 0.504358 0.416701 -0.147282
v 0.505311 0.435654 -0.147294
v 0.495543 0.434543 -0.147263
v 0.510369 0.383886 -0.147308
v 0.512760 0.416242 -0.147330
v 0.513990 0.436986 -0.147344
v 0.520855 0.415902 -0.147426
v 0.522265 0.438328 -0.147426
v 0.528625 0.415670 -0.147618
v 0.529887 0.439259 -0.147603
v 0.536313 0.415520 -0.148019
v 0.537435 0.439881 -0.148080
v 0.537401 0.455783 -0.148683
v 0.542851 0.440061 -0.151448
v 0.542692 0.456878 -0.152032
v 0.539589 0.470148 -0.153032
v 0.545700 0.457359 -0.158417
v 0.542315 0.471609 -0.158712
v 0.546697 0.457602 -0.165343
v 0.543400 0.472295 -0.165505
v 0.546715 0.457724 -0.172272
v 0.543368 0.472461 -0.172323
v 0.545851 0.457691 -0.179183
v 0.542660 0.472102 -0.178904
v 0.543076 0.457435 -0.185538
v 0.539655 0.470753 -0.184953
v 0.537533 0.456571 -0.188674
v 0.544047 0.440401 -0.185913
v 0.538052 0.440430 -0.188687
v 0.530676 0.440271 -0.189542
v 0.537005 0.417616 -0.188601
v 0.529504 0.418362 -0.189464
v 0.522056 0.419238 -0.189776
v 0.523298 0.439606 -0.189847
v 0.514157 0.419949 -0.189934
v 0.515209 0.438481 -0.189976
v 0.505946 0.420871 -0.190020
v 0.506877 0.437972 -0.190028
v 0.497179 0.422010 -0.190059
v 0.497490 0.438290 -0.190061
v 0.484810 0.423305 -0.190078
v 0.494264 0.394939 -0.190065
v 0.482224 0.397816 -0.190077
v 0.468231 0.400844 -0.190072
v 0.476293 0.354492 -0.190087
v 0.462323 0.357686 -0.190103
v 0.444639 0.362718 -0.190133
v 0.456342 0.301301 -0.190069
v 0.438291 0.304877 -0.190039
v 0.419191 0.309049 -0.181592
v 0.415796 0.371304 -0.183840
v 0.366368 0.318099 -0.179373
v 0.419097 0.235605 -0.181341
v 0.374037 0.239278 -0.179375
v 0.285897 0.245692 -0.179363
v 0.378033 0.155257 -0.179382
v 0.288643 0.159373 -0.179363
v 0.195422 0.164088 -0.179363
v 0.290505 0.075192 -0.179363
v 0.196388 0.076874 -0.179362
v 0.105674 0.078616 -0.179362
v 0.196092 -0.009902 -0.179362
v 0.105017 -0.010323 -0.179361
v 0.016863 -0.010334 -0.179360
v 0.103481 -0.099638 -0.179363
v 0.015251 -0.101323 -0.179363
v -0.071107 -0.101788 -0.179364
v 0.013268 -0.194817 -0.179363
v -0.071682 -0.195787 -0.179363
v -0.157278 -0.194317 -0.179363
v -0.071605 -0.283104 -0.179379
v -0.155116 -0.281502 -0.179399
v -0.245048 -0.278827 -0.179384
v -0.152789 -0.317860 -0.181125
v -0.242893 -0.317980 -0.181040
v -0.329419 -0.316212 -0.179786
v -0.241824 -0.337643 -0.189183
v -0.326512 -0.336034 -0.189422
v -0.401940 -0.333399 -0.186450
v -0.323760 -0.354402 -0.189867
v -0.397899 -0.352222 -0.189894
v -0.461177 -0.350206 -0.189958
v -0.462429 -0.331943 -0.183417
v -0.500847 -0.348850 -0.189849
v -0.496668 -0.323856 -0.186902
v -0.518877 -0.348134 -0.189933
v -0.505000 -0.377667 -0.190074
v -0.522760 -0.378717 -0.190075
v -0.535064 -0.379418 -0.190075
v -0.530644 -0.347582 -0.190021
v -0.545041 -0.379993 -0.190065
v -0.540531 -0.347162 -0.190047
v -0.553303 -0.380356 -0.190042
v -0.548147 -0.418063 -0.190066
v -0.555854 -0.418970 -0.190030
v -0.563538 -0.419620 -0.189964
v -0.561076 -0.380680 -0.190001
v -0.571288 -0.420090 -0.189852
v -0.569075 -0.380902 -0.189926
v -0.579091 -0.420537 -0.189699
v -0.577094 -0.381050 -0.189742
v -0.586969 -0.420890 -0.189090
v -0.585350 -0.381101 -0.189178
v -0.592550 -0.421162 -0.185203
v -0.591978 -0.381122 -0.186386
v -0.595077 -0.421373 -0.177744
v -0.594789 -0.381046 -0.179175
v -0.595592 -0.421560 -0.169856
v -0.595392 -0.380874 -0.171037
v -0.594460 -0.421691 -0.161998
v -0.594518 -0.380613 -0.162933
v -0.591908 -0.421805 -0.154331
v -0.592129 -0.380298 -0.155174
v -0.587457 -0.421862 -0.148151
v -0.588361 -0.379898 -0.148579
v -0.580028 -0.421768 -0.147842
v -0.580313 -0.379430 -0.147620
v -0.572144 -0.421643 -0.147560
v -0.571869 -0.378907 -0.147478
v -0.564303 -0.421475 -0.147399
v -0.563654 -0.378272 -0.147377
v -0.556469 -0.421224 -0.147325
v -0.555378 -0.377495 -0.147314
v -0.564044 -0.467269 -0.147388
v -0.556185 -0.468273 -0.147311
v -0.548261 -0.468435 -0.147279
v -0.551068 -0.505344 -0.147278
v -0.541738 -0.505986 -0.147251
v -0.529217 -0.506764 -0.147242
v -0.533980 -0.525279 -0.147227
v -0.521966 -0.525320 -0.147208
v -0.506212 -0.525142 -0.147205
v -0.514098 -0.506173 -0.147241
v -0.484259 -0.526014 -0.147227
v -0.492641 -0.506004 -0.147241
v -0.452657 -0.527912 -0.147250
v -0.460265 -0.508919 -0.147245
v -0.396399 -0.531324 -0.147245
v -0.401085 -0.512212 -0.147245
v -0.321852 -0.534768 -0.147235
v -0.323090 -0.516681 -0.147243
v -0.324391 -0.480060 -0.147245
v -0.245011 -0.519188 -0.147244
v -0.246551 -0.483354 -0.147245
v -0.248895 -0.419223 -0.147245
v -0.164864 -0.486083 -0.147245
v -0.168040 -0.424372 -0.147246
v -0.170976 -0.387575 -0.147251
v -0.089332 -0.429137 -0.147246
v -0.090571 -0.390029 -0.147250
v -0.092813 -0.367522 -0.147266
v -0.011817 -0.392578 -0.147249
v -0.012270 -0.369405 -0.147270
v -0.013408 -0.352602 -0.147316
v 0.068730 -0.371339 -0.147267
v 0.068758 -0.354013 -0.147321
v 0.068157 -0.341014 -0.147391
v 0.148943 -0.356044 -0.147251
v 0.149326 -0.342524 -0.147277
v 0.150431 -0.332808 -0.155533
v 0.228338 -0.342945 -0.147349
v 0.231734 -0.332373 -0.155876
v 0.234936 -0.314878 -0.160250
v 0.310100 -0.330279 -0.158962
v 0.315970 -0.310910 -0.160347
v 0.325238 -0.274355 -0.160589
v 0.381131 -0.304044 -0.160442
v 0.389135 -0.262132 -0.160523
v 0.393727 -0.188736 -0.160483
v 0.417432 -0.249431 -0.160000
v 0.418574 -0.179918 -0.159847
v 0.420414 -0.101616 -0.159851
v 0.429924 -0.173869 -0.152021
v 0.430572 -0.096972 -0.150332
v 0.439108 -0.022153 -0.147923
v 0.444868 -0.093965 -0.147696
v 0.452537 -0.019489 -0.147393
v 0.460598 0.062985 -0.147398
v 0.465550 -0.016554 -0.147275
v 0.473407 0.063572 -0.147289
v 0.474833 0.142893 -0.147285
v 0.484692 0.064310 -0.147265
v 0.486354 0.142920 -0.147260
v 0.487261 0.219262 -0.147258
v 0.496622 0.142396 -0.147266
v 0.497474 0.217541 -0.147262
v 0.497280 0.285352 -0.147267
v 0.506566 0.215875 -0.147283
v 0.506567 0.283438 -0.147301
v 0.507939 0.338975 -0.147285
v 0.515604 0.282146 -0.147382
v 0.516638 0.337966 -0.147353
v 0.518619 0.383023 -0.147376
v 0.525281 0.337219 -0.147487
v 0.526854 0.382357 -0.147515
v 0.534127 0.336687 -0.147769
v 0.535154 0.381911 -0.147890
v 0.542005 0.336366 -0.149815
v 0.542234 0.381656 -0.150264
v 0.542482 0.415432 -0.150860
v 0.545887 0.381622 -0.157142
v 0.545950 0.415500 -0.157538
v 0.546227 0.440067 -0.157963
v 0.547425 0.415714 -0.164963
v 0.547503 0.440103 -0.165140
v 0.547645 0.416059 -0.172491
v 0.547652 0.440216 -0.172280
v 0.546618 0.416486 -0.179990
v 0.546623 0.440314 -0.179536
v 0.544221 0.416979 -0.186508
v 0.546092 0.383004 -0.180949
v 0.542394 0.383834 -0.187852
v 0.535121 0.384891 -0.189072
v 0.540843 0.338581 -0.188294
v 0.532820 0.339730 -0.189535
v 0.524371 0.341139 -0.189777
v 0.527180 0.386201 -0.189688
v 0.515864 0.342850 -0.189918
v 0.519207 0.387722 -0.189880
v 0.507402 0.344869 -0.190011
v 0.511312 0.389525 -0.189983
v 0.498651 0.347728 -0.190056
v 0.503121 0.392038 -0.190041
v 0.488628 0.351392 -0.190076
v 0.494748 0.290902 -0.190068
v 0.483872 0.293930 -0.190079
v 0.470876 0.297311 -0.190080
v 0.480668 0.223491 -0.190085
v 0.467880 0.224442 -0.190094
v 0.453810 0.226961 -0.190100
v 0.465535 0.147790 -0.190114
v 0.451930 0.148214 -0.190176
v 0.436698 0.149731 -0.190283
v 0.437152 0.230254 -0.190082
v 0.419309 0.151840 -0.181422
v 0.434835 0.072016 -0.189120
v 0.417430 0.071180 -0.179842
v 0.379950 0.074075 -0.179372
v 0.418390 -0.006939 -0.180508
v 0.380572 -0.008112 -0.179387
v 0.290445 -0.009108 -0.179363
v 0.378193 -0.089611 -0.179378
v 0.288501 -0.093349 -0.179363
v 0.194758 -0.096849 -0.179363
v 0.284711 -0.178580 -0.179363
v 0.192654 -0.185452 -0.179363
v 0.100750 -0.190992 -0.179363
v 0.190520 -0.272854 -0.179374
v 0.097361 -0.277726 -0.179383
v 0.011022 -0.281792 -0.179381
v 0.093044 -0.317271 -0.180824
v 0.006527 -0.319070 -0.179472
v -0.071770 -0.319021 -0.179588
v 0.005534 -0.336752 -0.189127
v -0.070659 -0.335585 -0.189139
v -0.152362 -0.336673 -0.188794
v -0.071942 -0.352126 -0.189780
v -0.151872 -0.352994 -0.189821
v -0.240930 -0.354245 -0.189805
v -0.152207 -0.372340 -0.190030
v -0.239871 -0.374179 -0.190033
v -0.321101 -0.375091 -0.190050
v -0.239222 -0.404500 -0.190086
v -0.318197 -0.404216 -0.190096
v -0.393037 -0.404703 -0.190093
v -0.394555 -0.374725 -0.190055
v -0.462527 -0.406173 -0.190085
v -0.462075 -0.375051 -0.190060
v -0.507235 -0.410898 -0.190087
v -0.460352 -0.464066 -0.190093
v -0.505504 -0.463325 -0.190092
v -0.525303 -0.463042 -0.190094
v -0.525425 -0.413741 -0.190090
v -0.539584 -0.463137 -0.190085
v -0.538393 -0.415815 -0.190083
v -0.549368 -0.463146 -0.190066
v -0.534915 -0.503969 -0.190089
v -0.546588 -0.503122 -0.190080
v -0.555524 -0.502792 -0.190058
v -0.557376 -0.463583 -0.190035
v -0.564596 -0.503333 -0.189998
v -0.565248 -0.463804 -0.189973
v -0.572793 -0.504127 -0.189900
v -0.572807 -0.463595 -0.189836
v -0.581006 -0.504338 -0.189635
v -0.580510 -0.463866 -0.189490
v -0.588485 -0.504523 -0.189077
v -0.587984 -0.464026 -0.189004
v -0.593384 -0.504778 -0.183764
v -0.592889 -0.464171 -0.184240
v -0.595466 -0.505250 -0.175869
v -0.595279 -0.464354 -0.176669
v -0.595897 -0.505308 -0.167874
v -0.595989 -0.464734 -0.168782
v -0.594683 -0.505350 -0.159842
v -0.594810 -0.465010 -0.160976
v -0.591463 -0.505469 -0.152545
v -0.591896 -0.465454 -0.153506
v -0.585638 -0.505489 -0.148354
v -0.586998 -0.465823 -0.148405
v -0.577707 -0.505576 -0.147643
v -0.579470 -0.466163 -0.147812
v -0.569240 -0.505715 -0.147422
v -0.571593 -0.466517 -0.147540
v -0.560295 -0.505589 -0.147335
v -0.543729 -0.524816 -0.147251
v -0.540022 -0.538694 -0.147214
v -0.529616 -0.538613 -0.147160
v -0.517240 -0.538311 -0.147123
v -0.498818 -0.549999 -0.147006
v -0.501279 -0.538568 -0.147134
v -0.476870 -0.551739 -0.147245
v -0.480104 -0.540083 -0.147215
v -0.443654 -0.552472 -0.147342
v -0.447063 -0.541587 -0.147280
v -0.388326 -0.553392 -0.147239
v -0.391001 -0.543131 -0.147247
v -0.317748 -0.554912 -0.147211
v -0.319504 -0.545358 -0.147225
v -0.240541 -0.555293 -0.147238
v -0.241600 -0.545667 -0.147240
v -0.241550 -0.535336 -0.147241
v -0.162446 -0.544737 -0.147242
v -0.161663 -0.534671 -0.147242
v -0.162301 -0.518424 -0.147245
v -0.086752 -0.532433 -0.147248
v -0.086542 -0.516928 -0.147245
v -0.088118 -0.489883 -0.147245
v -0.008227 -0.517986 -0.147246
v -0.009025 -0.493488 -0.147245
v -0.010101 -0.436248 -0.147246
v 0.070629 -0.497976 -0.147245
v 0.069660 -0.445408 -0.147245
v 0.069032 -0.395406 -0.147247
v 0.147203 -0.455751 -0.147246
v 0.147055 -0.398759 -0.147248
v 0.149025 -0.373100 -0.147248
v 0.222555 -0.402669 -0.147251
v 0.225025 -0.372595 -0.147262
v 0.226109 -0.357318 -0.147289
v 0.297374 -0.374247 -0.147265
v 0.300827 -0.357825 -0.147300
v 0.305036 -0.341774 -0.147382
v 0.369550 -0.356613 -0.147312
v 0.373204 -0.338843 -0.147402
v 0.376545 -0.324282 -0.159649
v 0.417187 -0.334622 -0.150154
v 0.416439 -0.319426 -0.160290
v 0.416744 -0.296018 -0.160006
v 0.433758 -0.313709 -0.148543
v 0.431056 -0.288990 -0.150858
v 0.430112 -0.240756 -0.152247
v 0.446316 -0.282703 -0.147562
v 0.443022 -0.234288 -0.147668
v 0.442601 -0.168756 -0.147710
v 0.456664 -0.228973 -0.147377
v 0.455855 -0.164457 -0.147404
v 0.458147 -0.091043 -0.147365
v 0.468082 -0.160815 -0.147299
v 0.470430 -0.088439 -0.147281
v 0.477553 -0.014319 -0.147251
v 0.482215 -0.085954 -0.147254
v 0.488767 -0.011974 -0.147249
v 0.494961 0.065029 -0.147268
v 0.499196 -0.010463 -0.147260
v 0.504413 0.065522 -0.147307
v 0.505994 0.141844 -0.147302
v 0.513679 0.065911 -0.147385
v 0.515134 0.141243 -0.147385
v 0.515576 0.214485 -0.147343
v 0.524309 0.140778 -0.147563
v 0.524608 0.213410 -0.147481
v 0.524555 0.281139 -0.147557
v 0.533889 0.212622 -0.147842
v 0.533733 0.280375 -0.147909
v 0.542191 0.212073 -0.150085
v 0.541990 0.279862 -0.149798
v 0.545950 0.211805 -0.157805
v 0.545758 0.279654 -0.157190
v 0.545591 0.336319 -0.156958
v 0.547434 0.279751 -0.165821
v 0.547286 0.336532 -0.165223
v 0.547452 0.381871 -0.164948
v 0.547341 0.336999 -0.173674
v 0.547569 0.382339 -0.172940
v 0.545454 0.337680 -0.181997
v 0.547303 0.280139 -0.174648
v 0.545044 0.280782 -0.183140
v 0.539310 0.281708 -0.188324
v 0.544846 0.212627 -0.184215
v 0.537901 0.213425 -0.188573
v 0.528829 0.214467 -0.189611
v 0.530644 0.282911 -0.189502
v 0.519729 0.215837 -0.189883
v 0.521809 0.284449 -0.189832
v 0.510612 0.217518 -0.190003
v 0.512942 0.286344 -0.189962
v 0.501402 0.219569 -0.190051
v 0.504030 0.288667 -0.190035
v 0.491821 0.221513 -0.190075
v 0.499298 0.144999 -0.190079
v 0.489281 0.146314 -0.190082
v 0.478050 0.146813 -0.190090
v 0.487444 0.070620 -0.190075
v 0.476064 0.070764 -0.190069
v 0.463686 0.071194 -0.190043
v 0.475712 -0.005006 -0.190078
v 0.463305 -0.005219 -0.190080
v 0.449402 -0.005509 -0.190081
v 0.450374 0.071583 -0.189956
v 0.433357 -0.006230 -0.189548
v 0.450428 -0.082043 -0.190089
v 0.435064 -0.082862 -0.190087
v 0.418413 -0.084747 -0.180214
v 0.436851 -0.160163 -0.190247
v 0.417105 -0.164908 -0.180692
v 0.373009 -0.171004 -0.179372
v 0.414448 -0.242146 -0.179474
v 0.363728 -0.253018 -0.179368
v 0.279218 -0.265147 -0.179365
v 0.351537 -0.310984 -0.179495
v 0.274898 -0.314774 -0.179707
v 0.188303 -0.316392 -0.180832
v 0.270515 -0.336395 -0.189414
v 0.186674 -0.336564 -0.188980
v 0.090887 -0.336881 -0.189006
v 0.185253 -0.354030 -0.189831
v 0.090271 -0.354006 -0.189892
v 0.004143 -0.353373 -0.189907
v 0.089324 -0.374588 -0.190044
v 0.003872 -0.372293 -0.190038
v -0.072740 -0.370553 -0.190015
v 0.006320 -0.406294 -0.190080
v -0.075412 -0.405588 -0.190079
v -0.154604 -0.405045 -0.190079
v -0.077437 -0.472769 -0.190082
v -0.155318 -0.472305 -0.190084
v -0.236945 -0.471184 -0.190101
v -0.155526 -0.506977 -0.190085
v -0.234817 -0.505883 -0.190095
v -0.314413 -0.505071 -0.190103
v -0.315892 -0.468078 -0.190105
v -0.388413 -0.504326 -0.190096
v -0.390295 -0.464914 -0.190103
v -0.455299 -0.505269 -0.190093
v -0.387513 -0.524917 -0.190077
v -0.449394 -0.525373 -0.190077
v -0.487243 -0.527474 -0.190126
v -0.497008 -0.504952 -0.190088
v -0.512226 -0.527724 -0.190128
v -0.520096 -0.504072 -0.190090
v -0.528374 -0.526692 -0.190098
v -0.506249 -0.541816 -0.190369
v -0.523696 -0.541564 -0.190224
v -0.536989 -0.540176 -0.190044
v -0.540491 -0.525654 -0.190066
v -0.502836 -0.552339 -0.191467
v -0.481662 -0.540430 -0.190248
v -0.478649 -0.550900 -0.190339
v -0.444272 -0.537657 -0.190024
v -0.441721 -0.547792 -0.189937
v -0.440001 -0.557003 -0.189749
v -0.383252 -0.546699 -0.189954
v -0.381771 -0.556117 -0.189784
v -0.380819 -0.565327 -0.189409
v -0.438754 -0.566137 -0.189027
v -0.380696 -0.574093 -0.188074
v -0.437860 -0.574620 -0.186961
v -0.380832 -0.579179 -0.181762
v -0.437496 -0.579400 -0.180994
v -0.381024 -0.580903 -0.172870
v -0.437350 -0.580768 -0.172401
v -0.470867 -0.580019 -0.171814
v -0.437490 -0.580537 -0.163879
v -0.489073 -0.580168 -0.171158
v -0.498644 -0.584564 -0.170566
v -0.503745 -0.590901 -0.169660
v -0.503683 -0.590851 -0.178553
v -0.503841 -0.590756 -0.160462
v -0.513008 -0.591596 -0.159420
v -0.512547 -0.591562 -0.168784
v -0.504513 -0.590712 -0.149069
v -0.513493 -0.591663 -0.148871
v -0.523277 -0.590888 -0.148176
v -0.522844 -0.591112 -0.158479
v -0.504874 -0.591035 -0.136663
v -0.513787 -0.591696 -0.136882
v -0.523410 -0.590925 -0.136577
v -0.513672 -0.592115 -0.123752
v -0.523444 -0.591294 -0.123655
v -0.530667 -0.586143 -0.123350
v -0.531401 -0.576072 -0.122621
v -0.523057 -0.591530 -0.108499
v -0.530583 -0.586528 -0.108531
v -0.531649 -0.576478 -0.108477
v -0.526650 -0.567399 -0.108318
v -0.525937 -0.567348 -0.121695
v -0.530480 -0.587002 -0.093316
v -0.531940 -0.577148 -0.093396
v -0.528274 -0.568473 -0.093411
v -0.517860 -0.566927 -0.093299
v -0.516978 -0.566817 -0.108210
v -0.532136 -0.577631 -0.080230
v -0.528644 -0.569026 -0.080355
v -0.518269 -0.567044 -0.080435
v -0.507565 -0.567195 -0.080414
v -0.507340 -0.567257 -0.093216
v -0.501899 -0.573078 -0.093190
v -0.501432 -0.573771 -0.108206
v -0.506772 -0.567300 -0.108157
v -0.501869 -0.572599 -0.080435
v -0.500911 -0.582553 -0.080679
v -0.500362 -0.583061 -0.093176
v -0.503363 -0.590931 -0.093160
v -0.504098 -0.591089 -0.108340
v -0.500755 -0.583827 -0.108266
v -0.502710 -0.590773 -0.080753
v -0.511059 -0.592069 -0.080567
v -0.512191 -0.592308 -0.093098
v -0.522357 -0.591698 -0.093196
v -0.513098 -0.592309 -0.108414
v -0.521316 -0.591639 -0.080357
v -0.530239 -0.587504 -0.080192
v -0.504653 -0.591085 -0.123601
v -0.500636 -0.584585 -0.123176
v -0.501285 -0.574740 -0.122412
v -0.505830 -0.567578 -0.121720
v -0.516171 -0.566793 -0.121462
v -0.530554 -0.587731 -0.167119
v -0.522276 -0.591029 -0.167931
v -0.530403 -0.588093 -0.175788
v -0.521707 -0.591277 -0.176740
v -0.512097 -0.591630 -0.177685
v -0.520809 -0.591361 -0.185497
v -0.511432 -0.591654 -0.186747
v -0.503440 -0.590859 -0.187680
v -0.510597 -0.591616 -0.196285
v -0.503006 -0.590831 -0.197262
v -0.509495 -0.590933 -0.205581
v -0.502822 -0.590638 -0.206867
v -0.517755 -0.591121 -0.204780
v -0.516057 -0.589537 -0.213181
v -0.519251 -0.591452 -0.195179
v -0.533472 -0.580063 -0.174944
v -0.533769 -0.580087 -0.166556
v -0.541321 -0.576623 -0.166111
v -0.540859 -0.576667 -0.174769
v -0.550244 -0.573767 -0.174770
v -0.548676 -0.572287 -0.182446
v -0.550695 -0.573579 -0.166209
v -0.562367 -0.569418 -0.166330
v -0.562192 -0.569843 -0.174915
v -0.549876 -0.571202 -0.157575
v -0.561153 -0.567563 -0.157924
v -0.575640 -0.559349 -0.157514
v -0.576799 -0.560650 -0.166251
v -0.558538 -0.563381 -0.150638
v -0.572982 -0.556919 -0.149780
v -0.586639 -0.536789 -0.150523
v -0.590281 -0.537919 -0.157989
v -0.554511 -0.556573 -0.147340
v -0.566594 -0.550459 -0.147640
v -0.579184 -0.533897 -0.147740
v -0.591982 -0.538587 -0.166656
v -0.591889 -0.538731 -0.175462
v -0.576988 -0.560879 -0.175146
v -0.589482 -0.537461 -0.183994
v -0.575498 -0.559310 -0.183763
v -0.560778 -0.568422 -0.183038
v -0.571516 -0.555251 -0.188792
v -0.584535 -0.535885 -0.189283
v -0.575823 -0.532754 -0.189606
v -0.564841 -0.548745 -0.189495
v -0.381235 -0.580647 -0.163888
v -0.382461 -0.579054 -0.154939
v -0.441358 -0.579095 -0.155651
v -0.383955 -0.573119 -0.148242
v -0.439402 -0.573243 -0.148416
v -0.440953 -0.563040 -0.147464
v -0.385880 -0.563600 -0.147209
v -0.314853 -0.573301 -0.148427
v -0.316174 -0.564504 -0.147196
v -0.238191 -0.573608 -0.148875
v -0.239309 -0.564936 -0.147243
v -0.160769 -0.573652 -0.148485
v -0.161389 -0.564296 -0.147256
v -0.161997 -0.554447 -0.147245
v -0.084789 -0.562403 -0.147298
v -0.085522 -0.552644 -0.147269
v -0.086201 -0.542758 -0.147254
v -0.004784 -0.553112 -0.147406
v -0.005923 -0.543246 -0.147302
v -0.007043 -0.533045 -0.147258
v 0.073770 -0.544496 -0.147316
v 0.072911 -0.534603 -0.147264
v 0.072407 -0.520772 -0.147247
v 0.148846 -0.535085 -0.147281
v 0.149542 -0.522585 -0.147254
v 0.148925 -0.501880 -0.147245
v 0.223032 -0.523305 -0.147252
v 0.223667 -0.504500 -0.147247
v 0.222499 -0.465835 -0.147248
v 0.295785 -0.507232 -0.147252
v 0.296693 -0.473829 -0.147251
v 0.297716 -0.410779 -0.147251
v 0.368207 -0.481838 -0.147254
v 0.369653 -0.420147 -0.147254
v 0.366919 -0.377656 -0.147264
v 0.430515 -0.430325 -0.147252
v 0.425840 -0.383628 -0.147254
v 0.419711 -0.355018 -0.147297
v 0.458696 -0.388703 -0.147250
v 0.450435 -0.355692 -0.147251
v 0.441549 -0.332326 -0.147252
v 0.468732 -0.357037 -0.147248
v 0.460293 -0.331320 -0.147255
v 0.452116 -0.309596 -0.147368
v 0.474420 -0.331074 -0.147249
v 0.466890 -0.307136 -0.147281
v 0.460601 -0.277888 -0.147330
v 0.479657 -0.305313 -0.147257
v 0.473368 -0.274283 -0.147272
v 0.469152 -0.224909 -0.147287
v 0.485141 -0.271238 -0.147254
v 0.481003 -0.221837 -0.147257
v 0.479770 -0.157757 -0.147261
v 0.492208 -0.219146 -0.147252
v 0.491052 -0.154988 -0.147253
v 0.493432 -0.083748 -0.147249
v 0.501821 -0.152612 -0.147259
v 0.504094 -0.081999 -0.147253
v 0.509228 -0.009231 -0.147294
v 0.514561 -0.080399 -0.147267
v 0.519161 -0.008077 -0.147366
v 0.522956 0.066270 -0.147545
v 0.529033 -0.007062 -0.147509
v 0.532336 0.066635 -0.147941
v 0.533777 0.140480 -0.147996
v 0.541128 0.066990 -0.149471
v 0.542965 0.140298 -0.150093
v 0.545771 0.067324 -0.157030
v 0.546061 0.140276 -0.157882
v 0.547748 0.067702 -0.166473
v 0.547604 0.140421 -0.167045
v 0.547440 0.211828 -0.166633
v 0.547332 0.140694 -0.176413
v 0.547155 0.212120 -0.175718
v 0.544137 0.141072 -0.184991
v 0.547445 0.068065 -0.176017
v 0.544224 0.068411 -0.184772
v 0.536559 0.068763 -0.190033
v 0.536673 0.141606 -0.190067
v 0.527190 0.069140 -0.190049
v 0.527592 0.142285 -0.190068
v 0.517509 0.069534 -0.190061
v 0.518202 0.143108 -0.190073
v 0.507764 0.069934 -0.190071
v 0.508790 0.144054 -0.190077
v 0.497881 0.070227 -0.190075
v 0.508022 -0.004137 -0.190007
v 0.497901 -0.004348 -0.190054
v 0.487259 -0.004514 -0.190072
v 0.499214 -0.078348 -0.190037
v 0.488639 -0.079258 -0.190068
v 0.476999 -0.080503 -0.190079
v 0.491944 -0.152924 -0.190066
v 0.480588 -0.154295 -0.190078
v 0.467666 -0.155370 -0.190093
v 0.464377 -0.080799 -0.190085
v 0.453263 -0.157140 -0.190138
v 0.471206 -0.226632 -0.190035
v 0.456521 -0.230799 -0.189890
v 0.438083 -0.235701 -0.187857
v 0.459445 -0.287027 -0.189886
v 0.439126 -0.293269 -0.187913
v 0.408055 -0.301465 -0.179502
v 0.442346 -0.323733 -0.189139
v 0.402333 -0.332522 -0.185190
v 0.342979 -0.333420 -0.186649
v 0.399116 -0.350637 -0.189380
v 0.336796 -0.352599 -0.189566
v 0.265961 -0.354535 -0.189825
v 0.331665 -0.375598 -0.189835
v 0.261617 -0.375107 -0.189996
v 0.182839 -0.375073 -0.190033
v 0.256639 -0.412693 -0.190042
v 0.179923 -0.410355 -0.190072
v 0.092441 -0.408466 -0.190076
v 0.177087 -0.477281 -0.190077
v 0.093883 -0.477102 -0.190077
v 0.005964 -0.474738 -0.190079
v 0.094798 -0.512281 -0.190076
v 0.005523 -0.512545 -0.190079
v -0.080279 -0.509320 -0.190082
v 0.006884 -0.533289 -0.190077
v -0.079874 -0.529364 -0.190071
v -0.156185 -0.526263 -0.190065
v -0.078600 -0.540430 -0.190046
v -0.156267 -0.538223 -0.190022
v -0.234516 -0.537893 -0.190036
v -0.234183 -0.525473 -0.190078
v -0.313083 -0.537856 -0.190041
v -0.313609 -0.525273 -0.190086
v -0.384903 -0.537181 -0.190029
v -0.312608 -0.547113 -0.189968
v -0.234357 -0.547327 -0.189959
v -0.234297 -0.556599 -0.189806
v -0.312172 -0.556309 -0.189831
v -0.234445 -0.565732 -0.189522
v -0.311901 -0.565428 -0.189528
v -0.234734 -0.574238 -0.188848
v -0.311945 -0.574150 -0.188439
v -0.235164 -0.578919 -0.182198
v -0.312186 -0.579261 -0.182165
v -0.235752 -0.580685 -0.173336
v -0.312564 -0.581145 -0.173144
v -0.236467 -0.580718 -0.164465
v -0.313081 -0.580919 -0.164015
v -0.237216 -0.579585 -0.155811
v -0.313812 -0.579250 -0.154910
v -0.159697 -0.580713 -0.164397
v -0.160370 -0.579817 -0.156105
v -0.082414 -0.579705 -0.163605
v -0.083167 -0.576895 -0.154857
v -0.083968 -0.571412 -0.147327
v -0.001586 -0.577884 -0.154654
v -0.002642 -0.572004 -0.148708
v -0.003697 -0.562748 -0.147705
v 0.076651 -0.572879 -0.149295
v 0.075702 -0.563590 -0.147760
v 0.074732 -0.554096 -0.147442
v 0.150804 -0.563766 -0.147843
v 0.149999 -0.554321 -0.147500
v 0.149329 -0.544833 -0.147350
v 0.223506 -0.554707 -0.147403
v 0.222996 -0.545236 -0.147308
v 0.222667 -0.535524 -0.147271
v 0.294290 -0.546012 -0.147320
v 0.294488 -0.536576 -0.147280
v 0.296067 -0.524806 -0.147260
v 0.361853 -0.538209 -0.147294
v 0.364470 -0.527300 -0.147271
v 0.365246 -0.510414 -0.147259
v 0.416193 -0.530486 -0.147268
v 0.422095 -0.513783 -0.147255
v 0.428119 -0.487460 -0.147252
v 0.452783 -0.514178 -0.147239
v 0.458680 -0.487711 -0.147247
v 0.461514 -0.435882 -0.147248
v 0.474271 -0.487666 -0.147241
v 0.477426 -0.438781 -0.147243
v 0.475282 -0.392227 -0.147247
v 0.490305 -0.440910 -0.147240
v 0.488863 -0.395209 -0.147245
v 0.482635 -0.358928 -0.147248
v 0.498181 -0.398238 -0.147246
v 0.494247 -0.361030 -0.147252
v 0.486889 -0.331407 -0.147251
v 0.502433 -0.362731 -0.147264
v 0.497107 -0.332149 -0.147260
v 0.490963 -0.304138 -0.147256
v 0.505841 -0.332936 -0.147279
v 0.500896 -0.303478 -0.147274
v 0.496042 -0.268585 -0.147258
v 0.510260 -0.303082 -0.147313
v 0.506140 -0.266510 -0.147284
v 0.502761 -0.216752 -0.147264
v 0.515914 -0.265045 -0.147355
v 0.513027 -0.214872 -0.147301
v 0.512334 -0.150620 -0.147283
v 0.523154 -0.213393 -0.147386
v 0.522743 -0.149009 -0.147341
v 0.524920 -0.079052 -0.147293
v 0.533125 -0.147766 -0.147455
v 0.534996 -0.077960 -0.147309
v 0.538565 -0.006212 -0.148307
v 0.542113 -0.077117 -0.152998
v 0.545042 -0.005532 -0.154776
v 0.546338 -0.076495 -0.162073
v 0.547651 -0.004968 -0.164387
v 0.547373 -0.076122 -0.171952
v 0.547678 -0.004539 -0.174201
v 0.545694 -0.075980 -0.181745
v 0.545173 -0.004249 -0.183465
v 0.539406 -0.076039 -0.187851
v 0.537827 -0.004065 -0.188484
v 0.529533 -0.076311 -0.189379
v 0.527960 -0.003988 -0.189587
v 0.519478 -0.076794 -0.189796
v 0.518022 -0.004012 -0.189899
v 0.509382 -0.077480 -0.189962
v 0.521788 -0.148137 -0.189846
v 0.511919 -0.149394 -0.189967
v 0.502054 -0.150947 -0.190037
v 0.514406 -0.215884 -0.189982
v 0.504905 -0.217855 -0.190038
v 0.495258 -0.220397 -0.190061
v 0.507176 -0.271178 -0.190011
v 0.497761 -0.274394 -0.190046
v 0.487144 -0.278523 -0.190061
v 0.484304 -0.222762 -0.190065
v 0.474375 -0.282485 -0.190043
v 0.490267 -0.315041 -0.190058
v 0.477879 -0.316911 -0.190043
v 0.463602 -0.319330 -0.189962
v 0.482056 -0.345020 -0.190055
v 0.468327 -0.345330 -0.190026
v 0.446974 -0.346455 -0.189880
v 0.472880 -0.375719 -0.190047
v 0.452114 -0.374649 -0.189996
v 0.398148 -0.374431 -0.189665
v 0.453695 -0.415571 -0.190008
v 0.397436 -0.411445 -0.189760
v 0.328164 -0.411981 -0.189923
v 0.394529 -0.478107 -0.189795
v 0.323426 -0.476350 -0.189963
v 0.252215 -0.475209 -0.190060
v 0.320440 -0.505897 -0.189967
v 0.248562 -0.506091 -0.190061
v 0.175913 -0.508541 -0.190076
v 0.245293 -0.523279 -0.190049
v 0.169790 -0.527066 -0.190069
v 0.092590 -0.531944 -0.190073
v 0.167794 -0.538207 -0.190052
v 0.089115 -0.542250 -0.190070
v 0.004843 -0.543253 -0.190076
v 0.087101 -0.550791 -0.190066
v 0.004048 -0.551394 -0.190076
v -0.078921 -0.549219 -0.190007
v 0.003287 -0.559551 -0.190077
v -0.079452 -0.557974 -0.189943
v -0.157225 -0.556677 -0.189782
v -0.156674 -0.547480 -0.189936
v -0.079986 -0.566941 -0.189838
v -0.157786 -0.565851 -0.189533
v -0.080636 -0.575128 -0.188385
v -0.158282 -0.574206 -0.189159
v -0.082203 -0.580688 -0.181462
v -0.158808 -0.578913 -0.181968
v -0.081759 -0.580862 -0.172702
v -0.159180 -0.580651 -0.173223
v 0.001303 -0.580487 -0.182520
v 0.000352 -0.581333 -0.173045
v -0.000601 -0.580793 -0.163675
v 0.080103 -0.581682 -0.173113
v 0.078890 -0.581364 -0.163737
v 0.077709 -0.579189 -0.154702
v 0.154083 -0.581260 -0.163635
v 0.152819 -0.579175 -0.154605
v 0.151718 -0.573026 -0.149262
v 0.226055 -0.579086 -0.154733
v 0.225005 -0.573351 -0.148485
v 0.224170 -0.564174 -0.147580
v 0.295128 -0.573488 -0.147672
v 0.294624 -0.564846 -0.147519
v 0.294344 -0.555435 -0.147398
v 0.359478 -0.566225 -0.147531
v 0.359711 -0.556821 -0.147411
v 0.360401 -0.547546 -0.147337
v 0.412588 -0.541830 -0.147298
v 0.443089 -0.544247 -0.147089
v 0.446606 -0.532064 -0.147192
v 0.462244 -0.544302 -0.146921
v 0.465309 -0.531413 -0.147166
v 0.469754 -0.513735 -0.147231
v 0.478302 -0.531061 -0.147175
v 0.482267 -0.513624 -0.147229
v 0.486860 -0.487476 -0.147235
v 0.492328 -0.513758 -0.147229
v 0.496356 -0.486741 -0.147235
v 0.498697 -0.442862 -0.147241
v 0.504664 -0.486958 -0.147246
v 0.506004 -0.444497 -0.147250
v 0.505456 -0.400268 -0.147250
v 0.513209 -0.445973 -0.147268
v 0.512659 -0.402045 -0.147264
v 0.510148 -0.364390 -0.147286
v 0.519900 -0.403736 -0.147287
v 0.517900 -0.365997 -0.147317
v 0.514394 -0.333730 -0.147326
v 0.525705 -0.367469 -0.147387
v 0.522832 -0.334593 -0.147410
v 0.519456 -0.302815 -0.147388
v 0.531262 -0.335415 -0.147565
v 0.528500 -0.302757 -0.147515
v 0.525556 -0.263975 -0.147500
v 0.537220 -0.302923 -0.147765
v 0.535129 -0.263258 -0.147761
v 0.533288 -0.212270 -0.147530
v 0.542515 -0.262801 -0.151578
v 0.541386 -0.211518 -0.150925
v 0.541415 -0.146870 -0.151286
v 0.545430 -0.211146 -0.159619
v 0.545663 -0.146316 -0.160176
v 0.547101 -0.211073 -0.169168
v 0.547336 -0.146071 -0.170014
v 0.546309 -0.211363 -0.178783
v 0.546134 -0.146134 -0.180029
v 0.543289 -0.212043 -0.187469
v 0.541346 -0.146499 -0.187373
v 0.533836 -0.212982 -0.189616
v 0.531689 -0.147167 -0.189426
v 0.523954 -0.214257 -0.189920
v 0.534611 -0.265599 -0.189414
v 0.525513 -0.267085 -0.189779
v 0.516343 -0.268926 -0.189941
v 0.526821 -0.308543 -0.189530
v 0.518066 -0.309986 -0.189856
v 0.509276 -0.311563 -0.189986
v 0.519817 -0.342863 -0.189862
v 0.511609 -0.343542 -0.189979
v 0.503242 -0.344170 -0.190030
v 0.500275 -0.313251 -0.190043
v 0.493954 -0.344674 -0.190056
v 0.506040 -0.377209 -0.190019
v 0.497473 -0.377087 -0.190046
v 0.486741 -0.376667 -0.190059
v 0.499696 -0.419501 -0.190043
v 0.489859 -0.418179 -0.190059
v 0.475441 -0.417587 -0.190052
v 0.490024 -0.468826 -0.190052
v 0.475526 -0.471102 -0.190046
v 0.449860 -0.473731 -0.189987
v 0.469925 -0.508550 -0.190034
v 0.440725 -0.508994 -0.189941
v 0.388382 -0.508573 -0.189784
v 0.432643 -0.527564 -0.189912
v 0.383680 -0.523466 -0.189762
v 0.316800 -0.522190 -0.189959
v 0.378666 -0.535582 -0.189730
v 0.313178 -0.534952 -0.189934
v 0.242199 -0.535734 -0.190014
v 0.310072 -0.544736 -0.189891
v 0.239377 -0.545464 -0.189951
v 0.165299 -0.547729 -0.190018
v 0.236810 -0.555037 -0.189856
v 0.163020 -0.556900 -0.189959
v 0.085406 -0.559153 -0.190062
v 0.160882 -0.566207 -0.189854
v 0.083870 -0.567578 -0.190059
v 0.002592 -0.567775 -0.190070
v 0.082542 -0.575122 -0.188382
v 0.001885 -0.575208 -0.188246
v 0.081903 -0.580504 -0.182620
v 0.158921 -0.575361 -0.189022
v 0.157183 -0.580071 -0.182006
v 0.155495 -0.581530 -0.172948
v 0.230432 -0.579086 -0.182844
v 0.228759 -0.581151 -0.173458
v 0.227307 -0.581057 -0.164074
v 0.298628 -0.580990 -0.173972
v 0.297222 -0.580715 -0.164654
v 0.296030 -0.578412 -0.155391
v 0.360821 -0.580938 -0.164691
v 0.359874 -0.578904 -0.155940
v 0.359305 -0.575105 -0.148620
v 0.402103 -0.578991 -0.156137
v 0.402683 -0.575671 -0.149185
v 0.402362 -0.580866 -0.164226
v 0.424031 -0.581027 -0.163648
v 0.403264 -0.581271 -0.172502
v 0.424550 -0.581509 -0.171266
v 0.437882 -0.582929 -0.170472
v 0.437610 -0.582548 -0.163035
v 0.445909 -0.591073 -0.169862
v 0.445866 -0.591067 -0.162353
v 0.456415 -0.591660 -0.162203
v 0.455912 -0.591656 -0.153956
v 0.456508 -0.591700 -0.169690
v 0.467965 -0.591248 -0.169792
v 0.467843 -0.591213 -0.162217
v 0.445678 -0.591103 -0.177206
v 0.456363 -0.591701 -0.176783
v 0.467690 -0.591257 -0.176713
v 0.477288 -0.585643 -0.177255
v 0.477635 -0.586142 -0.170229
v 0.456327 -0.591726 -0.184033
v 0.456107 -0.591739 -0.191582
v 0.455750 -0.591897 -0.202762
v 0.455306 -0.591627 -0.214466
v 0.462844 -0.591698 -0.214485
v 0.454835 -0.586444 -0.223314
v 0.461332 -0.586647 -0.223164
v 0.460937 -0.578969 -0.217691
v 0.454048 -0.578816 -0.217826
v 0.453947 -0.571455 -0.209141
v 0.461577 -0.571110 -0.209333
v 0.463143 -0.566892 -0.200259
v 0.469123 -0.570691 -0.198978
v 0.467443 -0.575150 -0.207602
v 0.472572 -0.565494 -0.192711
v 0.466389 -0.562104 -0.193722
v 0.471433 -0.554629 -0.191228
v 0.478719 -0.558013 -0.190514
v 0.485253 -0.562126 -0.189718
v 0.478954 -0.544774 -0.190281
v 0.489083 -0.530450 -0.190074
v 0.467735 -0.542724 -0.190234
v 0.476414 -0.529200 -0.190083
v 0.485201 -0.509040 -0.190052
v 0.497415 -0.507813 -0.190044
v 0.452055 -0.541569 -0.190245
v 0.460661 -0.528539 -0.190064
v 0.426132 -0.539822 -0.189903
v 0.374516 -0.545560 -0.189671
v 0.371264 -0.555352 -0.189548
v 0.307170 -0.554410 -0.189793
v 0.368262 -0.565071 -0.189274
v 0.304569 -0.564024 -0.189580
v 0.234467 -0.564563 -0.189671
v 0.302415 -0.573296 -0.188960
v 0.232345 -0.573718 -0.189351
v 0.300367 -0.579002 -0.183178
v 0.365693 -0.574018 -0.188372
v 0.363595 -0.579381 -0.182592
v 0.362056 -0.581241 -0.173671
v 0.404710 -0.580021 -0.180873
v 0.407124 -0.575803 -0.187655
v 0.425910 -0.581191 -0.178813
v 0.438909 -0.583022 -0.177892
v 0.500120 -0.467418 -0.190038
v 0.507808 -0.466024 -0.190010
v 0.507431 -0.419029 -0.189996
v 0.514811 -0.418260 -0.189918
v 0.515385 -0.464295 -0.189941
v 0.522298 -0.417451 -0.189741
v 0.522846 -0.462957 -0.189807
v 0.529814 -0.416528 -0.189322
v 0.530321 -0.461346 -0.189624
v 0.530160 -0.501774 -0.189688
v 0.537800 -0.459883 -0.189085
v 0.537582 -0.499767 -0.189415
v 0.535936 -0.525882 -0.189717
v 0.528132 -0.528842 -0.189835
v 0.542986 -0.497916 -0.185463
v 0.541957 -0.524247 -0.185922
v 0.546403 -0.496489 -0.178568
v 0.545091 -0.523304 -0.178930
v 0.544153 -0.540086 -0.179403
v 0.546782 -0.521930 -0.171193
v 0.545650 -0.538846 -0.171242
v 0.542909 -0.552206 -0.171236
v 0.540620 -0.552501 -0.179344
v 0.536724 -0.563201 -0.171083
v 0.534614 -0.562469 -0.178811
v 0.527998 -0.571256 -0.170243
v 0.526137 -0.569479 -0.177187
v 0.523050 -0.565449 -0.183521
v 0.516451 -0.574018 -0.175614
v 0.514926 -0.570409 -0.182600
v 0.512580 -0.563106 -0.187347
v 0.520105 -0.557738 -0.188228
v 0.504571 -0.573940 -0.180781
v 0.502540 -0.568300 -0.186074
v 0.494501 -0.577224 -0.179536
v 0.492694 -0.573048 -0.184698
v 0.489911 -0.567644 -0.188406
v 0.485178 -0.580564 -0.178116
v 0.495396 -0.578833 -0.172340
v 0.486285 -0.581733 -0.171074
v 0.496066 -0.578737 -0.164895
v 0.486839 -0.580867 -0.163274
v 0.477363 -0.585859 -0.162415
v 0.466925 -0.591250 -0.153897
v 0.465811 -0.591331 -0.144331
v 0.455312 -0.591651 -0.144362
v 0.465013 -0.591501 -0.132092
v 0.454911 -0.591738 -0.132436
v 0.464451 -0.591582 -0.118591
v 0.454773 -0.591876 -0.118735
v 0.446043 -0.591025 -0.118589
v 0.454921 -0.592101 -0.102975
v 0.446277 -0.591132 -0.103091
v 0.442895 -0.583749 -0.103163
v 0.442900 -0.583631 -0.118255
v 0.443123 -0.574025 -0.103118
v 0.443209 -0.573987 -0.117868
v 0.447597 -0.568139 -0.103056
v 0.447502 -0.568000 -0.117352
v 0.447427 -0.567854 -0.129004
v 0.457068 -0.568238 -0.116972
v 0.457475 -0.567569 -0.128446
v 0.465692 -0.572024 -0.116909
v 0.456981 -0.568491 -0.102961
v 0.465571 -0.572262 -0.102777
v 0.470856 -0.579859 -0.102743
v 0.470660 -0.579529 -0.117350
v 0.471466 -0.588395 -0.102821
v 0.471423 -0.588130 -0.118057
v 0.464330 -0.591818 -0.102889
v 0.471690 -0.588317 -0.088319
v 0.464493 -0.591764 -0.088420
v 0.454988 -0.592035 -0.088713
v 0.446171 -0.590862 -0.077349
v 0.446223 -0.591130 -0.089159
v 0.442907 -0.584358 -0.077502
v 0.442552 -0.583890 -0.089263
v 0.443191 -0.574893 -0.077390
v 0.443056 -0.574189 -0.089098
v 0.447673 -0.567879 -0.076743
v 0.447650 -0.567893 -0.088892
v 0.456960 -0.568419 -0.075691
v 0.457161 -0.568170 -0.088454
v 0.465980 -0.571934 -0.088137
v 0.471066 -0.579905 -0.088145
v 0.506329 -0.577609 -0.166808
v 0.506668 -0.576082 -0.159851
v 0.505706 -0.576909 -0.173967
v 0.517448 -0.575631 -0.168425
v 0.527893 -0.570334 -0.163041
v 0.517471 -0.574601 -0.161466
v 0.526615 -0.567903 -0.156637
v 0.516704 -0.570795 -0.155416
v 0.506297 -0.571560 -0.153906
v 0.515053 -0.565303 -0.150528
v 0.505630 -0.565102 -0.149692
v 0.512785 -0.556183 -0.147826
v 0.504139 -0.555889 -0.147703
v 0.495076 -0.555832 -0.147402
v 0.495088 -0.544792 -0.147249
v 0.486341 -0.544372 -0.146974
v 0.485823 -0.555311 -0.147008
v 0.503522 -0.545127 -0.147313
v 0.504942 -0.532151 -0.147246
v 0.496932 -0.531573 -0.147211
v 0.512068 -0.545299 -0.147318
v 0.513420 -0.532822 -0.147290
v 0.516959 -0.516347 -0.147331
v 0.508600 -0.515279 -0.147262
v 0.522185 -0.533383 -0.147356
v 0.524946 -0.516742 -0.147497
v 0.526880 -0.489460 -0.147507
v 0.519413 -0.488356 -0.147342
v 0.531876 -0.534037 -0.147523
v 0.533257 -0.517678 -0.147876
v 0.534638 -0.490375 -0.147972
v 0.535023 -0.450125 -0.147508
v 0.527549 -0.448843 -0.147406
v 0.541045 -0.518561 -0.148912
v 0.542378 -0.491442 -0.149504
v 0.541408 -0.451395 -0.150316
v 0.540424 -0.408538 -0.150332
v 0.534660 -0.406984 -0.147378
v 0.545416 -0.492710 -0.155964
v 0.544731 -0.452471 -0.156720
v 0.544392 -0.409804 -0.156850
v 0.544914 -0.371445 -0.155726
v 0.540543 -0.370222 -0.149380
v 0.546763 -0.453710 -0.163908
v 0.546688 -0.411065 -0.163949
v 0.547116 -0.372530 -0.163248
v 0.546887 -0.338007 -0.162328
v 0.544127 -0.337151 -0.154364
v 0.547459 -0.412243 -0.171465
v 0.547803 -0.373522 -0.171117
v 0.547811 -0.338857 -0.170594
v 0.547809 -0.304362 -0.169961
v 0.546635 -0.303725 -0.161232
v 0.546884 -0.374427 -0.179082
v 0.546917 -0.339713 -0.178952
v 0.546969 -0.305168 -0.178839
v 0.547125 -0.263504 -0.178827
v 0.547748 -0.262953 -0.169375
v 0.543629 -0.340552 -0.186547
v 0.543249 -0.306104 -0.186819
v 0.542910 -0.264384 -0.187018
v 0.535483 -0.307261 -0.188668
v 0.536233 -0.341345 -0.188635
v 0.528063 -0.342119 -0.189509
v 0.536847 -0.375888 -0.188439
v 0.529131 -0.376415 -0.189447
v 0.521390 -0.376821 -0.189834
v 0.513679 -0.377097 -0.189963
v 0.537258 -0.415549 -0.188311
v 0.543816 -0.375211 -0.186242
v 0.543804 -0.414505 -0.186222
v 0.543391 -0.458214 -0.185593
v 0.546713 -0.413381 -0.179164
v 0.546469 -0.456300 -0.178833
v 0.547261 -0.454979 -0.171392
v 0.547630 -0.495197 -0.171139
v 0.547229 -0.493930 -0.163435
v 0.546447 -0.520834 -0.163235
v 0.544694 -0.519760 -0.155333
v 0.544069 -0.536721 -0.155241
v 0.545850 -0.537845 -0.163106
v 0.542024 -0.550774 -0.155585
v 0.543396 -0.551836 -0.163175
v 0.536008 -0.562787 -0.156418
v 0.536666 -0.562683 -0.163707
v 0.540188 -0.535312 -0.149034
v 0.546273 -0.262704 -0.160136
v 0.543336 -0.303248 -0.153029
v 0.538954 -0.336275 -0.147777
v 0.533628 -0.368878 -0.147499
v 0.527220 -0.405401 -0.147321
v 0.520336 -0.447346 -0.147316
v 0.512242 -0.487494 -0.147273
v 0.500865 -0.514293 -0.147239
v 0.488334 -0.531187 -0.147192
v 0.475852 -0.544145 -0.146951
v 0.474314 -0.554295 -0.145830
v 0.481267 0.433247 -0.147250
v 0.463158 0.415560 -0.147260
v 0.437961 0.390519 -0.147851
v 0.410587 0.355862 -0.159058
v 0.377262 0.308854 -0.160572
v 0.315562 0.241351 -0.160570
v 0.233646 0.155054 -0.160586
v 0.148372 0.065302 -0.160561
v 0.062282 -0.026530 -0.160555
v -0.023590 -0.120245 -0.160578
v -0.107761 -0.214699 -0.160596
v -0.191664 -0.286906 -0.160553
v -0.274889 -0.312160 -0.160329
v -0.349660 -0.325153 -0.159555
v -0.413820 -0.320110 -0.159973
v -0.409881 -0.333128 -0.154080
vn -0.0084 -0.2641 0.9645
vn -0.0635 -0.2401 0.9687
vn -0.0598 -0.2417 0.9685
vn -0.9931 -0.0625 0.0992
vn -0.9898 0.1167 0.0820
vn -0.9841 0.0320 0.1746
vn -0.9646 -0.0889 0.2483
vn 0.0445 0.9952 0.0874
vn 0.0409 0.9971 0.0635
vn 0.0407 0.9973 0.0619
vn 0.9638 0.2665 -0.0027
vn 0.9477 0.3191 0.0008
vn 0.9473 0.3205 0.0009
vn 0.2687 -0.5664 0.7791
vn 0.0421 -0.1402 0.9892
vn 0.0251 -0.1252 0.9918
vn 0.0289 -0.4701 0.8821
vn 0.1979 -0.7008 0.6853
vn 0.4980 -0.6596 0.5630
vn 0.9275 -0.3141 0.2025
vn 0.8751 -0.4686 0.1207
vn 0.8779 -0.4757 0.0545
vn 0.9527 -0.3003 0.0476
vn 0.1900 -0.0901 0.9776
vn 0.1550 -0.0562 0.9863
vn 0.1696 0.2454 0.9545
vn 0.2524 0.1155 0.9607
vn 0.3134 0.3631 0.8775
vn 0.1903 0.5055 0.8416
vn 0.9127 0.3340 0.2356
vn 0.9390 0.3213 0.1229
vn 0.9419 0.3189 0.1052
vn 0.0307 0.9993 0.0215
vn -0.0061 0.9983 0.0578
vn -0.0052 0.9983 0.0580
vn -0.0046 1.0000 0.0079
vn -0.0066 0.9998 -0.0212
vn 0.0345 0.9994 -0.0053
vn 0.0968 0.9952 0.0109
vn 0.0975 0.9952 0.0103
vn -0.9353 0.3454 0.0768
vn -0.8956 0.4435 0.0361
vn -0.8940 0.4467 0.0347
vn -0.0477 -0.0034 -0.9989
vn -0.0387 0.2907 -0.9560
vn -0.0427 0.1783 -0.9830
vn 0.8518 -0.3898 -0.3500
vn 0.0750 -0.2019 0.9765
vn 0.1463 -0.3741 0.9158
vn 0.1746 -0.0738 0.9819
vn 0.0099 -0.0461 0.9989
vn 0.1008 -0.3219 -0.9414
vn 0.0508 -0.1493 -0.9875
vn 0.0265 -0.0827 -0.9962
vn 0.1152 -0.2276 -0.9669
vn 0.1965 -0.3240 -0.9254
vn 0.0604 -0.1370 -0.9887
vn 0.1232 -0.2241 -0.9668
vn 0.8378 -0.2412 -0.4898
vn 0.0384 -0.1578 0.9867
vn 0.0199 -0.1950 0.9806
vn 0.0127 -0.0574 0.9983
vn 0.0371 -0.0129 0.9992
vn 0.3937 -0.3804 -0.8368
vn 0.1665 -0.2532 -0.9530
vn 0.1229 -0.0529 -0.9910
vn 0.2240 -0.2362 -0.9455
vn 0.4422 -0.6419 0.6264
vn 0.0548 0.2980 0.9530
vn 0.0340 0.3971 0.9171
vn 0.0414 0.3628 0.9310
vn 0.9571 -0.2047 -0.2049
vn 0.0499 0.9988 -0.0009
vn 0.0283 0.9993 0.0249
vn 0.0303 0.9993 0.0225
vn 0.0689 -0.1021 -0.9924
vn 0.0381 0.1721 -0.9843
vn 0.1847 0.0339 0.9822
vn 0.1680 0.0203 0.9856
vn 0.2708 0.0237 0.9623
vn 0.3477 0.0459 0.9365
vn 0.6678 0.6007 0.4395
vn 0.7819 0.5778 0.2339
vn 0.7538 0.6141 0.2338
vn 0.7232 0.5676 0.3936
vn 0.6099 -0.4317 0.6646
vn 0.5474 -0.4245 0.7212
vn 0.6664 -0.4342 0.6062
vn 0.7763 -0.3710 0.5096
vn -0.4165 -0.0883 0.9048
vn -0.4624 -0.1359 0.8762
vn -0.4582 -0.1426 0.8774
vn -0.4264 -0.0208 0.9043
vn -0.4887 0.0039 0.8724
vn -0.4734 0.0598 0.8788
vn 0.4017 0.8702 0.2852
vn 0.5847 0.7965 0.1539
vn 0.7195 0.6945 0.0036
vn 0.8781 0.4766 0.0428
vn 0.9539 0.2084 0.2160
vn 0.9882 0.1171 0.0988
vn 0.9581 0.1378 0.2512
vn 0.1633 0.3134 0.9355
vn 0.1589 0.2012 0.9666
vn 0.0333 0.2829 0.9586
vn 0.0366 0.6742 0.7376
vn 0.2067 0.8944 0.3966
vn 0.4423 0.8565 0.2660
vn -0.0032 0.8602 0.5100
vn 0.9953 0.0839 0.0487
vn 0.9974 0.0455 0.0561
vn 0.9989 0.0307 0.0365
vn 0.9966 0.0704 0.0435
vn 0.2785 -0.0065 0.9604
vn 0.1619 0.0458 0.9857
vn 0.2129 0.0173 0.9769
vn 0.4026 -0.0179 0.9152
vn 0.9534 -0.1464 0.2639
vn 0.9599 -0.0445 0.2768
vn 0.9923 -0.0524 0.1125
vn 0.9864 -0.1251 0.1066
vn 0.1719 -0.9814 0.0852
vn 0.3755 -0.9268 0.0081
vn 0.1517 -0.9884 -0.0015
vn 0.1269 -0.9915 0.0292
vn 0.1797 -0.3993 0.8990
vn 0.0986 -0.5990 0.7946
vn 0.0563 -0.2522 0.9660
vn 0.1701 -0.1540 0.9733
vn 0.0155 -0.9988 -0.0464
vn -0.0554 -0.9843 -0.1679
vn -0.0641 -0.9972 0.0398
vn 0.0535 -0.9974 -0.0482
vn -0.1168 -0.8299 0.5456
vn -0.0884 -0.9632 0.2537
vn -0.0621 0.3009 0.9516
vn -0.0369 0.4141 0.9095
vn 0.1747 0.1611 0.9714
vn 0.0635 0.3978 0.9153
vn -0.0911 0.9218 0.3769
vn -0.1555 0.9614 0.2270
vn -0.1490 0.9586 0.2428
vn -0.0674 -0.9938 0.0888
vn -0.0776 -0.9851 0.1536
vn -0.6173 -0.7868 -0.0011
vn -0.6068 -0.7944 0.0261
vn -0.6071 -0.7942 0.0254
vn -0.0547 -0.0101 -0.9985
vn -0.2188 -0.0158 -0.9756
vn -0.0962 -0.0936 -0.9910
vn -0.0243 -0.1638 -0.9862
vn -0.9878 -0.1398 -0.0690
vn -0.9875 -0.1509 -0.0464
vn -0.9925 -0.1111 -0.0516
vn -0.9904 -0.1064 -0.0882
vn -0.1736 -0.9828 -0.0623
vn -0.0820 -0.9903 -0.1125
vn -0.1286 -0.9900 -0.0572
vn -0.2665 -0.9633 -0.0321
vn 0.2766 -0.2752 0.9207
vn 0.1485 -0.3889 0.9092
vn 0.1401 -0.1566 0.9777
vn 0.0879 0.1892 0.9780
vn 0.8154 0.5138 0.2667
vn 0.7590 0.6389 0.1252
vn 0.7666 0.6265 0.1408
vn -0.0500 0.2096 -0.9765
vn -0.1538 0.1703 -0.9733
vn -0.0610 0.1810 -0.9816
vn -0.0017 0.1639 -0.9865
vn -0.1943 0.4759 -0.8578
vn -0.0845 0.9759 -0.2012
vn -0.0337 0.9894 -0.1409
vn -0.1391 0.9776 -0.1579
vn -0.1836 0.9510 -0.2489
vn -0.2270 -0.9569 -0.1809
vn -0.0995 -0.9084 -0.4061
vn -0.3848 -0.8217 -0.4203
vn -0.6138 -0.7475 -0.2542
vn -0.6168 -0.7604 -0.2036
vn -0.0266 -0.9996 -0.0074
vn -0.1043 -0.9943 -0.0225
vn -0.0384 -0.9993 0.0043
vn 0.0378 -0.9988 0.0308
vn 0.0350 -0.9994 0.0080
vn 0.0173 -0.9998 0.0104
vn 0.0255 -0.9961 0.0845
vn 0.0339 -0.9994 0.0007
vn 0.0856 -0.0738 -0.9936
vn -0.0095 0.0745 -0.9972
vn 0.0697 0.9900 -0.1230
vn 0.0637 0.9900 -0.1258
vn 0.0101 -0.1488 -0.9888
vn 0.2511 -0.2788 -0.9269
vn 0.3690 -0.4771 -0.7976
vn 0.0331 -0.9993 -0.0158
vn 0.9421 0.3256 -0.0796
vn 0.9462 0.3174 -0.0633
vn 0.9514 0.3053 -0.0394
vn 0.0199 -0.9997 0.0165
vn 0.0104 -0.9979 -0.0632
vn 0.4023 -0.5353 -0.7427
vn 0.1484 -0.9803 -0.1305
vn 0.1193 -0.9899 -0.0766
vn 0.0486 -0.9979 -0.0434
vn -0.5515 -0.8036 -0.2237
vn -0.0612 0.2869 -0.9560
vn 0.9648 0.1591 -0.2092
vn 0.9724 0.2286 -0.0469
vn 0.9646 0.2605 -0.0420
vn 0.9720 0.1730 -0.1592
vn 0.8676 0.2186 -0.4467
vn 0.8503 0.2377 -0.4696
vn 0.2544 0.9558 -0.1474
vn 0.1590 0.9664 -0.2020
vn 0.0916 0.9925 -0.0809
vn 0.0760 0.9968 -0.0230
vn 0.7448 0.3321 -0.5788
vn -0.0572 0.7717 -0.6334
vn -0.0777 0.9702 -0.2294
vn 0.0321 0.8978 -0.4392
vn -0.8777 -0.1068 -0.4671
vn -0.3023 0.9532 0.0010
vn -0.3890 0.9212 0.0011
vn -0.2573 0.9663 0.0058
vn -0.0853 -0.9777 0.1917
vn -0.0281 -0.9450 0.3258
vn -0.0113 -0.9763 0.2159
vn -0.0504 -0.9942 0.0948
vn 0.3051 -0.2264 0.9250
vn -0.2791 0.5598 0.7802
vn -0.0841 -0.9954 0.0448
vn -0.5541 -0.7958 0.2443
vn -0.4141 -0.8907 0.1875
vn -0.0934 0.9283 -0.3600
vn -0.0183 0.9778 -0.2086
vn -0.0292 0.9726 -0.2307
vn 0.0003 -0.0023 -1.0000
vn -0.0004 0.0228 -0.9997
vn 0.0238 -0.1325 -0.9909
vn 0.0352 0.1892 -0.9813
vn -0.0163 -0.0961 -0.9952
vn -0.0177 -0.0015 -0.9998
vn 0.0756 0.4228 -0.9031
vn -0.0634 0.8663 -0.4954
vn -0.0220 -0.9962 -0.0841
vn -0.0870 -0.9935 -0.0733
vn -0.0288 -0.9995 -0.0147
vn -0.0045 -0.9999 -0.0118
vn -0.1450 -0.9671 -0.2092
vn -0.1185 -0.9928 -0.0149
vn 0.0564 -0.9960 0.0692
vn 0.0479 -0.9987 0.0174
vn 0.0231 -0.9990 -0.0387
vn 0.0289 -0.9378 0.3460
vn 0.0344 -0.9992 0.0189
vn 0.0313 -0.9992 0.0259
vn 0.6565 -0.7406 0.1434
vn 0.1107 -0.3415 -0.9333
vn 0.0193 -0.1737 -0.9846
vn 0.2536 -0.9648 -0.0690
vn 0.1189 -0.9929 -0.0032
vn 0.4963 -0.8593 -0.1237
vn 0.0406 -0.9877 -0.1510
vn 0.0608 0.8865 0.4587
vn 0.0628 0.9440 0.3238
vn 0.0629 0.9497 0.3069
vn -0.7672 0.6414 -0.0060
vn -0.8123 0.5831 -0.0124
vn -0.8379 0.5456 -0.0163
vn -0.1396 -0.9875 -0.0729
vn -0.0514 -0.9980 -0.0368
vn -0.1153 -0.9924 -0.0432
vn 0.7892 0.6141 -0.0019
vn 0.8810 0.4695 -0.0585
vn 0.9028 0.4234 -0.0750
vn 0.2702 0.9618 -0.0447
vn 0.1820 0.9792 -0.0899
vn 0.1878 0.9783 -0.0871
vn 0.1810 -0.7188 -0.6713
vn 0.0739 -0.9972 -0.0123
vn 0.0796 -0.9967 -0.0125
vn -0.0085 -0.9999 -0.0132
vn 0.0377 -0.0268 0.9989
vn 0.0353 0.0349 0.9988
vn 0.0491 0.1580 0.9862
vn 0.0641 0.1203 0.9907
vn -0.0017 -0.9699 0.2436
vn 0.0202 -0.8825 0.4698
vn 0.0289 -0.9818 0.1877
vn 0.0108 -0.9841 0.1775
vn 0.8121 0.4630 -0.3553
vn 0.7408 0.5395 -0.4002
vn 0.7632 0.5172 -0.3873
vn -0.0868 0.9860 -0.1422
vn 0.2437 0.9694 -0.0281
vn 0.0909 0.9937 -0.0657
vn -0.2001 0.9769 -0.0747
vn -0.2432 0.9061 0.3463
vn -0.3354 0.9277 0.1639
vn -0.3426 0.9277 0.1482
vn -0.4484 -0.8938 0.0072
vn -0.4778 -0.8726 0.1015
vn -0.4782 -0.8723 0.1025
vn -0.4280 -0.9026 -0.0467
vn 0.0335 -0.9993 -0.0164
vn -0.2747 -0.9595 -0.0629
vn 0.5338 0.8428 0.0684
vn 0.4285 0.9028 0.0373
vn 0.4227 0.9056 0.0356
vn 0.9543 -0.2504 0.1632
vn 0.2123 -0.9711 -0.1089
vn -0.0540 -0.9943 0.0918
vn 0.2563 -0.9663 -0.0246
vn 0.4464 -0.8865 -0.1219
vn 0.3055 -0.9516 -0.0320
vn 0.3196 -0.9467 -0.0407
vn 0.1742 -0.9836 0.0476
vn -0.9868 -0.1610 0.0188
vn -0.1539 0.9880 -0.0140
vn -0.3949 0.8908 -0.2246
vn -0.3215 0.9334 -0.1590
vn -0.4276 -0.8722 0.2378
vn -0.2874 -0.9410 0.1787
vn -0.2046 0.9783 -0.0326
vn -0.3023 0.9524 -0.0383
vn -0.3378 0.9404 -0.0403
vn 0.3076 -0.9514 0.0169
vn 0.3348 0.9414 0.0418
vn 0.3556 0.9344 0.0229
vn 0.3350 0.9413 0.0426
vn 0.3815 -0.9225 -0.0596
vn 0.3738 -0.9260 -0.0524
vn 0.3978 0.9164 -0.0433
vn 0.4145 -0.9087 -0.0485
vn 0.4161 -0.9077 -0.0543
vn 0.4706 0.8820 -0.0229
vn 0.4687 0.8830 -0.0240
vn 0.3330 -0.9429 -0.0107
vn 0.3355 -0.9420 -0.0102
vn 0.2490 -0.9685 0.0004
vn 0.2493 -0.9684 0.0001
vn -0.4772 -0.8788 0.0028
vn -0.4779 -0.8784 0.0022
vn -0.5330 -0.8456 -0.0288
vn -0.5316 -0.8465 -0.0284
vn -0.5844 -0.8113 -0.0183
vn -0.5857 -0.8104 -0.0174
vn -0.2765 0.9610 0.0089
vn -0.2970 0.9549 -0.0063
vn -0.2967 0.9549 -0.0062
vn -0.2770 0.9608 0.0083
vn -0.2504 0.9681 -0.0059
vn -0.2512 0.9679 -0.0045
vn -0.1749 0.9846 -0.0037
vn -0.1745 0.9847 -0.0035
vn 0.5372 0.8430 0.0279
vn 0.5151 0.8564 0.0367
vn 0.5151 0.8563 0.0374
vn 0.5380 0.8425 0.0261
vn 0.6230 0.7821 -0.0095
vn 0.6210 0.7838 -0.0098
vn 0.8047 0.5936 -0.0051
vn 0.8043 0.5941 -0.0050
vn 0.1580 -0.9874 -0.0030
vn 0.2143 -0.9766 0.0198
vn 0.2145 -0.9765 0.0198
vn 0.1568 -0.9876 -0.0036
vn 0.0632 -0.9979 0.0107
vn 0.0671 -0.9977 0.0082
vn -0.0058 -0.9996 0.0272
vn -0.0034 -0.9996 0.0290
vn -0.8107 -0.5853 -0.0125
vn -0.6654 -0.7463 -0.0166
vn -0.6697 -0.7424 -0.0180
vn -0.8139 -0.5809 -0.0117
vn -0.9278 -0.3725 0.0200
vn -0.9447 -0.3271 0.0242
vn -0.9678 -0.2494 0.0336
vn -0.9672 -0.2519 0.0338
vn 0.0167 0.9998 -0.0081
vn -0.0627 0.9980 0.0096
vn -0.0600 0.9982 0.0088
vn 0.0222 0.9997 -0.0086
vn 0.0534 0.9981 -0.0307
vn 0.0532 0.9981 -0.0299
vn 0.9974 0.0616 -0.0376
vn 0.9516 0.3054 -0.0337
vn 0.9559 0.2913 -0.0363
vn 0.9978 0.0555 -0.0360
vn 0.9992 -0.0390 -0.0113
vn -0.0142 -0.9999 0.0036
vn -0.0136 -0.9999 0.0030
vn 0.0096 -0.9999 -0.0105
vn 0.0093 -0.9999 -0.0104
vn -0.9636 -0.2652 0.0352
vn -0.0676 -0.9977 -0.0003
vn -0.7964 -0.5487 -0.2543
vn -0.1019 -0.9948 0.0068
vn -0.1702 -0.9853 0.0161
vn 0.0105 -0.9999 -0.0005
vn 0.3954 -0.9171 -0.0511
vn 0.2486 -0.9683 -0.0249
vn 0.8486 -0.5286 -0.0216
vn 0.8050 -0.5930 -0.0194
vn 0.8072 -0.5900 -0.0195
vn -0.1793 0.9783 0.1041
vn -0.1719 0.9851 -0.0105
vn -0.1717 0.9851 -0.0103
vn -0.9729 0.0813 0.2165
vn -0.9729 0.0814 0.2164
vn -0.3361 0.9390 0.0728
vn 0.7781 -0.6281 -0.0050
vn 0.7779 -0.6284 -0.0051
vn -0.2140 0.9766 -0.0192
vn -0.2146 0.9765 -0.0193
vn -0.2129 0.9769 0.0182
vn -0.2151 0.9765 0.0159
vn -0.1592 -0.9871 0.0176
vn -0.3093 -0.9492 -0.0587
vn -0.1440 -0.9889 -0.0369
vn -0.0586 -0.9982 0.0114
vn 0.0276 -0.9996 -0.0117
vn 0.0507 -0.9987 0.0047
vn -0.0066 -0.9995 -0.0298
vn -0.0023 -0.9996 -0.0296
vn 0.7727 -0.6348 -0.0021
vn 0.6169 -0.7870 -0.0004
vn 0.6225 -0.7826 -0.0008
vn 0.7732 -0.6341 -0.0019
vn 0.0489 -0.9988 0.0055
vn 0.3038 -0.9519 0.0392
vn -0.0153 0.9993 0.0344
vn 0.3656 0.9308 -0.0023
vn 0.3707 0.9288 -0.0025
vn -0.0282 0.9989 0.0365
vn -0.8631 0.5038 -0.0348
vn -0.5096 -0.8490 -0.1395
vn -0.4230 0.9035 0.0689
vn -0.3392 0.9405 0.0200
vn -0.3446 0.9385 0.0231
vn -0.2162 -0.9759 -0.0297
vn -0.4978 -0.8672 -0.0140
vn -0.2239 -0.9746 0.0116
vn -0.6068 -0.7943 0.0288
vn -0.6063 -0.7947 0.0301
vn 0.0285 -0.9996 0.0081
vn 0.0741 -0.9966 0.0369
vn 0.6414 0.7671 -0.0153
vn 0.6916 0.7222 -0.0111
vn 0.6917 0.7221 -0.0111
vn 0.6376 0.7702 -0.0151
vn -0.2420 0.9702 0.0077
vn -0.2422 0.9702 0.0073
vn 0.0253 -0.9980 -0.0583
vn 0.0436 -0.9843 -0.1709
vn 0.1008 -0.3022 -0.9479
vn 0.1281 -0.3728 -0.9190
vn 0.0077 -0.0213 -0.9997
vn 0.7055 0.5718 -0.4188
vn 0.0353 0.1814 0.9828
vn 0.0373 0.1989 0.9793
vn 0.0148 0.2221 0.9749
vn 0.0238 0.2717 0.9621
vn 0.7241 -0.2549 -0.6409
vn 0.4757 0.3024 -0.8260
vn 0.2880 0.1009 -0.9523
vn 0.3782 0.1111 -0.9190
vn 0.0035 0.0420 -0.9991
vn 0.0008 0.0274 -0.9996
vn -0.0048 0.6009 -0.7993
vn -0.0007 0.5872 -0.8095
vn 0.0063 0.5634 -0.8262
vn 0.0060 0.0108 -0.9999
vn 0.0045 0.0041 -1.0000
vn 0.1140 -0.0309 -0.9930
vn -0.0157 0.2671 -0.9635
vn -0.0011 0.2315 -0.9728
vn 0.0019 0.0201 -0.9998
vn -0.0003 -0.0018 -1.0000
vn 0.0004 -0.0060 -1.0000
vn -0.0047 0.1472 -0.9891
vn -0.0022 0.0233 -0.9997
vn -0.0006 -0.0051 -1.0000
vn 0.0036 -0.0166 -0.9999
vn 0.0030 -0.0125 -0.9999
vn -0.0053 0.0169 -0.9998
vn -0.0021 -0.0091 -1.0000
vn 0.0033 -0.0200 -0.9998
vn 0.0089 -0.0184 -0.9998
vn 0.0092 -0.0178 -0.9998
vn -0.0047 -0.0125 -0.9999
vn 0.0021 -0.0216 -0.9998
vn 0.0081 -0.0190 -0.9998
vn 0.0086 -0.0064 -0.9999
vn 0.0102 -0.0068 -0.9999
vn -0.0024 -0.0230 -0.9997
vn 0.0022 -0.0191 -0.9998
vn -0.0017 -0.0054 -1.0000
vn -0.0113 0.0058 -0.9999
vn -0.0000 0.0046 -1.0000
vn -0.0222 -0.0177 -0.9996
vn -0.0482 -0.0037 -0.9988
vn -0.0575 0.0062 -0.9983
vn -0.0471 0.0045 -0.9989
vn -0.0169 0.0045 -0.9998
vn -0.0869 -0.0020 -0.9962
vn -0.0943 0.0060 -0.9955
vn -0.0723 0.0042 -0.9974
vn -0.3309 0.0011 -0.9437
vn -0.0384 0.0008 -0.9993
vn -0.7294 0.0047 -0.6841
vn -0.7855 0.0056 -0.6189
vn -0.7857 0.0056 -0.6186
vn -0.7361 0.0048 -0.6769
vn -0.5896 0.0012 -0.8077
vn -0.4419 -0.0006 -0.8971
vn -0.2514 -0.0002 -0.9679
vn -0.9946 0.0005 -0.1035
vn -0.9968 0.0016 -0.0794
vn -0.9986 0.0010 -0.0528
vn -0.9977 0.0004 -0.0672
vn -0.9975 -0.0007 -0.0701
vn -0.9941 -0.0012 -0.1083
vn -0.9981 -0.0012 -0.0624
vn -0.9953 -0.0018 -0.0965
vn -0.9997 0.0003 -0.0236
vn -0.9997 -0.0001 -0.0237
vn -0.9998 -0.0005 -0.0213
vn -0.9998 -0.0008 -0.0177
vn -0.9974 0.0005 -0.0722
vn -0.9999 0.0001 -0.0124
vn -0.9999 -0.0002 -0.0110
vn -1.0000 -0.0004 -0.0085
vn -1.0000 -0.0003 -0.0063
vn -0.9999 -0.0007 -0.0140
vn -1.0000 -0.0000 -0.0057
vn -1.0000 -0.0001 -0.0042
vn -1.0000 -0.0001 -0.0025
vn -1.0000 -0.0009 -0.0010
vn -1.0000 -0.0013 -0.0047
vn -1.0000 0.0002 -0.0010
vn -1.0000 0.0006 0.0009
vn -1.0000 0.0004 0.0028
vn -1.0000 -0.0028 0.0046
vn -1.0000 -0.0046 0.0005
vn -1.0000 0.0023 0.0067
vn -0.9999 0.0031 0.0097
vn -0.9999 0.0001 0.0118
vn -0.9998 -0.0133 0.0138
vn -0.9998 -0.0175 0.0060
vn -0.9999 0.0095 0.0110
vn -0.9999 0.0082 0.0142
vn -0.9999 -0.0019 0.0172
vn -0.9982 -0.0552 0.0215
vn -0.9968 -0.0782 0.0166
vn -0.9998 0.0186 0.0092
vn -0.9998 0.0117 0.0129
vn -0.9994 -0.0318 0.0153
vn -0.9947 -0.1007 0.0189
vn -0.9930 -0.1153 0.0246
vn -0.9997 0.0221 0.0078
vn -0.9998 -0.0178 0.0123
vn -0.9970 -0.0756 0.0189
vn -0.9950 -0.0976 0.0234
vn -0.9910 -0.1324 0.0212
vn -0.9999 -0.0055 0.0106
vn -0.9985 -0.0496 0.0243
vn -0.9757 0.2168 0.0313
vn -0.8769 0.4799 0.0269
vn -0.8360 0.5483 0.0235
vn -0.8361 0.5480 0.0234
vn -0.9993 -0.0211 0.0294
vn -0.9779 0.2043 0.0435
vn -0.9064 0.4204 0.0411
vn 0.0725 0.9971 -0.0227
vn 0.0723 0.9971 -0.0227
vn 0.1144 0.9934 -0.0036
vn 0.1146 0.9934 -0.0038
vn -0.9789 0.2017 0.0323
vn -0.9219 0.3867 0.0231
vn 0.0022 1.0000 -0.0038
vn 0.0013 1.0000 -0.0023
vn 0.9447 0.3280 0.0016
vn 0.9448 0.3276 0.0021
vn 0.9385 0.3435 0.0345
vn 0.9395 0.3411 0.0322
vn 0.0103 0.9995 0.0291
vn 0.0117 0.9995 0.0295
vn 0.9358 0.3525 -0.0023
vn 0.9356 0.3531 -0.0020
vn 0.9655 -0.2602 -0.0116
vn 0.9405 -0.3291 0.0846
vn 0.9397 -0.3287 0.0949
vn 0.9557 -0.2942 -0.0034
vn 0.9561 -0.2931 0.0004
vn 0.9637 -0.2669 0.0005
vn 0.9788 -0.2046 0.0133
vn 0.9819 -0.1892 0.0028
vn 0.9854 -0.1700 0.0008
vn 0.9475 -0.3194 0.0138
vn 0.9366 -0.3491 0.0285
vn 0.9896 -0.1436 -0.0013
vn 0.9347 -0.3551 0.0115
vn 0.8835 -0.4676 0.0268
vn 0.9272 0.3725 0.0391
vn 0.9273 0.3722 0.0398
vn 0.9287 -0.3709 -0.0050
vn 0.8488 -0.5288 -0.0023
vn 0.9292 0.3695 0.0015
vn 0.9296 0.3685 -0.0008
vn 0.9408 0.3384 -0.0197
vn 0.9419 0.3354 -0.0192
vn 0.0974 0.9952 0.0047
vn 0.1049 0.9945 0.0081
vn 0.1059 0.9943 0.0087
vn 0.0981 0.9952 0.0011
vn 0.0958 0.9954 -0.0004
vn -0.7992 0.6004 0.0294
vn -0.7721 0.6354 0.0162
vn -0.7706 0.6371 0.0156
vn -0.7991 0.6005 0.0294
vn -0.7510 0.6602 0.0107
vn -0.7502 0.6612 0.0109
vn -0.9909 -0.1321 0.0246
vn -0.9928 -0.1180 0.0225
vn -0.9920 -0.1245 0.0201
vn -0.9908 -0.1352 0.0109
vn -0.9904 -0.1378 0.0090
vn -0.9965 -0.0833 0.0068
vn -0.9888 -0.1488 0.0075
vn -0.9963 -0.0856 0.0043
vn -0.9998 -0.0199 0.0023
vn -0.9958 -0.0913 -0.0007
vn -0.9997 -0.0226 -0.0021
vn -1.0000 -0.0060 -0.0035
vn -0.9996 -0.0200 -0.0184
vn -0.9999 -0.0062 -0.0129
vn -0.9999 -0.0016 -0.0124
vn -0.9801 0.0003 -0.1986
vn -0.9885 0.0020 -0.1515
vn -0.9940 0.0021 -0.1097
vn -0.9593 0.0056 -0.2823
vn -0.9809 0.0051 -0.1946
vn -0.9931 0.0017 -0.1175
vn -0.2605 -0.0010 -0.9655
vn -0.1588 -0.0005 -0.9873
vn -0.0948 0.0017 -0.9955
vn -0.1524 0.0018 -0.9883
vn -0.2028 0.0019 -0.9792
vn -0.3505 0.0008 -0.9365
vn -0.0273 0.0049 -0.9996
vn -0.0324 0.0030 -0.9995
vn -0.0355 0.0001 -0.9994
vn -0.0112 0.0031 -0.9999
vn -0.0149 0.0001 -0.9999
vn -0.0173 0.0005 -0.9999
vn -0.0074 0.0005 -1.0000
vn -0.0101 0.0003 -0.9999
vn -0.0084 0.0040 -1.0000
vn -0.0059 0.0005 -1.0000
vn -0.0037 0.0034 -1.0000
vn 0.0039 0.0033 -1.0000
vn 0.0002 0.0021 -1.0000
vn 0.0071 0.0016 -1.0000
vn 0.0119 -0.0072 -0.9999
vn 0.0109 -0.0004 -0.9999
vn 0.0129 -0.0071 -0.9999
vn 0.0087 -0.0154 -0.9998
vn 0.0106 -0.0050 -0.9999
vn 0.0047 -0.0101 -0.9999
vn -0.0003 -0.0098 -1.0000
vn 0.0249 -0.0015 -0.9997
vn 0.0357 -0.0182 -0.9992
vn 0.0516 -0.0282 -0.9983
vn 0.0644 -0.0239 -0.9976
vn 0.1210 -0.0514 -0.9913
vn 0.2132 -0.0580 -0.9753
vn 0.0637 0.0639 0.9959
vn 0.1119 0.0457 0.9927
vn 0.0571 0.0359 0.9977
vn 0.0255 0.0473 0.9986
vn 0.0112 0.1032 0.9946
vn 0.0350 0.1098 0.9933
vn -0.0049 0.0250 0.9997
vn -0.0093 0.0692 0.9976
vn -0.0007 0.2733 0.9619
vn -0.0001 0.0354 0.9994
vn 0.0002 0.0485 0.9988
vn 0.0142 0.5995 0.8002
vn 0.0177 0.5433 0.8394
vn 0.0211 0.4434 0.8961
vn 0.0154 0.3193 0.9475
vn 0.0416 0.2897 0.9562
vn 0.0150 0.6239 0.7814
vn 0.0226 0.6483 0.7611
vn 0.0135 0.0905 0.9958
vn 0.0178 0.0202 0.9996
vn -0.0088 -0.0262 0.9996
vn 0.0368 0.3046 0.9518
vn 0.0193 -0.3505 0.9364
vn 0.0004 -0.1217 0.9926
vn -0.0404 -0.2849 0.9577
vn -0.0094 -0.8585 0.5127
vn 0.0177 -0.6096 0.7925
vn -0.0034 -0.9399 0.3414
vn 0.0054 -0.9948 0.1014
vn 0.0033 -0.9999 0.0153
vn -0.0012 -1.0000 0.0052
vn 0.0005 -0.9976 -0.0696
vn -0.0019 -0.9971 -0.0759
vn -0.0127 -0.1816 -0.9833
vn -0.0111 -0.2020 -0.9793
vn 0.0387 0.2980 0.9538
vn 0.0271 0.8144 0.5797
vn 0.0038 0.6093 0.7930
vn 0.0192 0.8479 0.5298
vn 0.0232 0.7019 0.7119
vn 0.0050 0.8429 0.5380
vn 0.0032 0.7065 0.7077
vn 0.0090 0.0545 0.9985
vn 0.0097 0.0384 0.9992
vn 0.0313 0.0457 0.9985
vn 0.0346 0.0743 0.9966
vn -0.0191 0.1129 0.9934
vn -0.0030 0.0576 0.9983
vn 0.0055 0.0190 0.9998
vn 0.0120 0.0155 0.9998
vn -0.0108 0.1410 0.9900
vn 0.0038 0.0231 0.9997
vn 0.0039 0.0116 0.9999
vn 0.0073 0.0104 0.9999
vn 0.0009 0.2651 0.9642
vn 0.0034 0.0286 0.9996
vn 0.0027 0.0125 0.9999
vn -0.0000 0.0084 1.0000
vn 0.0014 0.0120 0.9999
vn 0.0005 0.0146 0.9999
vn 0.0010 0.0078 1.0000
vn -0.0010 0.0105 0.9999
vn -0.0047 0.0154 0.9999
vn -0.0004 0.0155 0.9999
vn 0.0020 0.0108 0.9999
vn -0.0015 0.0061 1.0000
vn -0.0068 0.0121 0.9999
vn 0.0874 0.0185 0.9960
vn 0.0882 0.0045 0.9961
vn 0.0492 0.0013 0.9988
vn -0.0078 0.0031 1.0000
vn 0.1669 0.0258 0.9856
vn 0.1727 0.0076 0.9849
vn 0.1121 -0.0006 0.9937
vn 0.0907 0.0075 0.9959
vn 0.0431 0.0038 0.9991
vn 0.0754 0.0147 -0.9970
vn 0.0504 0.0028 -0.9987
vn 0.0455 0.0045 -0.9990
vn 0.0490 -0.0010 -0.9988
vn 0.0904 -0.0009 -0.9959
vn 0.0458 -0.0046 -0.9989
vn 0.0750 -0.0104 -0.9971
vn 0.0126 -0.0012 -0.9999
vn 0.0129 -0.0007 -0.9999
vn 0.0141 0.0001 -0.9999
vn 0.0396 0.0018 -0.9992
vn 0.0069 0.0004 -1.0000
vn 0.0069 0.0003 -1.0000
vn 0.0100 0.0028 -0.9999
vn 0.0794 -0.0136 -0.9967
vn -0.0014 0.0007 -1.0000
vn 0.0023 0.0024 -1.0000
vn 0.0063 0.0043 -1.0000
vn 0.0135 0.0068 -0.9999
vn -0.0034 0.0009 -1.0000
vn -0.0001 0.0035 -1.0000
vn 0.0005 0.0044 -1.0000
vn 0.0080 0.0037 -1.0000
vn -0.0044 0.0033 -1.0000
vn -0.0041 0.0048 -1.0000
vn -0.0050 0.0032 -1.0000
vn -0.0003 0.0021 -1.0000
vn -0.0101 0.0051 -0.9999
vn -0.0102 0.0037 -0.9999
vn -0.0101 0.0012 -0.9999
vn -0.0054 0.0008 -1.0000
vn -0.0225 0.0038 -0.9997
vn -0.0201 0.0013 -0.9998
vn -0.0191 -0.0026 -0.9998
vn -0.0099 -0.0027 -0.9999
vn -0.0650 0.0011 -0.9979
vn -0.0599 -0.0016 -0.9982
vn -0.0590 -0.0141 -0.9982
vn -0.0184 -0.0151 -0.9997
vn -0.1027 0.0011 -0.9947
vn -0.0936 -0.0007 -0.9956
vn -0.0907 -0.0123 -0.9958
vn -0.0787 -0.0662 -0.9947
vn -0.0520 -0.0650 -0.9965
vn -0.8750 0.0021 -0.4841
vn -0.9275 0.0068 -0.3738
vn -0.9650 -0.0073 -0.2620
vn -0.7963 -0.0689 -0.6010
vn -0.7906 -0.0762 -0.6075
vn -0.6333 -0.1884 -0.7506
vn -0.6254 -0.1917 -0.7564
vn -0.9948 -0.0808 -0.0627
vn -0.9958 -0.0853 -0.0326
vn -0.9833 -0.1794 -0.0291
vn -0.9779 -0.2010 -0.0570
vn -0.9753 -0.2205 -0.0158
vn -0.9654 -0.2581 -0.0380
vn -0.9873 -0.1588 0.0035
vn -0.9851 -0.1719 0.0072
vn -0.8311 0.5561 0.0037
vn -0.8304 0.5571 0.0041
vn -0.9874 -0.1583 0.0097
vn -0.8010 0.5985 0.0156
vn -0.7987 0.6016 0.0159
vn 0.0952 0.9955 0.0001
vn 0.0938 0.9956 -0.0005
vn -0.7650 0.6438 0.0151
vn -0.7625 0.6469 0.0147
vn 0.0720 0.9974 -0.0043
vn 0.0711 0.9975 -0.0042
vn 0.9521 0.3052 -0.0210
vn 0.9522 0.3047 -0.0210
vn 0.9496 0.3132 -0.0132
vn 0.9501 0.3118 -0.0119
vn 0.0664 0.9978 -0.0090
vn 0.0669 0.9977 -0.0096
vn 0.9592 0.2820 -0.0197
vn 0.9593 0.2818 -0.0197
vn 0.9553 0.2951 -0.0176
vn 0.9546 0.2973 -0.0173
vn 0.8393 -0.5435 -0.0139
vn 0.8514 -0.5240 -0.0220
vn 0.9365 -0.3499 -0.0229
vn 0.9419 -0.3354 -0.0180
vn 0.9517 -0.3068 -0.0094
vn 0.8380 -0.5456 -0.0068
vn 0.9979 -0.0623 -0.0176
vn 0.9994 -0.0338 -0.0091
vn 0.9995 -0.0317 0.0031
vn 0.9593 -0.2824 -0.0048
vn 0.8608 -0.5086 -0.0195
vn 0.9975 -0.0616 0.0336
vn 1.0000 -0.0071 -0.0004
vn 0.9999 -0.0000 0.0129
vn 0.9925 -0.0080 0.1224
vn 0.9721 -0.1060 0.2094
vn 0.9742 -0.0221 0.2246
vn 0.9268 -0.1148 0.3576
vn 0.8829 -0.1855 0.4313
vn 0.1034 0.0132 0.9946
vn 0.1939 0.0371 0.9803
vn 0.1034 0.0202 0.9944
vn 0.0530 -0.0018 0.9986
vn 0.0107 -0.0023 0.9999
vn 0.0046 -0.0141 0.9999
vn 0.0051 -0.1090 0.9940
vn 0.0112 -0.4488 0.8935
vn 0.0043 -0.0173 0.9998
vn 0.0046 -0.0991 0.9951
vn 0.0054 -0.1740 0.9847
vn 0.0177 -0.6685 0.7435
vn 0.0183 -0.6675 0.7444
vn 0.0134 -0.6732 0.7393
vn 0.0055 -0.1024 0.9947
vn 0.0145 -0.4204 0.9072
vn 0.0226 -0.6225 0.7823
vn 0.0049 -0.3887 0.9214
vn 0.0118 -0.5156 0.8567
vn 0.0232 0.0531 0.9983
vn 0.0226 0.1608 0.9867
vn 0.0209 0.1814 0.9832
vn 0.0240 0.0600 0.9979
vn 0.0114 0.0021 0.9999
vn 0.0108 0.0010 0.9999
vn -0.0079 0.8898 0.4563
vn -0.0037 0.9383 0.3459
vn -0.0030 0.9406 0.3394
vn -0.0079 0.8899 0.4561
vn -0.0076 0.8229 0.5681
vn -0.0077 0.8221 0.5693
vn -0.0000 -0.0239 0.9997
vn -0.0001 -0.0244 0.9997
vn 0.0336 0.7019 0.7115
vn 0.0340 0.7011 0.7122
vn 0.0331 -0.0129 0.9994
vn 0.0418 -0.0080 0.9991
vn 0.0337 -0.6790 0.7333
vn -0.0235 0.9984 0.0507
vn -0.0062 0.9999 -0.0143
vn -0.0054 0.9999 -0.0159
vn -0.0232 0.9984 0.0509
vn -0.0654 0.3729 -0.9256
vn -0.0562 0.2390 -0.9694
vn -0.0338 0.0482 -0.9983
vn -0.0475 0.1358 -0.9896
vn -0.0491 0.4376 -0.8978
vn -0.0585 0.4361 -0.8980
vn -0.0296 -0.1144 -0.9930
vn -0.0191 -0.1078 -0.9940
vn -0.0362 -0.1090 -0.9934
vn -0.0474 -0.1152 -0.9922
vn -0.0252 -0.1182 -0.9927
vn -0.0157 -0.0579 -0.9982
vn -0.0055 -0.1144 -0.9934
vn -0.0047 -0.0487 -0.9988
vn -0.0088 -0.0133 -0.9999
vn -0.0038 -0.0378 -0.9993
vn -0.0056 -0.0116 -0.9999
vn -0.0056 -0.0026 -1.0000
vn -0.0010 -0.0112 -0.9999
vn -0.0011 -0.0031 -1.0000
vn -0.0009 -0.0001 -1.0000
vn 0.0057 -0.0063 -1.0000
vn 0.0065 -0.0026 -1.0000
vn 0.0073 0.0005 -1.0000
vn 0.0125 -0.0067 -0.9999
vn 0.0157 -0.0026 -0.9999
vn 0.0173 0.0041 -0.9998
vn 0.0210 -0.0046 -0.9998
vn 0.0207 0.0065 -0.9998
vn 0.0433 0.0023 -0.9991
vn 0.0659 -0.0002 0.9978
vn 0.0999 0.0181 0.9948
vn 0.0450 0.0060 0.9990
vn 0.0247 0.0014 0.9997
vn -0.0008 0.0037 1.0000
vn -0.0098 -0.0043 0.9999
vn -0.0069 -0.0023 1.0000
vn -0.0036 -0.0009 1.0000
vn -0.0117 -0.0002 0.9999
vn 0.0148 0.0057 0.9999
vn 0.0420 0.0176 0.9990
vn -0.0111 0.0004 0.9999
vn -0.0106 0.0010 0.9999
vn 0.0684 0.0023 0.9977
vn -0.0107 0.0012 0.9999
vn 0.1565 0.0049 0.9877
vn -0.0130 0.0011 0.9999
vn -0.0130 0.0058 0.9999
vn -0.0091 -0.0007 1.0000
vn -0.0131 0.0070 0.9999
vn -0.0104 0.0163 0.9998
vn -0.0105 0.0066 0.9999
vn -0.0098 0.0173 0.9998
vn -0.0046 0.0194 0.9998
vn -0.0068 0.0174 0.9998
vn -0.0015 0.0216 0.9998
vn 0.0053 0.0147 0.9999
vn 0.0068 0.0237 0.9997
vn 0.0149 0.0172 0.9997
vn 0.0159 0.0090 0.9998
vn 0.0716 0.0156 0.9973
vn 0.0463 0.0064 0.9989
vn 0.0324 0.0105 0.9994
vn 0.0716 0.0043 0.9974
vn 0.3289 -0.0046 0.9444
vn 0.7443 -0.0039 0.6678
vn 0.7541 -0.0040 0.6567
vn 0.5969 -0.0140 0.8022
vn 0.9985 -0.0061 0.0552
vn 0.9993 -0.0154 0.0352
vn 0.9998 -0.0158 0.0124
vn 0.9997 -0.0081 0.0218
vn 0.9998 -0.0137 -0.0142
vn 0.9998 -0.0086 -0.0175
vn 0.9999 0.0073 -0.0077
vn 0.9996 -0.0036 -0.0272
vn 0.9995 0.0037 -0.0323
vn 0.9993 0.0106 -0.0364
vn 0.9997 0.0248 0.0060
vn 0.9988 0.0403 -0.0267
vn 0.9967 0.0754 -0.0295
vn 0.7495 0.6600 -0.0502
vn 0.7384 0.6734 -0.0366
vn 0.8761 0.4808 -0.0373
vn 0.8860 0.4608 -0.0514
vn 0.9924 0.1170 -0.0378
vn 0.9927 0.1093 -0.0514
vn 0.9970 -0.0694 -0.0355
vn 0.9969 -0.0625 -0.0480
vn 0.9930 -0.1131 -0.0340
vn 0.9928 -0.1114 -0.0444
vn 0.3718 -0.9283 -0.0033
vn 0.3454 -0.9384 -0.0061
vn 0.1552 -0.9879 -0.0031
vn 0.1495 -0.9887 0.0037
vn -0.0751 -0.9971 0.0102
vn -0.3233 -0.9463 -0.0002
vn -0.0380 -0.9993 0.0001
vn -0.6858 -0.7276 0.0158
vn -0.6885 -0.7250 0.0157
vn -0.6395 -0.7686 0.0188
vn -0.6387 -0.7692 0.0189
vn 0.1611 -0.9869 -0.0105
vn -0.0176 -0.9998 -0.0053
vn -0.7453 -0.6663 0.0223
vn -0.7521 -0.6586 0.0241
vn -0.9936 -0.1067 0.0378
vn -0.9978 -0.0541 0.0388
vn -0.9980 -0.0587 0.0241
vn -0.9932 -0.1134 0.0245
vn -0.7970 -0.6034 0.0269
vn -0.8017 -0.5972 0.0254
vn -0.9957 -0.0866 0.0340
vn -0.9988 -0.0355 0.0342
vn -0.9937 0.1082 0.0282
vn -0.9887 0.1452 0.0363
vn -0.9455 -0.3252 0.0175
vn -0.9995 -0.0256 0.0190
vn -0.9982 0.0594 0.0129
vn -0.9986 0.0531 0.0037
vn -0.9928 0.1189 0.0147
vn -0.9994 -0.0279 0.0184
vn -0.9995 0.0271 0.0130
vn -0.9997 0.0236 0.0037
vn -1.0000 0.0030 -0.0030
vn -0.9999 0.0126 -0.0020
vn -0.9999 0.0092 0.0115
vn -1.0000 0.0064 0.0046
vn -1.0000 -0.0039 -0.0010
vn -1.0000 -0.0067 -0.0057
vn -1.0000 -0.0025 -0.0067
vn -1.0000 -0.0009 0.0079
vn -1.0000 -0.0083 0.0042
vn -0.9999 -0.0116 -0.0024
vn -1.0000 -0.0058 -0.0080
vn -0.9999 -0.0039 -0.0094
vn -0.9997 -0.0090 0.0223
vn -0.9997 -0.0195 0.0126
vn -0.9999 -0.0100 -0.0008
vn -1.0000 0.0040 0.0006
vn -1.0000 0.0021 -0.0092
vn -0.9967 -0.0362 0.0724
vn -0.9990 -0.0236 0.0390
vn -0.9993 0.0082 0.0364
vn -0.9997 -0.0021 0.0250
vn -1.0000 0.0020 -0.0024
vn -0.9970 -0.0312 0.0715
vn -0.9979 0.0091 0.0647
vn -0.9991 -0.0046 0.0421
vn -0.9996 0.0068 0.0288
vn -0.9999 0.0055 0.0137
vn -0.7248 -0.0029 0.6889
vn -0.7922 0.0102 0.6102
vn -0.7897 0.0082 0.6134
vn -0.7114 -0.0028 0.7028
vn -0.6415 0.0033 0.7672
vn -0.6439 0.0024 0.7651
vn -0.6248 0.0071 0.7807
vn -0.6253 0.0072 0.7803
vn 0.9220 -0.0074 0.3871
vn 0.9286 0.0035 0.3710
vn 0.9638 0.0001 0.2666
vn 0.9616 -0.0062 0.2744
vn 0.9711 -0.0044 0.2385
vn 0.9394 -0.0062 0.3427
vn 0.9780 -0.0003 0.2088
vn 0.9522 -0.0005 0.3056
vn 0.9936 -0.0042 0.1128
vn 0.9952 -0.0018 0.0975
vn 0.9963 -0.0000 0.0864
vn 0.9969 -0.0028 0.0792
vn 0.9848 -0.0058 0.1735
vn 0.9986 -0.0009 0.0534
vn 0.9985 -0.0003 0.0549
vn 0.9985 -0.0021 0.0549
vn 0.9986 -0.0022 0.0520
vn 0.9976 -0.0027 0.0689
vn 0.9991 -0.0007 0.0433
vn 0.9991 -0.0018 0.0430
vn 0.9992 -0.0019 0.0399
vn 0.9994 -0.0031 0.0355
vn 0.9988 -0.0037 0.0481
vn 0.9994 -0.0015 0.0347
vn 0.9995 -0.0015 0.0318
vn 0.9996 -0.0024 0.0277
vn 0.9998 -0.0036 0.0214
vn 0.9996 -0.0046 0.0277
vn 0.9997 -0.0011 0.0238
vn 0.9998 -0.0018 0.0207
vn 0.9999 -0.0027 0.0160
vn 0.9999 -0.0044 0.0109
vn 0.9999 -0.0051 0.0148
vn 0.9999 -0.0011 0.0119
vn 1.0000 -0.0017 0.0089
vn 1.0000 -0.0035 0.0054
vn 1.0000 -0.0092 0.0010
vn 0.9999 -0.0100 0.0061
vn 1.0000 -0.0008 -0.0003
vn 1.0000 -0.0023 -0.0022
vn 1.0000 -0.0067 -0.0055
vn 0.9999 -0.0119 -0.0094
vn 0.9998 -0.0177 -0.0038
vn 1.0000 -0.0009 -0.0042
vn 1.0000 -0.0028 -0.0062
vn 0.9999 -0.0055 -0.0090
vn 0.9999 -0.0092 -0.0115
vn 0.9998 -0.0175 -0.0128
vn 1.0000 -0.0008 -0.0008
vn 1.0000 -0.0020 -0.0028
vn 1.0000 -0.0044 -0.0047
vn 0.9999 -0.0116 -0.0065
vn 0.9998 -0.0169 -0.0132
vn 1.0000 -0.0006 0.0039
vn 1.0000 -0.0016 0.0022
vn 0.9999 -0.0001 0.0169
vn 0.9999 0.0003 0.0161
vn 0.9967 -0.0003 0.0807
vn 0.9960 0.0013 0.0895
vn 0.9910 -0.0007 0.1342
vn 0.9883 0.0016 0.1527
vn 0.2958 0.0157 0.9551
vn 0.4065 -0.0012 0.9137
vn 0.2233 -0.0021 0.9748
vn 0.1623 0.0078 0.9867
vn 0.0198 -0.0027 0.9998
vn 0.0165 -0.0017 0.9999
vn 0.0069 -0.0023 1.0000
vn 0.0070 -0.0030 1.0000
vn 0.0059 -0.0065 1.0000
vn 0.0014 -0.0025 1.0000
vn 0.0018 -0.0060 1.0000
vn 0.0039 -0.0138 0.9999
vn -0.0046 -0.0015 1.0000
vn -0.0030 -0.0055 1.0000
vn -0.0028 -0.1162 0.9932
vn -0.0095 -0.0053 0.9999
vn -0.0106 -0.1321 0.9912
vn -0.0031 -0.3241 0.9460
vn 0.0042 -0.3827 0.9238
vn -0.0094 -0.1210 0.9926
vn 0.0009 -0.2504 0.9681
vn 0.0083 -0.2861 0.9582
vn 0.0176 -0.2684 0.9631
vn 0.0139 0.4115 0.9113
vn 0.0170 0.4535 0.8911
vn 0.0167 0.4528 0.8915
vn 0.0138 0.4151 0.9097
vn 0.0147 0.3217 0.9467
vn 0.0149 0.3067 0.9517
vn -0.0063 0.9993 0.0361
vn -0.0052 0.9998 0.0190
vn -0.0068 0.9997 0.0223
vn -0.0039 0.9996 0.0282
vn -0.0075 0.9863 0.1647
vn -0.0054 0.9827 0.1853
vn 0.0030 0.8791 -0.4767
vn -0.0081 0.8004 -0.5995
vn -0.0075 0.7901 -0.6129
vn 0.0011 0.8737 -0.4865
vn 0.0127 0.9389 -0.3441
vn 0.0125 0.9406 -0.3394
vn 0.0013 0.0274 -0.9996
vn -0.0111 -0.0141 -0.9998
vn -0.0089 -0.1042 -0.9945
vn -0.0029 -0.0726 -0.9974
vn -0.0166 -0.0401 -0.9991
vn -0.0283 0.0958 -0.9950
vn 0.0181 0.9849 -0.1723
vn 0.0183 0.9853 -0.1697
vn -0.0047 -0.1109 -0.9938
vn -0.0043 -0.1125 -0.9936
vn -0.0017 -0.0346 -0.9994
vn -0.0013 -0.1249 -0.9922
vn 0.0034 -0.0398 -0.9992
vn 0.0048 -0.0142 -0.9999
vn 0.0068 -0.0486 -0.9988
vn 0.0088 -0.0205 -0.9998
vn 0.0106 -0.0122 -0.9999
vn 0.0142 -0.0077 -0.9999
vn 0.0054 -0.0634 -0.9980
vn -0.0010 -0.1628 -0.9867
vn 0.0140 -0.1647 -0.9862
vn 0.0023 -0.1492 -0.9888
vn -0.0065 -0.1689 -0.9856
vn 0.0001 -0.1924 -0.9813
vn 0.0028 -0.1501 -0.9887
vn 0.0126 0.1890 -0.9819
vn 0.0125 -0.1749 -0.9845
vn -0.0139 -0.1021 -0.9947
vn 0.0382 -0.1475 -0.9883
vn 0.0079 0.5012 -0.8653
vn 0.0011 0.6619 -0.7496
vn 0.0001 0.6770 -0.7360
vn -0.0053 0.9988 0.0485
vn -0.0056 0.9988 0.0484
vn 0.0243 -0.2918 0.9562
vn -0.0105 -0.0162 0.9998
vn 0.0274 -0.0187 0.9994
vn 0.1432 -0.0143 0.9896
vn -0.0092 0.0025 1.0000
vn -0.0054 0.0001 1.0000
vn -0.0104 0.0058 0.9999
vn -0.0053 -0.0003 1.0000
vn -0.0112 0.0027 0.9999
vn 0.1271 0.0167 0.9918
vn -0.0049 -0.0022 1.0000
vn -0.0116 -0.0008 0.9999
vn 0.1101 0.0239 0.9936
vn -0.0111 -0.0041 0.9999
vn 0.2379 0.0521 0.9699
vn 0.4145 0.0386 0.9092
vn -0.0045 -0.0043 1.0000
vn -0.0031 -0.0037 1.0000
vn 0.0003 -0.0046 1.0000
vn 0.0014 -0.0032 1.0000
vn 0.0043 -0.0008 1.0000
vn -0.0001 -0.0016 1.0000
vn 0.0067 -0.0005 1.0000
vn 0.0024 -0.0005 1.0000
vn 0.0060 -0.0035 1.0000
vn 0.0010 -0.0026 1.0000
vn -0.0037 -0.0015 1.0000
vn -0.0053 -0.0025 1.0000
vn 0.0007 -0.0038 1.0000
vn -0.0055 0.0060 1.0000
vn 0.0157 -0.0048 0.9999
vn 0.0097 0.0051 0.9999
vn 0.0036 0.0171 0.9998
vn 0.1454 0.0041 0.9894
vn 0.1343 0.0168 0.9908
vn 0.1070 0.0228 0.9940
vn 0.2548 0.0161 0.9669
vn 0.2091 0.0216 0.9777
vn 0.1300 0.0130 0.9914
vn 0.8688 -0.0078 0.4951
vn 0.9489 -0.0024 0.3154
vn 0.9850 -0.0092 0.1726
vn 0.9647 -0.0156 0.2628
vn 0.9997 -0.0160 0.0208
vn 0.9997 -0.0210 0.0143
vn 0.9999 -0.0149 0.0030
vn 0.9998 -0.0181 -0.0062
vn 0.9999 -0.0132 -0.0037
vn 0.9998 -0.0134 -0.0141
vn 0.9997 -0.0084 -0.0221
vn 0.9999 -0.0076 -0.0123
vn 0.9999 0.0001 -0.0165
vn 0.9997 0.0100 -0.0203
vn 1.0000 0.0063 -0.0052
vn 0.9997 0.0228 -0.0052
vn 0.9961 0.0881 -0.0072
vn 0.9998 0.0210 0.0011
vn 0.9938 0.1114 0.0012
vn 0.9820 0.1890 0.0006
vn 0.9883 0.1521 -0.0077
vn 0.7154 0.6986 -0.0102
vn 0.6927 0.7212 -0.0027
vn 0.8291 0.5590 -0.0079
vn 0.8609 0.5085 -0.0167
vn 0.9845 0.1749 -0.0161
vn 0.9914 0.1285 -0.0251
vn 0.9968 -0.0766 -0.0206
vn 0.9965 -0.0804 -0.0247
vn 0.9924 -0.1212 -0.0230
vn 0.9924 -0.1210 -0.0225
vn 0.3333 -0.9427 -0.0148
vn 0.3708 -0.9287 -0.0017
vn 0.1801 -0.9836 0.0014
vn -0.0235 -0.9997 0.0030
vn 0.4336 -0.9011 0.0008
vn 0.2289 -0.9734 -0.0005
vn 0.0131 -0.9999 -0.0015
vn -0.8303 -0.5571 0.0147
vn 0.2547 -0.9670 0.0013
vn 0.0382 -0.9993 0.0049
vn -0.8657 -0.5004 0.0121
vn -0.9559 -0.2932 0.0160
vn -0.9097 -0.4152 -0.0006
vn -0.9709 -0.2394 0.0059
vn -0.9996 -0.0251 0.0142
vn -0.9866 -0.1618 -0.0196
vn -0.9998 -0.0166 0.0065
vn -0.9999 0.0021 0.0102
vn -0.9999 -0.0048 0.0155
vn -0.9998 0.0023 0.0196
vn -0.9998 -0.0008 0.0210
vn -0.9985 0.0102 0.0531
vn -0.9977 0.0146 0.0668
vn -0.9963 0.0030 0.0860
vn -0.9942 0.0285 0.1034
vn -0.9904 0.0141 0.1372
vn -0.9916 -0.0493 0.1199
vn -0.7600 -0.0632 0.6468
vn -0.6809 0.0474 0.7308
vn -0.6860 0.0443 0.7262
vn -0.7626 -0.0780 0.6422
vn -0.7928 -0.0559 0.6070
vn -0.7912 -0.0634 0.6083
vn 0.9493 0.0097 0.3142
vn 0.9354 0.0040 0.3537
vn 0.9790 0.0165 0.2032
vn 0.9793 0.0139 0.2017
vn 0.9746 0.0149 0.2233
vn 0.9482 0.0200 0.3170
vn 0.9981 0.0151 0.0598
vn 0.9959 0.0061 0.0901
vn 0.9936 -0.0040 0.1125
vn 0.9991 0.0008 0.0432
vn 0.9987 -0.0049 0.0508
vn 0.9986 -0.0036 0.0536
vn 0.9995 -0.0053 0.0315
vn 0.9994 -0.0039 0.0354
vn 0.9992 -0.0011 0.0399
vn 0.9996 -0.0046 0.0275
vn 0.9995 -0.0018 0.0320
vn 0.9994 -0.0010 0.0353
vn 0.9997 -0.0024 0.0251
vn 0.9996 -0.0012 0.0270
vn 0.9997 -0.0012 0.0262
vn 0.9999 -0.0013 0.0159
vn 0.9999 -0.0008 0.0148
vn 0.9999 -0.0008 0.0134
vn 1.0000 -0.0006 0.0024
vn 1.0000 -0.0005 0.0018
vn 1.0000 -0.0006 0.0011
vn 1.0000 -0.0003 -0.0033
vn 1.0000 -0.0003 -0.0034
vn 1.0000 -0.0003 -0.0035
vn 1.0000 -0.0001 0.0001
vn 1.0000 -0.0001 0.0004
vn 1.0000 -0.0002 0.0003
vn 1.0000 -0.0001 0.0046
vn 1.0000 -0.0002 0.0051
vn 1.0000 -0.0003 0.0050
vn 0.9999 -0.0007 0.0138
vn 0.9999 -0.0002 0.0169
vn 0.9988 -0.0021 0.0485
vn 0.9978 -0.0018 0.0670
vn 0.9971 -0.0031 0.0759
vn 0.9943 -0.0034 0.1066
vn 0.5292 -0.0090 0.8484
vn 0.6598 -0.0057 0.7514
vn 0.6625 -0.0056 0.7491
vn 0.2930 -0.0068 0.9561
vn 0.0438 -0.0040 0.9990
vn 0.0277 -0.0044 0.9996
vn 0.0210 -0.0039 0.9998
vn 0.0069 -0.0048 1.0000
vn 0.0065 -0.0033 1.0000
vn 0.0007 -0.0028 1.0000
vn 0.0012 -0.0015 1.0000
vn 0.0407 -0.0024 0.9992
vn 0.0089 -0.0029 1.0000
vn 0.0515 -0.0001 0.9987
vn 0.0130 -0.0004 0.9999
vn 0.0590 -0.0007 0.9983
vn 0.0163 -0.0005 0.9999
vn 0.0839 -0.0030 0.9965
vn 0.0176 -0.0040 0.9998
vn 0.1278 -0.0039 0.9918
vn 0.1452 -0.0017 0.9894
vn 0.2273 -0.0026 0.9738
vn 0.2666 0.0033 0.9638
vn 0.9948 -0.0006 0.1017
vn 0.9908 -0.0051 0.1350
vn 0.9964 -0.0030 0.0851
vn 0.9978 -0.0015 0.0669
vn 0.9948 -0.0022 0.1017
vn 0.9853 0.0026 0.1711
vn 0.9997 -0.0025 0.0230
vn 0.9997 -0.0071 0.0236
vn 1.0000 -0.0025 0.0092
vn 0.9999 -0.0073 0.0082
vn 1.0000 -0.0026 0.0037
vn 1.0000 -0.0072 0.0026
vn 1.0000 -0.0024 -0.0006
vn 1.0000 -0.0069 -0.0021
vn 0.9999 -0.0107 -0.0065
vn 1.0000 -0.0065 -0.0033
vn 1.0000 -0.0082 -0.0044
vn 1.0000 -0.0031 -0.0053
vn 1.0000 -0.0068 0.0030
vn 1.0000 -0.0027 0.0014
vn 1.0000 0.0051 0.0005
vn 1.0000 -0.0024 0.0095
vn 1.0000 0.0048 0.0073
vn 0.9998 0.0202 0.0045
vn 0.9999 0.0066 0.0129
vn 0.9996 0.0249 0.0097
vn 0.9935 0.1135 0.0052
vn 0.9938 0.1109 0.0003
vn 0.9820 0.1890 0.0028
vn 0.9816 0.1912 -0.0018
vn 0.6832 0.7302 -0.0042
vn 0.6851 0.7284 0.0028
vn 0.7761 0.6306 -0.0001
vn 0.7957 0.6057 -0.0083
vn 0.9611 0.2761 -0.0076
vn 0.9710 0.2385 -0.0165
vn 0.9994 -0.0331 -0.0114
vn 0.9987 -0.0470 -0.0220
vn 0.9971 -0.0749 -0.0109
vn 0.9954 -0.0924 -0.0237
vn 0.9993 -0.0366 0.0120
vn 0.9969 -0.0781 0.0135
vn 0.4551 -0.8904 -0.0019
vn 0.4253 -0.9050 0.0090
vn 0.2299 -0.9731 0.0139
vn 0.0144 -0.9997 0.0182
vn 0.3465 -0.9375 0.0317
vn 0.1529 -0.9873 0.0437
vn -0.0707 -0.9957 0.0591
vn -0.9547 -0.2952 -0.0370
vn 0.0459 -0.9909 0.1269
vn -0.2268 -0.9713 0.0722
vn -0.9862 -0.1640 -0.0211
vn -0.9966 -0.0821 -0.0010
vn -0.9944 -0.0908 0.0537
vn -0.9973 -0.0468 0.0557
vn -0.9987 -0.0013 0.0512
vn -0.9956 -0.0388 0.0847
vn -0.9972 -0.0014 0.0749
vn -0.9967 0.0186 0.0784
vn -0.9928 -0.0785 0.0905
vn -0.3633 -0.9211 0.1398
vn -0.3598 -0.9236 0.1321
vn -0.4055 -0.8834 0.2348
vn 0.3474 -0.8682 0.3543
vn 0.3001 -0.9430 0.1437
vn 0.5778 -0.6871 0.4405
vn 0.4215 -0.6451 0.6373
vn 0.2658 -0.7939 0.5468
vn 0.8778 -0.3048 0.3695
vn 0.9381 -0.2138 0.2726
vn 0.9786 -0.1244 0.1638
vn 0.9790 0.1947 0.0609
vn 0.9500 -0.1990 0.2406
vn 0.9941 -0.0891 0.0616
vn 0.9974 -0.0488 0.0521
vn 0.9701 0.2408 0.0315
vn 0.7751 0.6318 0.0090
vn 0.7844 0.6201 0.0128
vn 0.9999 0.0038 0.0107
vn 0.8539 0.5205 0.0057
vn 0.7708 0.6371 0.0051
vn 0.6740 0.7387 0.0047
vn 0.6476 0.7620 0.0018
vn 0.9808 0.1935 0.0239
vn 0.9928 0.1177 0.0233
vn 0.9927 0.1174 0.0287
vn 0.9805 0.1946 0.0273
vn 0.6350 0.7725 0.0011
vn 0.9814 0.1912 0.0143
vn 0.9930 0.1172 0.0144
vn 0.9995 0.0278 0.0151
vn 0.9994 0.0273 0.0217
vn 0.9997 0.0085 0.0225
vn 0.9994 0.0103 0.0336
vn 0.9992 0.0262 0.0294
vn 0.9998 0.0075 0.0167
vn 0.9998 -0.0016 0.0201
vn 0.9996 -0.0008 0.0273
vn 0.9999 -0.0016 0.0154
vn 0.9998 -0.0060 0.0187
vn 0.9997 -0.0056 0.0237
vn 0.9999 -0.0065 0.0121
vn 0.9999 -0.0058 0.0145
vn 0.9997 -0.0052 0.0218
vn 1.0000 -0.0061 0.0041
vn 0.9999 -0.0028 0.0158
vn 1.0000 -0.0023 -0.0027
vn 1.0000 -0.0006 -0.0028
vn 1.0000 -0.0011 0.0031
vn 1.0000 -0.0004 -0.0002
vn 1.0000 -0.0002 -0.0002
vn 1.0000 -0.0004 -0.0031
vn 1.0000 -0.0004 0.0038
vn 1.0000 -0.0002 0.0040
vn 1.0000 -0.0002 0.0042
vn 1.0000 -0.0005 0.0092
vn 1.0000 -0.0003 0.0098
vn 0.9999 -0.0002 0.0103
vn 0.9999 -0.0001 0.0102
vn 1.0000 -0.0002 0.0043
vn 0.9997 -0.0006 0.0262
vn 0.9996 -0.0001 0.0286
vn 0.9995 -0.0000 0.0308
vn 0.9993 -0.0003 0.0361
vn 0.9999 -0.0001 0.0107
vn 0.9765 -0.0017 0.2154
vn 0.9599 -0.0008 0.2804
vn 0.9984 -0.0005 0.0571
vn 0.7780 -0.0024 0.6283
vn 0.8670 -0.0015 0.4984
vn 0.7806 -0.0024 0.6250
vn 0.0662 -0.0020 0.9978
vn 0.0838 -0.0001 0.9965
vn 0.9231 -0.0031 0.3846
vn 0.0952 -0.0010 0.9955
vn 0.9890 -0.0045 0.1476
vn 0.9660 -0.0079 0.2583
vn 0.9997 -0.0007 0.0236
vn 0.9987 0.0272 0.0440
vn 0.9924 0.1178 0.0364
vn 0.9707 0.1308 0.2017
vn 0.8703 0.4504 0.1993
vn 0.9806 0.1934 0.0308
vn 0.6665 0.7453 0.0160
vn 0.7846 0.6194 0.0291
vn 0.8702 0.4908 0.0426
vn 0.9222 0.1374 0.3614
vn 0.8422 0.4052 0.3558
vn -0.5842 0.0499 0.8100
vn -0.5835 0.0493 0.8106
vn 0.9949 -0.0992 -0.0198
vn 0.9995 -0.0256 -0.0157
vn 0.9930 -0.1170 -0.0152
vn 0.9993 -0.0360 -0.0117
vn 0.9996 -0.0259 -0.0079
vn 0.9991 -0.0421 -0.0040
vn 0.9995 -0.0301 -0.0017
vn 0.9998 -0.0196 0.0016
vn 0.9995 -0.0319 0.0027
vn 0.9998 -0.0204 0.0054
vn 0.9999 -0.0103 0.0096
vn 0.9997 -0.0205 0.0100
vn 0.9998 -0.0105 0.0141
vn 0.9998 -0.0057 0.0196
vn 0.9997 -0.0108 0.0210
vn 0.9996 -0.0065 0.0265
vn 0.9993 -0.0058 0.0375
vn 0.9989 -0.0077 0.0453
vn 0.9983 -0.0071 0.0570
vn 0.9980 -0.0041 0.0635
vn 0.9935 -0.0052 0.1136
vn 0.9940 -0.0055 0.1092
vn 0.9909 -0.0042 0.1346
vn 0.9893 -0.0073 0.1459
vn 0.9816 -0.0053 0.1908
vn 0.9683 -0.0082 0.2497
vn -0.4235 -0.0002 0.9059
vn -0.3069 0.0025 0.9518
vn -0.3069 0.0028 0.9517
vn -0.4192 -0.0003 0.9079
vn -0.5788 0.0034 0.8155
vn -0.5757 0.0032 0.8177
vn -0.9916 0.0019 0.1295
vn -0.9930 -0.0041 0.1178
vn -0.9978 -0.0022 0.0663
vn -0.9970 0.0013 0.0775
vn -0.9989 0.0053 0.0461
vn -0.9969 0.0078 0.0787
vn -1.0000 0.0007 0.0058
vn -1.0000 0.0021 0.0010
vn -1.0000 0.0044 -0.0076
vn -0.9999 0.0016 -0.0164
vn -0.9999 0.0041 -0.0166
vn -0.9999 0.0038 -0.0128
vn -0.9998 0.0043 -0.0199
vn -0.9999 0.0048 -0.0161
vn -0.9999 0.0017 -0.0123
vn -0.9998 0.0055 -0.0167
vn -0.9999 0.0018 -0.0123
vn -1.0000 -0.0023 -0.0094
vn -0.9999 0.0025 -0.0101
vn -1.0000 0.0002 -0.0075
vn -1.0000 0.0028 -0.0050
vn -1.0000 0.0030 -0.0020
vn -0.9999 0.0125 0.0003
vn -0.9993 0.0381 0.0049
vn -0.9996 0.0288 0.0027
vn -0.9944 0.1053 0.0099
vn -0.9733 0.2283 0.0241
vn -0.9833 0.1813 0.0161
vn -0.9555 0.2944 0.0207
vn -0.9878 0.1542 0.0232
vn -0.9574 0.2885 0.0110
vn -0.9912 0.1321 0.0093
vn -0.9982 -0.0583 0.0134
vn -0.9955 0.0944 0.0046
vn -0.9976 -0.0687 0.0034
vn -0.9947 -0.1031 0.0015
vn -0.9945 -0.1042 0.0145
vn -0.9953 -0.0968 -0.0065
vn -0.9902 -0.1386 -0.0149
vn -0.5542 -0.8323 0.0087
vn -0.4211 -0.9070 -0.0041
vn -0.2302 -0.9731 -0.0089
vn -0.9988 0.0484 0.0046
vn -0.9975 0.0385 -0.0592
vn -0.9650 0.2540 -0.0659
vn -0.9562 0.2651 -0.1243
vn -0.9922 0.0391 -0.1181
vn -0.9712 0.2382 0.0011
vn -0.9800 0.1989 -0.0045
vn -0.9716 0.2269 -0.0674
vn -0.9675 0.2526 0.0073
vn -0.9827 0.1847 0.0151
vn -0.9982 0.0567 0.0204
vn -0.9983 0.0580 0.0006
vn -0.9806 0.1948 0.0228
vn -0.9983 0.0515 0.0284
vn -0.9996 0.0143 0.0244
vn -0.9996 0.0207 0.0196
vn -0.9990 0.0430 0.0137
vn -0.9999 0.0066 0.0134
vn -0.9999 0.0056 0.0112
vn -0.9998 0.0118 0.0174
vn -1.0000 0.0040 0.0021
vn -1.0000 0.0030 0.0024
vn -1.0000 0.0075 0.0020
vn -0.9999 0.0094 0.0071
vn -1.0000 0.0033 -0.0040
vn -1.0000 0.0068 -0.0067
vn -0.9999 0.0066 -0.0096
vn -1.0000 0.0071 0.0011
vn -0.9999 0.0063 -0.0140
vn -0.9998 0.0057 -0.0181
vn -0.9998 0.0028 -0.0216
vn -0.9999 0.0032 -0.0113
vn -0.9998 0.0048 -0.0208
vn -0.9997 0.0022 -0.0241
vn -0.9997 0.0012 -0.0263
vn -0.9997 0.0014 -0.0237
vn -0.9998 0.0018 -0.0219
vn -0.9997 0.0011 -0.0234
vn -0.9997 0.0012 -0.0248
vn -0.9996 0.0012 -0.0267
vn -0.9998 0.0009 -0.0176
vn -0.9998 0.0010 -0.0198
vn -0.9998 0.0015 -0.0208
vn -0.9997 0.0015 -0.0256
vn -1.0000 0.0002 -0.0011
vn -1.0000 0.0019 -0.0038
vn -0.9999 0.0063 0.0115
vn -0.9999 0.0046 -0.0145
vn -0.9985 0.0030 0.0543
vn -0.9965 0.0097 0.0832
vn -0.9971 -0.0009 0.0756
vn -0.9999 0.0034 0.0139
vn -0.9951 0.0035 0.0988
vn -0.9910 0.0121 0.1334
vn -0.9925 -0.0035 0.1221
vn -0.9995 -0.0067 0.0311
vn -0.9999 -0.0017 0.0123
vn -0.4436 -0.0074 0.8962
vn -0.3802 0.0038 0.9249
vn -0.3783 0.0039 0.9257
vn -0.4441 -0.0065 0.8960
vn -0.2999 -0.0119 0.9539
vn -0.2645 -0.0110 0.9643
vn -0.0530 0.0010 0.9986
vn -0.0458 0.0019 0.9990
vn 0.9729 -0.0065 0.2312
vn 0.9875 -0.0026 0.1575
vn 0.9891 -0.0078 0.1469
vn 0.9891 -0.0110 0.1465
vn 0.9709 -0.0119 0.2390
vn 0.9880 -0.0170 0.1536
vn 0.9689 -0.0142 0.2469
vn 0.9992 -0.0108 0.0393
vn 0.9989 -0.0207 0.0420
vn 0.9984 -0.0386 0.0417
vn 0.9855 -0.0477 0.1631
vn 0.9996 -0.0208 0.0181
vn 0.9993 -0.0348 0.0154
vn 0.9987 -0.0507 0.0106
vn 0.9978 -0.0590 0.0303
vn 0.9994 -0.0330 0.0071
vn 0.9989 -0.0472 0.0050
vn 0.9990 -0.0451 0.0013
vn 0.9919 -0.1267 -0.0069
vn 0.9308 -0.3651 -0.0175
vn 0.8511 -0.5247 -0.0184
vn 0.9696 -0.2147 0.1177
vn 0.9876 -0.0769 0.1366
vn 0.9514 -0.2181 0.2176
vn 0.9699 -0.0881 0.2272
vn 0.9634 -0.0546 0.2624
vn -0.1062 0.0006 0.9943
vn -0.0918 -0.0014 0.9958
vn -0.0903 -0.0017 0.9959
vn -0.1071 0.0009 0.9942
vn -0.0429 0.0036 0.9991
vn -0.0320 0.0048 0.9995
vn -0.9947 0.0359 0.0966
vn -0.9835 0.0491 0.1742
vn -0.9927 0.0430 0.1127
vn -0.9973 0.0298 0.0668
vn -0.9997 0.0225 0.0089
vn -0.9996 0.0245 0.0117
vn -0.9995 0.0241 0.0196
vn -0.9999 0.0156 -0.0025
vn -1.0000 0.0036 -0.0058
vn -0.9999 0.0126 -0.0075
vn -0.9999 0.0052 -0.0119
vn -0.9999 0.0044 -0.0093
vn -0.9999 0.0054 -0.0127
vn -0.9999 0.0042 -0.0156
vn -0.9998 0.0036 -0.0216
vn -0.9999 0.0036 -0.0167
vn -0.9997 0.0028 -0.0225
vn -0.9997 0.0014 -0.0262
vn -0.9998 0.0019 -0.0196
vn -0.9997 0.0012 -0.0226
vn -0.9997 0.0011 -0.0238
vn -0.9999 0.0009 -0.0115
vn -0.9999 0.0009 -0.0121
vn -0.9999 0.0014 -0.0121
vn -1.0000 0.0006 0.0016
vn -1.0000 0.0010 0.0013
vn -1.0000 0.0029 0.0010
vn -1.0000 0.0005 0.0026
vn -1.0000 0.0027 0.0025
vn -1.0000 0.0076 0.0036
vn -1.0000 0.0028 -0.0025
vn -1.0000 0.0082 -0.0005
vn -0.9999 0.0131 0.0076
vn -1.0000 0.0088 -0.0045
vn -0.9999 0.0159 0.0036
vn -0.9998 0.0171 0.0142
vn -0.9998 0.0178 -0.0008
vn -0.9998 0.0195 0.0080
vn -0.9997 0.0216 0.0083
vn -0.9998 0.0199 -0.0025
vn -0.9998 0.0162 -0.0149
vn -0.9978 0.0501 -0.0436
vn -0.9872 -0.0023 -0.1595
vn -0.9558 0.0353 -0.2917
vn -0.8821 0.2410 -0.4047
vn -0.8639 0.0267 -0.5029
vn -0.7021 0.2341 -0.6724
vn -0.2825 0.1980 -0.9386
vn -0.5385 0.2697 -0.7983
vn -0.0487 0.1126 -0.9924
vn -0.0480 0.1170 -0.9920
vn -0.0324 0.1014 -0.9943
vn -0.0332 -0.0065 -0.9994
vn -0.2178 0.0315 -0.9755
vn -0.4162 0.0724 -0.9064
vn -0.0367 -0.1852 -0.9820
vn -0.0748 -0.0022 -0.9972
vn -0.1024 -0.1734 -0.9795
vn -0.1102 -0.2746 -0.9552
vn -0.0310 -0.3076 -0.9510
vn 0.0039 -0.9850 -0.1723
vn 0.0137 -0.9721 -0.2340
vn -0.1702 -0.1192 -0.9782
vn -0.1819 -0.1657 -0.9693
vn -0.1274 0.0200 -0.9916
vn -0.2073 -0.0928 -0.9739
vn -0.2022 -0.1047 -0.9737
vn -0.0730 0.1220 -0.9898
vn -0.0596 0.0905 -0.9941
vn -0.0470 0.1140 -0.9924
vn -0.0346 0.1317 -0.9907
vn -0.0206 0.0772 -0.9968
vn -0.0104 0.0889 -0.9960
vn -0.0229 0.1684 -0.9854
vn -0.0304 0.0599 -0.9977
vn -0.0234 0.0025 -0.9997
vn -0.0159 0.0059 -0.9999
vn -0.0470 0.0349 -0.9983
vn -0.0784 0.0115 -0.9969
vn -0.1944 -0.0054 -0.9809
vn -0.0246 -0.0163 -0.9996
vn -0.0605 0.0236 -0.9979
vn -0.1407 0.0219 -0.9898
vn -0.3604 0.0051 -0.9328
vn -0.5954 -0.0074 -0.8034
vn -0.3197 -0.0175 -0.9474
vn -0.9945 0.0019 -0.1044
vn -0.9514 -0.0144 -0.3075
vn -0.9985 0.0117 -0.0540
vn -0.9993 0.0223 -0.0311
vn -0.9985 0.0243 -0.0489
vn -0.9989 0.0098 -0.0462
vn -0.9977 0.0098 -0.0667
vn -0.9998 0.0195 -0.0086
vn -0.9998 0.0097 -0.0191
vn -0.9998 0.0026 -0.0211
vn -0.9992 0.0019 -0.0395
vn -0.9999 0.0091 -0.0097
vn -0.9999 0.0027 -0.0119
vn -0.9999 0.0004 -0.0113
vn -0.9998 0.0004 -0.0200
vn -1.0000 0.0028 -0.0065
vn -1.0000 0.0004 -0.0062
vn -1.0000 0.0002 -0.0061
vn -0.9999 0.0002 -0.0116
vn -1.0000 0.0004 -0.0026
vn -1.0000 0.0002 -0.0023
vn -1.0000 0.0002 -0.0022
vn -1.0000 0.0002 -0.0064
vn -1.0000 0.0003 0.0030
vn -1.0000 0.0003 0.0033
vn -1.0000 0.0002 0.0034
vn -1.0000 0.0001 -0.0022
vn -1.0000 0.0006 0.0017
vn -1.0000 0.0006 0.0020
vn -1.0000 0.0006 0.0028
vn -1.0000 0.0001 0.0036
vn -0.9999 0.0012 -0.0102
vn -1.0000 0.0016 -0.0076
vn -1.0000 0.0035 -0.0041
vn -1.0000 0.0019 0.0043
vn -0.9999 0.0027 -0.0148
vn -0.9999 0.0044 -0.0098
vn -0.9999 0.0106 -0.0042
vn -0.9999 0.0103 0.0008
vn -0.9999 0.0051 -0.0120
vn -0.9999 0.0109 -0.0069
vn -0.9998 0.0217 -0.0016
vn -0.9998 0.0206 0.0009
vn -0.9999 0.0115 -0.0081
vn -0.9998 0.0219 -0.0018
vn -0.9995 0.0310 0.0024
vn -0.9996 0.0292 0.0018
vn -0.9997 0.0226 0.0029
vn -0.9994 0.0322 0.0091
vn -0.9994 0.0328 0.0139
vn -0.9995 0.0306 0.0050
vn -0.9989 0.0347 0.0330
vn -0.9978 0.0402 0.0519
vn -0.9965 0.0190 0.0812
vn -0.9997 0.0117 0.0232
vn -0.9858 0.0560 0.1581
vn -0.9762 0.0350 0.2140
vn -0.9667 -0.0258 0.2546
vn -0.9961 -0.0052 0.0886
vn -0.9706 0.0649 0.2318
vn -0.9511 0.0483 0.3051
vn -0.9262 -0.0380 0.3750
vn -0.1392 -0.1486 0.9790
vn -0.1073 -0.0493 0.9930
vn -0.1112 -0.0534 0.9924
vn -0.1355 -0.1670 0.9766
vn 0.9145 -0.3539 0.1958
vn 0.9114 -0.3759 0.1678
vn -0.9833 0.1720 0.0588
vn -0.9994 0.0009 0.0349
vn -0.9999 0.0049 0.0110
vn -0.9996 0.0282 0.0045
vn -0.9997 0.0255 0.0041
vn -0.9998 0.0172 0.0053
vn -1.0000 0.0063 0.0072
vn -1.0000 0.0007 0.0046
vn -1.0000 0.0001 -0.0020
vn -1.0000 0.0001 -0.0064
vn -0.9999 0.0002 -0.0125
vn -0.9998 0.0003 -0.0213
vn -0.9992 0.0011 -0.0388
vn -0.9987 0.0017 -0.0515
vn -0.9986 0.0012 -0.0523
vn -0.7668 0.0004 -0.6419
vn -0.7652 -0.0001 -0.6438
vn -0.7195 -0.0034 -0.6944
vn -0.7221 -0.0036 -0.6918
vn -0.0441 -0.0160 -0.9989
vn -0.0159 -0.0250 -0.9996
vn -0.0090 -0.0149 -0.9998
vn -0.0103 0.0113 -0.9999
vn -0.0057 0.1038 -0.9946
vn -0.0129 0.2133 -0.9769
vn -0.0070 0.1917 -0.9814
vn -0.9388 0.3427 0.0354
vn -0.5175 -0.2320 -0.8236
vn 0.0855 -0.0052 -0.9963
vn 0.0635 0.0248 -0.9977
vn 0.0648 0.0016 -0.9979
vn 0.0330 -0.8034 0.5945
vn -0.0129 -0.9999 -0.0038
vn -0.1065 -0.9943 0.0026
vn -0.1010 -0.9948 -0.0127
vn 0.0826 -0.9965 -0.0095
vn 0.0648 -0.9979 -0.0011
vn -0.0261 -0.9996 0.0103
vn 0.9849 0.1512 -0.0843
vn 0.9833 0.1595 -0.0873
vn 0.9894 -0.1194 -0.0827
vn 0.9590 -0.2614 -0.1092
vn 0.8908 -0.4325 -0.1392
vn 0.0355 0.9991 0.0251
vn 0.0448 0.9910 -0.1258
vn 0.0526 0.9907 -0.1258
vn 0.0289 0.9996 0.0004
vn -0.9233 0.3837 -0.0196
vn -0.8978 0.4387 -0.0388
vn -0.8901 0.4545 -0.0325
vn -0.9205 0.3900 -0.0254
vn -0.9673 0.2475 -0.0550
vn -0.9708 0.2316 -0.0630
vn -0.9874 0.0838 -0.1343
vn -0.1111 -0.9936 0.0212
vn -0.0378 -0.9987 0.0338
vn -0.0362 -0.9991 0.0218
vn 0.0398 -0.9990 0.0197
vn -0.0203 -0.9998 0.0057
vn -0.3245 0.9458 -0.0103
vn -0.0143 0.9999 0.0049
vn -0.0101 0.9999 0.0116
vn -0.5503 0.8349 -0.0120
vn -0.6284 0.7751 -0.0657
vn -0.6492 0.7553 -0.0899
vn -0.7930 -0.6085 -0.0297
vn -0.8724 -0.4882 -0.0251
vn -0.8351 -0.5495 -0.0274
vn -0.7084 -0.7051 -0.0323
vn -0.6656 -0.7456 -0.0327
vn -0.6230 -0.7787 -0.0736
vn -0.6210 -0.7746 -0.1200
vn -0.0787 -0.9968 0.0117
vn -0.0713 -0.9973 0.0158
vn -0.0125 -0.9999 -0.0033
vn -0.0293 -0.9996 -0.0034
vn -0.0463 -0.9989 -0.0019
vn -0.1072 -0.9942 -0.0040
vn 0.0161 -0.9997 -0.0197
vn 0.0023 -0.9999 -0.0114
vn 0.9557 0.2931 -0.0280
vn 0.9569 0.2886 -0.0335
vn 0.0219 0.9997 0.0089
vn 0.0318 0.9995 0.0019
vn 0.0631 -0.9978 -0.0218
vn -0.0938 -0.9955 0.0143
vn -0.7258 0.6531 -0.2160
vn -0.7844 0.4981 -0.3695
vn -0.7500 0.6040 -0.2697
vn -0.0815 0.9965 -0.0201
vn -0.0191 0.9989 -0.0423
vn 0.0408 0.9943 -0.0981
vn -0.7913 0.0208 -0.6111
vn -0.5202 -0.1392 0.8426
vn 0.4924 -0.4162 0.7644
vn 0.3091 -0.0720 -0.9483
vn 0.8666 0.2362 0.4396
vn 0.2485 -0.0065 0.9686
vn 0.0993 -0.7415 0.6635
vn 0.9790 0.0117 0.2036
vn 0.9746 0.0811 0.2087
vn 0.6666 0.7024 0.2497
vn -0.1185 0.3457 -0.9308
vn -0.1713 0.5074 0.8445
vn -0.6257 -0.0572 0.7780
vn -0.4336 -0.0365 0.9004
vn -0.6734 0.0460 -0.7379
vn -0.4052 -0.0947 0.9093
vn -0.5027 0.8014 -0.3241
vn 0.7209 0.3826 0.5779
vn 0.8388 0.2763 0.4691
vn 0.9643 0.1485 0.2192
vn 0.4267 -0.0590 0.9025
vn 0.2793 -0.0564 0.9585
vn 0.2606 -0.0560 0.9638
vn -0.5415 0.8391 -0.0516
vn -0.7658 0.6428 -0.0188
vn -0.7958 0.6056 0.0067
vn -0.9351 0.3528 0.0325
vn -0.9790 0.2021 0.0270
vn -0.9662 0.2573 0.0133
vn -0.5673 0.2757 0.7760
vn -0.7877 0.4381 0.4331
vn -0.6460 0.3606 0.6727
vn -0.8619 -0.3074 0.4033
vn -0.9245 0.1900 0.3306
vn -0.7901 -0.3387 0.5109
vn -0.6438 -0.4104 0.6459
vn -0.3689 -0.3540 0.8594
vn -0.1356 -0.3113 0.9406
vn -0.1987 -0.2884 0.9367
vn -0.7597 0.5099 0.4035
vn -0.4747 0.7780 0.4115
vn -0.8889 0.1595 0.4295
vn -0.8992 0.4005 0.1761
vn -0.4813 -0.7862 0.3876
vn -0.4672 -0.8522 0.2354
vn -0.2088 -0.9682 0.1379
vn -0.3152 -0.8976 0.3080
vn -0.4584 -0.7928 0.4017
vn 0.0683 0.7884 0.6113
vn 0.2375 -0.9513 0.1967
vn 0.2120 -0.9675 0.1380
vn 0.2065 -0.9737 0.0960
vn 0.1552 -0.9865 0.0526
vn -0.8675 0.4970 -0.0216
vn -0.7782 0.6264 -0.0451
vn -0.8312 0.5531 -0.0562
vn -0.9370 0.3419 -0.0709
vn -0.6335 0.4086 -0.6571
vn -0.8146 0.5790 -0.0345
vn -0.9264 0.3699 -0.0709
vn -0.9243 0.3813 0.0157
vn -0.2674 0.9588 -0.0956
vn -0.2615 0.9594 -0.1057
vn -0.1674 0.9516 -0.2576
vn -0.4072 0.9121 0.0468
vn -0.4081 0.9117 0.0466
vn 0.0027 0.8460 -0.5332
vn 0.1498 -0.9830 0.1058
vn 0.2128 -0.9740 0.0783
vn 0.1947 -0.9653 0.1741
vn -0.2182 -0.9708 0.1002
vn -0.0096 -0.9882 0.1531
vn 0.1068 -0.9938 -0.0295
vn 0.7159 0.2211 0.6623
vn 0.2778 0.9515 0.1325
vn 0.1910 0.9812 0.0281
vn 0.1343 0.9909 0.0111
vn -0.5053 -0.8369 0.2104
vn -0.4639 -0.8799 0.1028
vn -0.4678 -0.8766 0.1126
vn -0.2759 -0.6192 0.7352
vn -0.2379 -0.0421 0.9704
vn -0.3154 -0.0307 0.9485
vn -0.9600 0.0386 0.2772
vn -0.9991 0.0230 0.0361
vn -0.9999 0.0028 -0.0117
vn -0.9963 0.0211 0.0839
vn 0.9876 0.0268 0.1547
vn 0.9987 0.0187 0.0477
vn 0.9950 0.0026 0.0996
vn 0.9919 0.0016 0.1266
vn 0.6857 0.1811 -0.7050
vn 0.9991 0.0340 -0.0262
vn -0.9877 0.0577 0.1457
vn -0.8852 -0.0287 0.4643
vn -0.9859 0.0401 0.1623
vn -0.9831 -0.0022 0.1830
vn -1.0000 0.0075 -0.0012
vn -0.8815 0.4720 -0.0110
vn -0.9375 0.3411 -0.0683
vn -0.8729 0.4866 -0.0362
vn -0.8707 0.4913 -0.0228
vn -0.7851 -0.6027 0.1427
vn -0.8962 0.4430 -0.0236
vn -0.8761 0.4807 -0.0360
vn 0.4640 0.8853 0.0313
vn 0.4036 0.9054 -0.1316
vn 0.2771 0.9608 -0.0024
vn 0.3375 0.9386 0.0718
vn 0.8710 -0.2718 0.4093
vn 0.4307 -0.9025 0.0070
vn 0.2883 -0.9574 0.0174
vn 0.2810 -0.9597 -0.0040
vn 0.1388 -0.9903 -0.0057
vn -0.1072 -0.9932 -0.0451
vn -0.1881 -0.9819 -0.0210
vn -0.2742 -0.9612 -0.0290
vn 0.3859 0.9061 -0.1733
vn 0.2202 0.9729 -0.0704
vn 0.0504 -0.9987 0.0009
vn -0.3492 -0.9368 -0.0201
vn 0.2371 -0.9714 -0.0102
vn -0.9900 0.0286 0.1379
vn -0.9969 0.0072 0.0781
vn 0.0841 -0.9964 -0.0084
vn 0.0879 -0.9961 -0.0069
vn 0.9319 0.3599 -0.0459
vn 0.9318 0.3600 -0.0456
vn 0.0266 -0.9996 0.0012
vn 0.1761 -0.9844 0.0034
vn 0.9924 -0.0063 0.1233
vn 0.9984 -0.0062 0.0566
vn 0.9970 -0.0089 0.0765
vn 0.9907 -0.0127 0.1353
vn -0.9812 -0.0169 0.1920
vn -0.9994 -0.0034 0.0332
vn 0.6133 -0.7742 0.1565
vn 0.9743 0.0778 0.2112
vn 0.3966 0.9157 0.0653
vn 0.3932 0.9193 0.0148
vn 0.0393 0.9986 -0.0349
vn 0.3090 0.9468 -0.0897
vn 0.3535 0.9334 0.0622
vn 0.0745 0.9946 0.0724
vn 0.0834 -0.9965 0.0061
vn -0.0566 -0.9984 -0.0066
vn -0.1181 -0.9930 0.0087
vn -0.0034 -0.9999 0.0168
vn 0.6043 -0.7948 -0.0560
vn 0.5947 -0.8039 0.0097
vn 0.5952 -0.8035 0.0065
vn 0.5542 0.8278 -0.0870
vn 0.6626 0.7481 -0.0347
vn 0.4004 0.9163 -0.0060
vn -0.6398 0.7638 0.0852
vn -0.6704 0.7417 0.0208
vn -0.6697 0.7423 0.0222
vn -0.9472 0.2198 0.2335
vn -0.9563 0.1190 0.2671
vn -0.9837 0.1325 0.1216
vn -0.9702 0.2201 0.1016
vn -0.1884 0.4346 0.8807
vn -0.2949 0.2913 0.9100
vn -0.4123 0.1670 0.8956
vn -0.3507 0.3755 0.8579
vn -0.0426 0.6076 0.7931
vn 0.0842 0.2668 0.9601
vn 0.0343 0.2112 0.9768
vn -0.1651 0.7930 0.5864
vn -0.9894 0.1372 0.0474
vn -0.9926 0.1201 0.0192
vn -0.9978 0.0632 0.0218
vn -0.9961 0.0744 0.0484
vn -0.9382 -0.1806 0.2952
vn -0.9624 -0.2319 0.1418
vn -0.9844 -0.0987 0.1460
vn -0.9511 -0.0830 0.2974
vn 0.0439 -0.1356 0.9898
vn 0.0545 -0.0536 0.9971
vn 0.0544 -0.0543 0.9970
vn -0.0757 -0.9968 -0.0242
vn -0.0366 -0.9993 -0.0117
vn -0.0282 -0.9996 0.0013
vn -0.1151 -0.9933 0.0100
vn -0.0124 -0.9704 -0.2411
vn -0.0859 -0.9699 -0.2280
vn 0.0573 -0.9977 -0.0351
vn 0.2108 -0.9574 -0.1973
vn 0.0917 0.3883 0.9169
vn 0.0550 0.3888 0.9197
vn 0.2243 0.8879 0.4016
vn 0.0522 0.9171 0.3952
vn 0.0467 0.9680 0.2466
vn 0.2208 0.9402 0.2595
vn 0.7887 0.5047 0.3510
vn 0.7524 0.6176 0.2291
vn 0.7539 0.6142 0.2333
vn -0.6027 0.0714 0.7947
vn -0.5369 0.0289 0.8431
vn -0.8894 0.1883 0.4165
vn -0.7648 0.6181 -0.1819
vn 0.9098 -0.3603 0.2058
vn 0.8558 -0.5031 0.1209
vn 0.8506 -0.5133 0.1143
vn 0.0766 -0.9971 0.0007
vn -0.0057 -0.9999 0.0131
vn 0.0464 -0.9989 -0.0071
vn 0.1330 -0.9888 -0.0677
vn 0.0265 0.2009 -0.9792
vn -0.2786 0.1584 -0.9473
vn -0.2176 0.1223 -0.9684
vn -0.1133 0.0226 -0.9933
vn 0.0875 0.1275 -0.9880
vn 0.0477 0.5574 -0.8288
vn 0.0469 0.6989 -0.7137
vn -0.0923 -0.0986 -0.9908
vn -0.0910 0.9088 -0.4071
vn -0.0710 0.8928 -0.4448
vn 0.1937 -0.9615 -0.1951
vn 0.3777 -0.9196 -0.1079
vn 0.1629 -0.9738 -0.1588
vn 0.0173 -0.9507 -0.3095
vn -0.0245 -0.1283 -0.9914
vn -0.0662 -0.1448 -0.9873
vn -0.0711 -0.0785 -0.9944
vn -0.0207 -0.0869 -0.9960
vn 0.9856 0.0602 -0.1580
vn 0.9718 0.0946 -0.2162
vn 0.9906 0.0779 -0.1128
vn 0.9967 0.0157 -0.0801
vn 0.2168 -0.8713 -0.4402
vn 0.4490 -0.8888 -0.0921
vn -0.1174 -0.8964 -0.4275
vn 0.3992 0.8029 -0.4427
vn 0.3417 0.8767 -0.3387
vn 0.0953 0.9288 -0.3582
vn -0.1161 0.1636 0.9797
vn -0.0603 0.3482 0.9355
vn -0.1088 0.1527 0.9823
vn -0.0505 -0.1412 0.9887
vn -0.1409 0.9167 0.3739
vn -0.2639 0.9474 0.1810
vn -0.8257 0.4859 0.2865
vn -0.0368 -0.2877 0.9570
vn -0.1024 -0.2548 0.9615
vn -0.1297 -0.9796 0.1534
vn -0.1172 -0.9906 0.0700
vn -0.2296 -0.9716 0.0569
vn -0.3701 -0.9252 0.0840
vn -0.0241 -0.9989 0.0401
vn -0.0378 -0.9993 -0.0024
vn 0.0392 -0.9822 0.1838
vn 0.0328 -0.9957 0.0864
vn -0.0634 0.5277 -0.8471
vn -0.0637 0.6807 -0.7298
vn -0.0821 0.6527 -0.7531
vn 0.0155 0.3604 -0.9327
vn -0.0958 0.7272 0.6797
vn -0.0089 0.7862 0.6179
vn -0.0043 0.5376 0.8432
vn -0.0612 0.7314 0.6792
vn 0.2455 -0.9672 -0.0653
vn 0.2898 -0.9564 0.0367
vn 0.4620 -0.8835 0.0774
vn 0.2655 0.9587 -0.1019
vn 0.0877 0.9916 -0.0955
vn -0.0674 -0.9661 -0.2490
vn -0.0282 -0.9987 -0.0418
vn -0.1925 -0.9807 -0.0351
vn -0.0469 -0.9987 -0.0205
vn 0.0192 -0.9878 -0.1545
vn -0.0161 -0.8965 -0.4427
vn -0.0307 -0.8307 -0.5559
vn -0.9185 0.3065 -0.2499
vn -0.8572 0.5102 -0.0701
vn -0.8834 0.4512 -0.1266
vn -0.2684 0.7614 -0.5901
vn -0.1046 0.9905 -0.0898
vn -0.4227 0.5049 -0.7526
vn -0.2203 0.2417 -0.9450
vn -0.1871 0.5444 -0.8177
vn -0.8678 0.2794 0.4110
vn -0.8469 0.4703 0.2483
vn -0.8417 0.4883 0.2305
vn -0.1883 -0.9815 0.0332
vn -0.0405 -0.9992 0.0071
vn -0.0674 -0.9976 0.0130
vn -0.2167 -0.9762 0.0117
vn -0.9837 -0.1353 -0.1188
vn -0.9749 -0.1107 -0.1931
vn -0.9742 -0.1091 -0.1977
vn -0.1112 -0.9928 -0.0436
vn -0.0028 -0.9985 -0.0543
vn 0.2468 -0.9630 -0.1078
vn 0.3081 -0.9451 -0.1085
vn 0.3978 -0.9137 -0.0831
vn 0.2563 -0.9638 -0.0732
vn 0.0834 -0.9900 -0.1135
vn 0.2025 -0.9664 -0.1583
vn 0.1649 0.9621 -0.2170
vn 0.1053 0.9682 -0.2267
vn 0.0509 0.9978 -0.0431
vn 0.1575 0.9867 -0.0403
vn 0.2651 0.9637 -0.0321
vn 0.2152 0.9437 -0.2511
vn -0.3816 -0.6477 -0.6594
vn -0.0609 -0.9955 -0.0730
vn -0.9582 -0.0827 -0.2740
vn 0.9941 0.0200 -0.1065
vn 0.9994 0.0239 -0.0236
vn 0.9998 -0.0155 0.0087
vn 0.9967 -0.0237 -0.0777
vn -0.2817 -0.4388 -0.8533
vn 0.9769 0.0582 -0.2054
vn 0.9938 0.0634 -0.0915
vn 1.0000 0.0048 0.0065
vn 0.9997 -0.0079 0.0230
vn 0.9998 -0.0048 0.0188
vn 0.9999 -0.0076 0.0135
vn 0.9677 0.0177 -0.2515
vn 0.9956 -0.0188 -0.0919
vn 0.9892 0.0108 -0.1459
vn 0.9737 0.0897 -0.2095
vn -0.5907 -0.0033 -0.8069
vn -0.5993 -0.0051 -0.8005
vn -0.5387 -0.0081 -0.8425
vn -0.4257 -0.0052 -0.9048
vn 0.9911 0.0065 0.1328
vn 0.9849 0.0071 0.1732
vn 0.8931 -0.0806 0.4426
vn 0.1302 -0.9795 -0.1536
vn 0.0462 -0.9988 0.0168
vn 0.3059 -0.9480 0.0884
vn 0.1831 -0.9814 0.0569
vn 0.0145 -0.9444 -0.3284
vn -0.0733 -0.9666 -0.2457
vn -0.0698 -0.9912 -0.1127
vn -0.1303 -0.9900 0.0531
vn -0.0025 -0.9999 0.0124
vn 0.0256 -0.9953 -0.0935
vn 0.1392 -0.9894 -0.0415
vn 0.0373 0.3469 0.9372
vn 0.0867 0.3188 0.9439
vn 0.0422 0.0489 0.9979
vn -0.0275 0.2441 0.9694
vn 0.0056 0.9171 -0.3986
vn 0.8782 -0.4248 0.2200
vn 0.3829 0.8840 0.2683
vn -0.0027 -0.9997 -0.0241
vn -0.1689 -0.9855 0.0170
vn 0.0205 -0.8347 0.5503
vn 0.0532 -0.8791 0.4737
vn 0.0614 -0.8890 0.4538
vn -0.7188 -0.6909 -0.0768
vn -0.0124 -0.9932 -0.1154
vn -0.0267 -0.9842 -0.1751
vn -0.0007 -0.9981 0.0618
vn 0.0011 -0.9978 -0.0665
vn 0.1186 -0.9413 0.3161
vn 0.3202 -0.9081 0.2698
vn 0.1313 -0.9856 0.1069
vn 0.0113 -0.9907 0.1354
vn 0.4123 0.9087 0.0658
vn 0.3405 0.9384 0.0591
vn 0.3685 0.9276 0.0618
vn 0.0256 0.8981 0.4391
vn 0.0314 0.9268 0.3743
vn 0.0375 0.9523 0.3028
vn 0.2477 0.9615 -0.1191
vn 0.2805 0.9588 -0.0449
vn 0.2863 0.9576 -0.0313
vn 0.4565 -0.8840 0.1007
vn 0.2517 -0.9628 0.0981
vn 0.2773 -0.9594 0.0504
vn 0.5438 -0.8374 0.0547
vn 0.8809 0.0041 0.4733
vn 0.9710 0.0144 0.2386
vn 0.9811 -0.0175 0.1925
vn 0.9274 -0.1587 0.3387
vn 0.2095 -0.4954 0.8430
vn -0.8820 -0.3305 0.3358
vn -0.8989 -0.3736 0.2290
vn -0.9528 -0.2322 0.1954
vn -0.9434 -0.1748 0.2819
vn -0.8499 -0.4570 0.2623
vn -0.8986 -0.3965 0.1880
vn 0.8362 0.1337 0.5319
vn 0.9431 0.0743 0.3242
vn 0.3465 0.9381 -0.0015
vn 0.4592 0.8882 0.0145
vn 0.3612 0.9324 0.0109
vn -0.4830 -0.4856 0.7286
vn -0.5600 -0.0172 0.8283
vn -0.6058 -0.0406 0.7946
vn -0.3972 0.0765 0.9145
vn -0.3522 0.0103 0.9359
vn -0.2621 0.2047 -0.9431
vn -0.5236 0.2403 -0.8174
vn -0.3637 0.2203 -0.9051
vn -0.7101 -0.1817 0.6803
vn -0.6409 0.0268 0.7671
vn -0.6173 0.2489 -0.7463
vn 0.9991 0.0015 -0.0427
vn 0.9996 0.0030 -0.0296
vn 0.9967 0.0068 -0.0811
vn 0.9844 -0.0119 -0.1756
vn 0.9722 -0.0117 -0.2338
vn 0.9898 -0.0435 -0.1359
vn 1.0000 -0.0011 0.0029
vn -0.0050 0.0130 -0.9999
vn -0.4702 0.0557 -0.8808
vn -0.4042 0.0615 -0.9126
vn -0.2339 0.0186 -0.9721
vn -0.1474 0.0099 -0.9890
vn -0.0657 0.0053 -0.9978
vn 0.0942 -0.0349 -0.9949
vn 0.2925 -0.0103 -0.9562
vn 0.3036 0.5164 -0.8007
vn 0.9475 -0.1161 -0.2981
vn 0.9728 -0.0815 -0.2168
vn 0.9973 -0.0261 -0.0689
vn -0.9769 -0.2015 -0.0709
vn -0.9912 -0.1308 -0.0198
vn -0.9866 -0.1619 -0.0207
vn -0.9159 -0.3998 0.0351
vn -0.7025 -0.6801 0.2098
vn -0.8609 -0.5002 0.0931
vn -0.1969 -0.1050 0.9748
vn -0.4372 -0.0003 0.8993
vn -0.2475 -0.0700 0.9664
vn -0.9544 0.2734 0.1202
vn -0.9659 0.2521 0.0591
vn -0.9659 0.2520 0.0588
vn -0.1922 0.1679 0.9669
vn -0.1360 0.1497 0.9793
vn -0.1285 0.1473 0.9807
vn -0.0064 1.0000 -0.0032
vn -0.0450 0.9988 0.0175
vn -0.0358 0.9993 0.0126
vn -0.0087 0.9997 0.0244
vn 0.0080 0.9928 0.1194
vn 0.0192 0.9829 0.1831
vn 0.9567 0.2016 0.2100
vn -0.5933 -0.5302 0.6058
vn -0.7001 0.0374 0.7131
vn -0.5394 0.0715 0.8390
vn -0.0853 -0.8940 -0.4399
vn -0.0693 -0.8854 -0.4596
vn -0.0144 -0.8514 -0.5243
vn -0.0758 -0.4033 -0.9119
vn 0.1059 -0.2458 -0.9635
vn -0.0045 -0.1743 -0.9847
vn -0.1270 -0.3075 -0.9430
vn -0.1058 -0.9885 0.1082
vn -0.0922 -0.9592 -0.2673
vn -0.1001 -0.8671 0.4879
vn -0.1102 -0.8992 0.4235
vn -0.0105 0.6497 -0.7602
vn 0.0056 0.7583 -0.6518
vn 0.0062 0.7620 -0.6476
vn 0.7890 0.0202 -0.6141
vn 0.6862 -0.0094 -0.7273
vn 0.3369 -0.0178 -0.9414
vn 0.6108 -0.7104 -0.3496
vn 0.5933 -0.7811 -0.1943
vn 0.6023 -0.7560 -0.2564
vn 0.5742 -0.8129 -0.0974
vn -0.0874 0.0354 0.9955
vn -0.0809 0.0173 0.9966
vn -0.0407 0.0001 0.9992
vn -0.0506 0.2526 0.9663
vn -0.0907 0.6093 0.7877
vn -0.0600 0.5180 0.8533
vn -0.8785 0.0229 0.4772
vn -0.8727 0.0238 0.4876
vn -0.7586 0.0382 0.6504
vn -0.3103 0.5712 -0.7599
vn -0.8638 0.4996 -0.0659
vn -0.1898 -0.5673 -0.8014
vn -0.0442 -0.1942 -0.9800
vn -0.1084 -0.2150 -0.9706
vn -0.7335 0.0407 0.6785
vn -0.0972 -0.0137 0.9952
vn -0.0504 -0.0077 0.9987
vn -0.1989 -0.0011 -0.9800
vn -0.1869 -0.0182 -0.9822
vn -0.1026 -0.0025 -0.9947
vn 0.3122 -0.9487 0.0503
vn 0.6045 -0.7965 -0.0077
vn 0.2726 -0.9621 -0.0044
vn 0.1537 -0.9877 0.0280
vn 0.4529 0.8843 0.1134
vn 0.1109 0.9921 0.0579
vn 0.2314 0.9715 0.0520
vn 0.4949 0.8689 0.0014
vn 0.4989 0.8667 0.0003
vn 0.0824 -0.9966 0.0042
vn -0.0472 -0.9988 0.0101
vn -0.0589 -0.9982 -0.0078
vn -0.0780 -0.9969 -0.0031
vn -0.1331 -0.9911 -0.0070
vn -0.1483 -0.9889 -0.0041
vn -0.1825 -0.9829 -0.0264
vn -0.1076 -0.9941 -0.0119
vn -0.2912 -0.9553 -0.0515
vn -0.1933 -0.9807 -0.0288
vn -0.4056 -0.9131 -0.0415
vn -0.2962 -0.9546 -0.0302
vn -0.4724 -0.8814 -0.0091
vn -0.3537 -0.9353 -0.0046
vn -0.4925 -0.8703 0.0059
vn -0.3707 -0.9287 0.0071
vn -0.1418 -0.9899 0.0073
vn -0.3497 -0.9368 0.0040
vn -0.1098 -0.9938 -0.0156
vn -0.0032 -0.9997 -0.0247
vn -0.0395 -0.9992 0.0047
vn 0.5627 -0.8263 0.0256
vn 0.5694 -0.8221 0.0013
vn 0.5726 -0.8198 0.0040
vn 0.5628 -0.8262 0.0258
vn 0.7425 0.6698 -0.0075
vn 0.6830 0.7304 -0.0030
vn 0.4463 0.8949 -0.0018
vn 0.7421 0.6703 -0.0081
vn 0.1348 0.9907 -0.0189
vn 0.0330 0.9995 0.0028
vn 0.0014 1.0000 -0.0099
vn -0.0144 0.9998 0.0154
vn -0.1880 0.9822 0.0053
vn -0.2020 0.9793 0.0152
vn -0.2308 0.9726 0.0284
vn -0.3298 0.9439 0.0152
vn -0.1218 0.9925 0.0048
vn -0.2619 0.9649 0.0167
vn -0.3567 0.9336 0.0344
vn -0.5559 0.8306 0.0311
vn -0.1707 0.9853 0.0022
vn -0.6764 0.7365 0.0098
vn -0.6628 0.7487 0.0142
vn -0.7057 0.7084 0.0108
vn -0.7036 0.7105 0.0071
vn -0.1879 0.9822 0.0034
vn -0.0368 0.9993 -0.0030
vn -0.1442 0.9895 -0.0026
vn -0.0222 0.9997 0.0050
vn -0.0685 0.9976 -0.0003
vn -0.8469 0.5316 0.0126
vn -0.8485 0.5291 0.0106
vn -0.8003 0.5995 0.0097
vn -0.8164 0.5775 0.0062
vn -0.0188 0.9989 0.0433
vn -0.7546 0.6559 0.0200
vn -0.7961 0.6046 0.0237
vn -0.6270 0.7789 -0.0165
vn -0.3789 0.9247 0.0357
vn -0.0313 0.9966 0.0759
vn -0.4478 0.8940 0.0153
vn -0.2691 0.9630 0.0164
vn 0.1721 0.9847 -0.0261
vn -0.2841 0.9586 0.0174
vn 0.0777 0.9925 -0.0944
vn 0.2398 0.9592 -0.1494
vn 0.4219 0.9041 -0.0670
vn 0.7719 -0.6305 -0.0809
vn 0.8248 -0.5518 -0.1233
vn 0.8189 -0.5621 -0.1160
vn 0.7602 -0.6454 -0.0746
vn -0.0860 -0.9962 -0.0114
vn -0.1358 -0.9906 0.0188
vn -0.2258 -0.9728 0.0515
vn -0.1518 -0.9881 0.0251
vn -0.0737 -0.9972 0.0088
vn -0.2139 -0.9750 0.0601
vn -0.1325 -0.9907 0.0319
vn -0.1064 -0.9943 0.0040
vn -0.3034 -0.9484 0.0919
vn -0.2562 -0.9653 0.0504
vn -0.3479 -0.9348 0.0718
vn -0.1640 -0.9859 0.0318
vn -0.1676 -0.9855 0.0255
vn -0.2701 -0.9619 0.0424
vn 0.8356 -0.5318 -0.1373
vn 0.1103 0.9934 -0.0324
vn 0.0160 0.9990 -0.0415
vn -0.3792 0.9251 0.0196
vn -0.0108 0.9980 -0.0625
vn 0.0736 0.9972 -0.0160
vn 0.1740 0.9842 0.0330
vn 0.2369 0.9715 0.0121
vn -0.6932 0.7198 0.0382
vn -0.6883 0.7249 0.0271
vn -0.5626 0.8267 0.0046
vn -0.5684 0.8227 0.0028
vn -0.6455 0.7594 0.0811
vn -0.4685 0.8811 0.0647
vn -0.3648 -0.9290 0.0623
vn -0.2728 -0.9620 0.0127
vn -0.4022 -0.9153 0.0211
vn -0.2182 -0.9707 0.1002
vn -0.4418 -0.8970 0.0117
vn -0.1465 -0.9892 0.0083
vn -0.4366 -0.8996 0.0130
vn -0.4354 -0.9002 0.0119
vn -0.2414 0.9704 0.0095
vn -0.1972 0.9804 -0.0039
vn -0.2828 0.9591 -0.0148
vn -0.2632 0.9645 0.0226
vn -0.4173 0.9087 -0.0063
vn -0.4769 -0.8789 0.0128
vn -0.4392 -0.8978 0.0321
vn -0.2966 -0.9548 0.0221
vn -0.0547 -0.9985 0.0040
vn 0.0419 -0.9991 -0.0046
vn 0.6864 -0.7267 0.0266
vn 0.6874 -0.7258 0.0266
vn 0.6703 0.7389 0.0692
vn 0.4465 0.8920 0.0704
vn 0.0452 0.9973 0.0586
vn -0.5079 0.8610 0.0256
vn -0.0129 -0.1590 -0.9872
vn -0.0029 -0.0033 -1.0000
vn -0.0042 -0.0003 -1.0000
vn -0.1047 0.0072 -0.9945
vn -0.2049 0.0149 -0.9787
vn -0.1122 0.0077 -0.9937
vn -0.2149 0.0150 -0.9765
vn -0.1629 -0.0071 0.9866
vn -0.2314 0.0081 0.9728
vn -0.1137 0.0031 0.9935
vn -0.0810 -0.0033 0.9967
vn -0.0021 -0.0002 1.0000
vn -0.0028 0.0009 1.0000
vn -0.0030 -0.0012 1.0000
vn -0.0005 -0.0028 1.0000
vn 0.0033 0.0003 1.0000
vn 0.0042 -0.0003 1.0000
vn 0.0059 0.0015 1.0000
vn 0.0041 0.0539 0.9985
vn -0.0055 0.1228 0.9924
vn 0.0094 -0.0002 1.0000
vn 0.0099 0.0047 0.9999
vn 0.0098 0.0365 0.9993
vn 0.0093 0.0648 0.9979
vn -0.0010 0.1184 0.9930
vn 0.0186 0.0059 0.9998
vn 0.0243 0.0871 0.9959
vn 0.0276 0.1343 0.9906
vn -0.0146 0.9647 0.2631
vn -0.0139 0.9590 0.2829
vn 0.0024 0.9032 0.4291
vn -0.0012 0.9077 0.4197
vn 0.0451 0.1940 0.9800
vn 0.0286 0.3632 0.9313
vn 0.0061 0.9999 -0.0105
vn 0.0096 0.9994 -0.0321
vn -0.0598 0.1351 -0.9890
vn -0.0630 0.1294 -0.9896
vn -0.0389 0.1882 -0.9814
vn -0.0377 0.1921 -0.9807
vn 0.0123 0.9619 -0.2730
vn 0.0083 0.9577 -0.2877
vn -0.0548 0.1037 -0.9931
vn -0.0484 0.1016 -0.9936
vn 0.1920 -0.5415 -0.8185
vn 0.0502 -0.2946 -0.9543
vn 0.0906 -0.4659 -0.8802
vn -0.0164 0.0941 -0.9954
vn -0.0143 0.0940 -0.9955
vn 0.0949 -0.9213 -0.3770
vn 0.0639 -0.9589 -0.2763
vn 0.0714 -0.9950 -0.0692
vn -0.0122 0.0986 -0.9951
vn -0.0127 0.0988 -0.9950
vn -0.0050 -0.9888 -0.1494
vn -0.0113 -0.9953 0.0960
vn -0.0191 -0.9408 0.3385
vn 0.0887 -0.9435 0.3193
vn -0.0554 -0.0353 0.9978
vn -0.0555 -0.0357 0.9978
vn 0.0473 -0.0560 0.9973
vn 0.0613 -0.0533 0.9967
vn -0.0590 0.0628 0.9963
vn -0.0595 0.0686 0.9959
vn 0.0202 0.9427 0.3331
vn 0.0224 0.9443 0.3283
vn -0.0025 0.9088 0.4172
vn -0.0028 0.9075 0.4202
vn 0.0005 0.8839 -0.4678
vn -0.0000 0.8827 -0.4700
vn -0.0043 0.9119 -0.4104
vn -0.0057 0.9142 -0.4052
vn -0.0020 0.8289 0.5594
vn -0.0017 0.8262 0.5634
vn 0.0071 0.8591 -0.5118
vn 0.0086 0.8575 -0.5144
vn -0.0185 0.1042 -0.9944
vn -0.0186 0.1042 -0.9944
vn 0.0225 0.1450 -0.9892
vn 0.0205 0.1428 -0.9895
vn 0.0035 0.6432 0.7656
vn 0.0700 0.3530 0.9330
vn 0.0426 0.0135 0.9990
vn 0.1267 0.0087 0.9919
vn -0.0024 -0.3671 -0.9302
vn -0.0035 -0.1862 -0.9825
vn -0.0110 -0.1654 -0.9862
vn -0.0123 -0.3303 -0.9438
vn -0.0188 0.2352 -0.9718
vn -0.0209 0.2328 -0.9723
vn -0.0090 -0.0648 -0.9979
vn -0.0000 0.2101 -0.9777
vn 0.0189 0.1010 -0.9947
vn 0.0351 0.9523 0.3032
vn -0.0002 0.9953 -0.0965
vn 0.0192 0.9998 0.0035
vn 0.0291 0.9391 0.3424
vn -0.0354 0.9606 -0.2756
vn -0.0128 0.2900 0.9570
vn 0.0198 -0.0054 -0.9998
vn -0.0056 -0.0022 -1.0000
vn -0.0079 -0.0013 -1.0000
vn -0.0082 0.0005 -1.0000
vn -0.0066 0.0002 -1.0000
vn -0.0050 -0.0015 -1.0000
vn -0.0055 -0.0002 -1.0000
vn -0.0064 0.0001 -1.0000
vn -0.0130 -0.0034 -0.9999
vn -0.0104 0.0004 -0.9999
vn -0.1543 0.0186 -0.9878
vn -0.0170 0.0024 -0.9999
vn -0.3029 0.0430 -0.9521
vn -0.4947 0.0716 -0.8661
vn -0.2872 0.0322 -0.9573
vn -0.3088 0.0302 0.9506
vn -0.4605 0.0695 0.8849
vn -0.2418 0.0359 0.9697
vn -0.1520 0.0139 0.9883
vn -0.0086 -0.0002 1.0000
vn -0.0044 -0.0004 1.0000
vn -0.0005 -0.0002 1.0000
vn 0.0021 0.0001 1.0000
vn 0.0039 -0.0003 1.0000
vn 0.0071 -0.0000 1.0000
vn 0.0088 -0.0001 1.0000
vn 0.1027 -0.0513 0.9934
vn 0.0313 -0.0074 0.9995
vn 0.0229 -0.0019 0.9997
vn 0.0477 -0.0134 0.9988
vn 0.0320 -0.0031 0.9995
vn 0.0715 -0.0326 0.9969
vn 0.4059 -0.0110 -0.9139
vn 0.0708 0.0163 -0.9974
vn 0.0141 -0.0035 -0.9999
vn -0.0261 -0.0001 -0.9997
vn -0.0141 -0.0076 -0.9999
vn 0.0005 -0.0198 -0.9998
vn 0.0817 -0.0536 -0.9952
vn -0.0155 -0.0024 -0.9999
vn -0.0135 0.0003 -0.9999
vn -0.1723 0.0336 -0.9845
vn -0.0185 0.0015 -0.9998
vn -0.1066 0.0357 -0.9937
vn -0.4486 0.0880 -0.8894
vn -0.0983 0.0214 -0.9949
vn -0.9854 0.0846 -0.1476
vn -0.9974 0.0368 0.0623
vn -0.9777 0.0464 0.2048
vn -0.7043 0.0975 -0.7031
vn -0.7127 0.0895 0.6957
vn -0.9333 0.0301 0.3579
vn -0.7347 0.0873 0.6727
vn -0.0613 0.0046 0.9981
vn -0.1439 0.0120 0.9895
vn -0.0218 0.0657 0.9976
vn -0.0464 0.0030 0.9989
vn -0.0035 0.0003 1.0000
vn -0.0122 -0.0001 0.9999
vn -0.0029 0.0001 1.0000
vn -0.0075 -0.0010 1.0000
vn -0.0275 -0.0025 0.9996
vn -0.0009 -0.0009 1.0000
vn 0.1093 -0.0571 0.9924
vn 0.0021 0.0004 1.0000
vn -0.0124 0.0101 0.9999
vn -0.0023 -0.0042 1.0000
vn 0.0052 -0.0015 1.0000
vn 0.0622 -0.0490 0.9969
vn 0.9696 -0.0090 0.2447
vn 0.9737 -0.0366 0.2249
vn 0.9718 -0.0294 0.2342
vn 0.9698 -0.0080 0.2440
vn 0.9723 0.0057 0.2336
vn 0.0099 0.0133 -0.9999
vn 0.0082 -0.0159 -0.9998
vn -0.0052 -0.0036 -1.0000
vn 0.0286 0.0032 -0.9996
vn 0.0501 -0.0074 -0.9987
vn 0.0074 -0.0159 -0.9998
vn 0.0213 -0.0096 -0.9997
vn -0.0273 0.0001 -0.9996
vn -0.0430 -0.0054 -0.9991
vn -0.0443 -0.0019 -0.9990
vn -0.0173 -0.0105 0.9998
vn 0.0093 -0.0212 0.9997
vn 0.0084 -0.1088 0.9940
vn -0.0085 -0.0105 0.9999
vn 0.0235 -0.1983 0.9799
vn 0.0192 -0.2795 0.9600
vn 0.5583 -0.6461 0.5204
vn 0.0656 0.0133 -0.9978
vn 0.1589 0.0219 -0.9871
vn 0.3293 0.0419 -0.9433
vn -0.0121 0.0102 -0.9999
vn -0.0401 0.0337 -0.9986
vn -0.0351 0.0155 -0.9993
vn -0.0253 0.0016 -0.9997
vn -0.0646 0.0312 -0.9974
vn -0.0513 0.0084 -0.9986
vn 0.0348 0.0051 0.9994
vn 0.0374 0.0008 0.9993
vn 0.0371 0.0009 0.9993
vn 0.0343 0.0066 0.9994
vn -0.0558 0.0588 -0.9967
vn -0.0133 0.0318 -0.9994
vn -0.0102 0.0485 -0.9988
vn -0.0060 0.0626 -0.9980
vn -0.1075 0.1671 -0.9801
vn -0.0701 0.0949 -0.9930
vn -0.2050 0.2012 -0.9579
vn -0.1648 0.1986 -0.9661
vn -0.1148 0.0949 -0.9888
vn -0.0822 0.0551 -0.9951
vn -0.0356 0.2258 0.9735
vn -0.0540 0.1967 0.9790
vn -0.0230 0.2115 0.9771
vn -0.0123 0.2217 0.9750
vn 0.0063 0.1169 0.9931
vn -0.0229 0.3322 0.9429
vn 0.0323 0.9594 0.2801
vn 0.0385 0.0005 0.9993
vn -0.0150 0.2399 -0.9707
vn -0.0198 0.3186 -0.9477
vn -0.0660 0.1279 -0.9896
vn -0.1682 0.0613 -0.9839
vn -0.0077 0.1266 -0.9919
vn -0.2089 -0.0405 -0.9771
vn -0.2123 0.0366 -0.9765
vn -0.1147 0.6159 0.7794
vn -0.1418 0.7964 0.5879
vn -0.1270 0.7893 0.6007
vn -0.0453 0.6047 0.7951
vn -0.0327 0.3724 0.9275
vn -0.0736 0.3688 0.9266
vn 0.0051 0.7123 0.7018
vn 0.0043 0.5368 0.8437
vn 0.0037 0.4269 0.9043
vn 0.0008 0.2917 0.9565
vn -0.0830 0.9205 -0.3818
vn -0.1097 0.9515 -0.2873
vn -0.1761 0.9689 -0.1735
vn 0.1415 -0.9752 0.1703
vn 0.0272 0.4404 -0.8974
vn 0.0787 0.7118 -0.6980
vn 0.1549 0.6565 -0.7382
vn 0.1792 0.6032 -0.7772
vn 0.4456 -0.0881 -0.8909
vn 0.0225 0.8716 -0.4898
vn -0.0340 0.4192 -0.9072
vn -0.0425 0.4283 -0.9026
vn -0.0163 0.0944 -0.9954
vn -0.0129 0.0036 -0.9999
vn -0.0098 -0.0183 -0.9998
vn -0.0037 -0.0569 -0.9984
vn -0.0012 -0.0545 -0.9985
vn -0.1578 0.9861 0.0517
vn -0.0339 0.9548 0.2953
vn -0.1395 0.9779 0.1556
vn -0.1581 0.9765 0.1463
vn 0.0016 -0.0518 -0.9987
vn 0.0137 0.9962 0.0863
vn -0.0534 0.9860 0.1581
vn -0.0947 0.4163 0.9043
vn -0.2089 0.9686 0.1349
vn -0.7993 -0.5980 -0.0596
vn 0.0109 0.0206 0.9997
vn 0.0058 -0.0689 0.9976
vn 0.0044 0.0374 0.9993
vn 0.0076 0.0533 0.9985
vn 0.0059 0.0511 0.9987
vn 0.0072 0.0519 0.9986
vn 0.0041 -0.1660 0.9861
vn 0.0123 0.0675 0.9976
vn 0.0172 0.5534 0.8327
vn 0.0049 -0.2585 0.9660
vn 0.0060 -0.9872 0.1595
vn 0.0052 -0.9928 0.1195
vn 0.0014 -0.7698 0.6383
vn 0.0046 -1.0000 -0.0047
vn -0.0820 -0.9964 0.0221
vn -0.0283 -0.9926 0.1183
vn 0.0058 -0.9826 -0.1859
vn -0.1155 -0.9930 -0.0246
vn -0.1104 -0.9939 -0.0076
vn 0.0032 -0.5934 -0.8049
vn 0.0036 -0.9644 -0.2645
vn 0.0012 -0.1900 -0.9818
vn 0.0138 -0.1340 -0.9909
vn -0.1127 0.1500 -0.9822
vn 0.0717 0.0298 -0.9970
vn 0.0188 -0.0620 -0.9979
vn -0.0017 -0.9946 -0.1038
vn -0.0081 -0.9943 -0.1063
vn -0.1719 -0.9706 -0.1686
vn -0.1525 0.8650 0.4781
vn 0.0123 0.8193 0.5732
vn -0.1247 0.8595 0.4956
vn -0.0714 0.9354 -0.3464
vn -0.1949 0.9206 -0.3384
vn -0.3055 0.8945 -0.3266
vn -0.1258 0.9606 -0.2478
vn 0.0405 -0.9722 0.2308
vn -0.0440 -0.9934 -0.1063
vn 0.0205 -0.9882 0.1518
vn 0.1480 -0.9880 -0.0439
vn 0.0696 -0.8985 0.4333
vn -0.0394 -0.3399 -0.9396
vn -0.0405 -0.8868 -0.4603
vn -0.1282 -0.7793 -0.6133
vn -0.0374 -0.9414 -0.3353
vn -0.0875 -0.9422 -0.3233
vn -0.1410 -0.7602 -0.6342
vn -0.3598 0.6433 -0.6758
vn 0.7310 0.6769 0.0862
vn 0.9977 -0.0439 -0.0514
vn 0.9926 -0.1217 0.0064
vn 0.9903 -0.1380 0.0187
vn -0.2194 0.9702 0.1028
vn -0.1359 0.9889 0.0607
vn -0.1611 0.9842 0.0734
vn 0.9535 -0.2818 0.1073
vn 0.9510 -0.2889 0.1104
vn 0.0075 0.9998 0.0170
vn -0.0044 0.9998 0.0185
vn 0.1400 0.9898 0.0273
vn 0.1261 0.9917 0.0230
vn -0.9792 0.0120 -0.2024
vn -0.9485 0.2693 -0.1666
vn -0.9574 0.2158 -0.1918
vn -0.9825 -0.0303 -0.1836
vn -0.9826 -0.1181 -0.1434
vn 0.1677 -0.9798 -0.1089
vn 0.0488 -0.9879 -0.1472
vn 0.0504 -0.9877 -0.1477
vn 0.1679 -0.9798 -0.1084
vn 0.1908 -0.9809 -0.0378
vn 0.1897 -0.9812 -0.0357
vn -0.0936 -0.9902 -0.1037
vn -0.0867 -0.9906 -0.1060
vn 0.8612 -0.4658 0.2033
vn 0.6867 -0.6903 0.2278
vn 0.6796 -0.6981 0.2252
vn 0.8620 -0.4647 0.2027
vn 0.2485 0.9674 0.0496
vn 0.2327 0.9714 0.0477
vn -0.8362 0.5367 -0.1131
vn -0.7089 0.5999 -0.3709
vn -0.7274 0.6148 -0.3050
vn -0.8513 0.5126 -0.1122
vn -0.6459 0.5485 -0.5310
vn -0.1145 -0.9914 -0.0629
vn -0.0802 -0.9965 -0.0232
vn 0.0060 0.9142 0.4052
vn 0.0251 0.5627 -0.8263
vn 0.0619 0.2965 -0.9530
vn 0.0314 0.5318 -0.8463
vn -0.1844 0.9708 -0.1536
vn -0.0675 -0.9772 -0.2015
vn 0.2116 -0.3062 0.9282
vn 0.1206 -0.0346 0.9921
vn 0.0610 -0.0371 -0.9974
vn 0.0958 -0.0376 -0.9947
vn 0.9766 -0.0485 0.2095
vn 0.2398 -0.1154 -0.9639
vn -0.0064 0.0033 1.0000
vn -0.0355 -0.0230 0.9991
vn -0.1865 -0.0949 0.9779
vn -0.1606 -0.0646 0.9849
vn -0.3135 -0.0554 0.9480
vn -0.4602 -0.0461 0.8866
vn -0.4482 -0.0272 0.8935
vn -0.4308 -0.0651 0.9001
vn -0.4677 -0.0688 0.8812
vn -0.3828 -0.1075 0.9176
vn -0.4889 -0.1557 0.8583
vn 0.6202 -0.4390 -0.6501
vn 0.6106 -0.4383 -0.6596
vn 0.6173 -0.4564 -0.6409
vn 0.6214 -0.4174 -0.6630
vn -0.0630 -0.1294 0.9896
vn -0.1040 -0.1048 0.9890
vn 0.0018 -0.0083 1.0000
vn -0.0011 -0.0359 0.9994
vn -0.0580 0.0261 0.9980
vn -0.3933 -0.0701 0.9167
vn 0.3898 -0.1082 -0.9145
vn 0.5034 -0.1163 -0.8562
vn 0.4922 -0.1155 -0.8628
vn -0.3149 -0.0271 0.9487
vn -0.0039 -0.0088 1.0000
vn 0.5632 -0.1191 -0.8177
vn 0.5626 -0.1199 -0.8180
vn -0.4881 0.0041 0.8728
vn -0.0632 0.0056 0.9980
vn -0.0812 0.0365 0.9960
vn -0.2164 -0.0015 0.9763
vn -0.3105 -0.1365 0.9407
vn -0.1385 -0.0629 0.9884
vn -0.0632 -0.0484 0.9968
vn -0.4353 -0.0078 0.9003
vn -0.8186 0.0151 0.5741
vn -0.9175 -0.0526 0.3943
vn -0.3819 0.0217 0.9240
vn -0.9556 0.0009 0.2948
vn -0.9777 0.0002 0.2101
vn -0.9824 0.0058 0.1869
vn -0.9839 0.0025 0.1785
vn -0.4896 -0.0279 0.8715
vn 0.0513 0.7625 -0.6449
vn 0.6220 -0.6117 -0.4889
vn 0.0590 0.1848 -0.9810
vn -0.1670 -0.0827 -0.9825
vn -0.3274 -0.1351 -0.9352
vn 0.2457 -0.1099 -0.9631
vn 0.1557 -0.0583 -0.9861
vn -0.0118 -0.0135 -0.9998
vn 0.3058 -0.0505 -0.9507
vn -0.3391 -0.0667 -0.9384
vn 0.8385 -0.0786 -0.5392
vn 0.9490 -0.1216 -0.2908
vn 0.9887 -0.0761 -0.1289
vn 0.9594 -0.0620 -0.2751
vn 0.6229 -0.0180 -0.7821
vn 0.9985 -0.0109 -0.0533
vn 0.9998 -0.0160 -0.0085
vn 0.9998 -0.0054 -0.0189
vn 0.9998 -0.0162 0.0062
vn 1.0000 -0.0060 0.0067
vn 1.0000 -0.0025 0.0064
vn 0.9999 -0.0108 0.0098
vn 0.9999 -0.0054 0.0105
vn 0.9999 -0.0034 0.0111
vn 0.9999 -0.0080 0.0095
vn 0.9999 -0.0059 0.0098
vn 0.9999 -0.0063 0.0106
vn 0.9999 -0.0027 0.0121
vn 0.9999 -0.0052 0.0134
vn 0.9999 0.0003 0.0145
vn 0.9998 -0.0000 0.0181
vn 0.9998 0.0041 0.0194
vn 0.9995 0.0109 -0.0281
vn 0.9998 0.0017 0.0210
vn 0.9946 0.0045 -0.1039
vn 0.9837 0.0106 -0.1793
vn 0.9972 0.0158 -0.0728
vn -0.3844 0.0708 -0.9204
vn -0.6237 0.0041 -0.7817
vn -0.4880 -0.0024 -0.8728
vn -0.5142 0.0123 -0.8576
vn -0.2761 0.1058 -0.9553
vn -0.1891 0.0028 -0.9820
vn -0.2431 0.0037 -0.9700
vn -0.1793 0.0042 -0.9838
vn -0.1473 0.0036 -0.9891
vn -0.3613 0.0046 -0.9325
vn -0.3149 0.0045 -0.9491
vn -0.2709 0.0123 -0.9625
vn -0.1796 0.0023 -0.9837
vn -0.7484 -0.0030 0.6632
vn -0.8214 -0.0070 0.5703
vn -0.7472 -0.0059 0.6646
vn -0.7962 0.0002 0.6050
vn -0.8292 0.0026 0.5589
vn -0.9467 0.0345 -0.3204
vn -0.8211 0.0068 -0.5707
vn -0.8602 0.0141 -0.5098
vn -0.1372 -0.0100 0.9905
vn -0.1408 -0.0080 0.9900
vn -0.3169 -0.0122 0.9484
vn -0.3395 -0.0103 0.9405
vn -0.2958 -0.0053 0.9552
vn -0.1729 -0.0069 0.9849
vn -0.5084 -0.0102 0.8611
vn -0.4045 -0.0032 0.9145
vn -0.3189 -0.0180 0.9476
vn -0.3079 0.0129 0.9513
vn -0.3030 0.0473 0.9518
vn -0.5543 -0.0554 -0.8304
vn -0.9989 -0.0254 0.0388
vn -0.9987 0.0071 0.0497
vn -0.9997 0.0031 0.0258
vn -0.9992 -0.0363 0.0156
vn -1.0000 -0.0047 -0.0032
vn -0.9985 -0.0534 -0.0095
vn -0.9798 -0.1996 -0.0144
vn -0.9975 -0.0701 -0.0124
vn -0.9774 -0.2109 -0.0166
vn -0.9494 -0.3136 -0.0190
vn -0.9485 -0.3165 -0.0122
vn -0.9952 -0.0932 -0.0282
vn -0.9982 -0.0570 -0.0187
vn -0.9880 0.1506 -0.0352
vn -0.9776 0.2087 -0.0258
vn -0.1166 0.9931 0.0090
vn -0.1393 0.9901 -0.0178
vn -0.1404 0.9899 -0.0173
vn -0.1103 0.9938 0.0131
vn 0.6447 0.7645 -0.0004
vn 0.4854 0.8743 -0.0017
vn 0.4964 0.8681 -0.0013
vn 0.6696 0.7427 -0.0010
vn 0.9687 0.2445 -0.0422
vn 0.8182 0.5745 -0.0228
vn 1.0000 -0.0024 0.0033
vn 0.9986 -0.0522 0.0030
vn 0.9953 -0.0664 -0.0703
vn 0.9859 -0.0678 -0.1531
vn 0.9902 0.1036 -0.0938
vn 0.9167 0.3958 -0.0549
vn 0.6027 -0.4937 -0.6269
vn 0.7955 0.1483 -0.5875
vn 0.9983 -0.0587 -0.0001
vn 0.9992 -0.0376 0.0113
vn 0.9983 -0.0580 0.0091
vn 0.9998 0.0021 0.0178
vn 0.9990 -0.0425 0.0122
vn 0.9997 -0.0235 0.0091
vn 0.9997 -0.0204 0.0125
vn 0.9996 -0.0251 0.0106
vn 0.9999 -0.0138 0.0098
vn 0.9999 -0.0145 0.0055
vn 0.9999 -0.0115 0.0036
vn 0.9999 -0.0096 0.0033
vn 0.9999 -0.0117 -0.0038
vn 0.9999 -0.0156 -0.0026
vn 0.9998 -0.0186 -0.0003
vn 0.9999 -0.0098 0.0040
vn 0.9998 -0.0206 0.0023
vn 0.9999 -0.0123 0.0060
vn 0.9999 -0.0158 0.0037
vn 0.9999 -0.0125 0.0091
vn 1.0000 -0.0027 0.0036
vn 0.9999 -0.0032 0.0114
vn 0.9996 0.0013 0.0273
vn 0.9999 0.0043 0.0112
vn 0.9998 0.0025 0.0203
vn 0.9999 0.0022 0.0102
vn 0.9998 0.0001 0.0199
vn 0.9998 0.0002 0.0204
vn 0.9999 -0.0163 -0.0039
vn 0.9991 -0.0344 -0.0266
vn 0.9999 0.0039 0.0149
vn 0.9964 0.0003 -0.0844
vn -0.2063 -0.0108 -0.9784
vn 0.9312 -0.0006 -0.3646
vn -0.7749 0.0018 -0.6321
vn -0.6519 0.0029 -0.7583
vn -0.7885 -0.0016 -0.6151
vn -0.3471 0.0031 -0.9378
vn 0.1994 -0.0072 -0.9799
vn -0.0502 -0.0034 -0.9987
vn -0.1220 -0.0025 -0.9925
vn -0.3530 -0.0032 -0.9356
vn -0.2662 0.0006 -0.9639
vn -0.5437 -0.0038 -0.8393
vn -0.4792 0.0061 -0.8777
vn -0.4814 0.0057 0.8765
vn -0.3102 0.0012 0.9507
vn -0.2411 0.0022 0.9705
vn -0.4075 0.0021 0.9132
vn -0.8324 -0.0055 0.5542
vn -0.7517 0.0022 0.6595
vn -0.1562 0.0021 0.9877
vn -0.1764 0.0026 0.9843
vn -0.1401 0.0013 0.9901
vn -0.2003 -0.0097 0.9797
vn -0.1655 -0.0027 0.9862
vn -0.1401 -0.0088 0.9901
vn -0.3653 -0.0156 0.9308
vn -0.5203 -0.0134 0.8539
vn -0.9974 -0.0031 0.0726
vn -0.9837 0.0003 0.1797
vn -0.9965 -0.0042 0.0829
vn -0.9993 -0.0028 0.0376
vn -0.9996 0.0016 0.0295
vn -0.9985 0.0019 0.0538
vn -1.0000 -0.0023 0.0027
vn -1.0000 0.0002 0.0006
vn -1.0000 -0.0009 -0.0072
vn -1.0000 -0.0010 -0.0069
vn -0.9999 -0.0120 -0.0087
vn -0.9999 -0.0019 -0.0103
vn -0.9998 -0.0194 -0.0106
vn -0.9959 -0.0896 -0.0123
vn -0.9996 -0.0263 -0.0114
vn -0.9945 -0.1043 -0.0096
vn -0.9687 -0.2482 -0.0087
vn -0.9741 -0.2257 -0.0134
vn -0.9460 -0.3238 -0.0124
vn -0.9507 -0.3100 -0.0117
vn -0.9790 -0.2027 -0.0217
vn -0.9895 -0.1436 -0.0175
vn -0.9949 -0.0975 -0.0269
vn -0.9995 0.0175 -0.0244
vn -0.1686 0.9855 -0.0199
vn -0.2320 0.9726 -0.0172
vn -0.0211 0.9996 -0.0165
vn 0.0855 0.9962 -0.0179
vn 0.1915 0.9814 -0.0133
vn 0.3349 0.9421 -0.0151
vn 0.9982 0.0557 0.0206
vn 0.9850 0.1711 0.0242
vn 0.9959 0.0891 0.0186
vn 0.9999 0.0134 0.0098
vn 0.9508 0.3091 0.0204
vn 0.9844 0.1751 0.0166
vn 1.0000 0.0017 0.0090
vn 0.9657 0.2595 0.0109
vn 0.9997 0.0263 0.0002
vn 1.0000 -0.0025 -0.0034
vn 0.9988 0.0478 -0.0089
vn 1.0000 -0.0004 -0.0093
vn 0.9998 -0.0164 -0.0068
vn 1.0000 -0.0013 0.0011
vn 0.9998 -0.0185 0.0018
vn 0.9997 -0.0256 0.0032
vn 0.9997 -0.0224 -0.0044
vn 0.9996 -0.0277 0.0044
vn 0.9997 -0.0254 -0.0020
vn 0.9997 -0.0226 0.0028
vn 0.9997 -0.0240 -0.0006
vn 0.9999 -0.0115 0.0002
vn 0.9999 -0.0141 -0.0005
vn 1.0000 -0.0007 0.0034
vn 1.0000 -0.0007 0.0005
vn 1.0000 0.0039 0.0080
vn 0.9985 -0.0039 0.0550
vn 0.9999 -0.0102 0.0057
vn 0.9994 -0.0014 0.0342
vn 0.9994 0.0040 0.0332
vn 0.9982 -0.0031 0.0605
vn 0.9945 0.0047 0.1045
vn -0.9997 0.0028 0.0230
vn -1.0000 -0.0070 -0.0020
vn -0.9999 -0.0052 -0.0099
vn -0.9999 -0.0007 -0.0106
vn -0.9999 0.0013 -0.0107
vn -0.9999 0.0014 -0.0160
vn -1.0000 0.0009 -0.0097
vn -0.9999 -0.0000 -0.0127
vn -0.9999 0.0003 -0.0128
vn -0.9999 0.0010 -0.0129
vn -0.9999 0.0002 -0.0146
vn -0.9999 0.0012 -0.0158
vn -1.0000 0.0017 -0.0093
vn -0.9998 0.0002 -0.0213
vn -0.9997 -0.0013 -0.0234
vn -0.9997 0.0014 -0.0232
vn -0.9998 0.0087 -0.0192
vn -0.9999 0.0067 -0.0142
vn -0.9997 -0.0020 -0.0259
vn -0.9997 0.0025 -0.0251
vn -0.9997 0.0112 -0.0195
vn -0.9998 0.0148 -0.0093
vn -0.9999 0.0113 -0.0110
vn -0.9999 0.0038 -0.0149
vn -0.9998 0.0132 -0.0138
vn -0.9998 0.0175 -0.0072
vn -0.9999 0.0152 0.0020
vn -0.9999 0.0123 0.0011
vn -0.9999 0.0141 0.0068
vn -0.9998 0.0193 0.0023
vn -0.9997 0.0181 0.0134
vn -0.9957 0.0245 0.0898
vn -0.9812 0.0294 0.1909
vn -0.9447 0.0364 0.3260
vn -0.9996 0.0151 0.0239
vn -0.9999 0.0148 0.0064
vn -0.9999 0.0134 0.0061
vn -0.9996 0.0089 0.0263
vn -0.9998 0.0167 0.0048
vn -0.9998 0.0184 0.0079
vn -0.9993 0.0369 0.0114
vn -0.9998 0.0203 0.0044
vn -0.9999 0.0121 0.0024
vn -1.0000 0.0081 0.0007
vn -0.9987 0.0508 0.0036
vn -0.9964 0.0850 0.0045
vn -0.9986 0.0514 0.0141
vn -0.9997 0.0256 0.0056
vn -0.6587 0.7520 -0.0245
vn -0.6796 0.7323 -0.0428
vn -0.6810 0.7310 -0.0430
vn -0.8317 0.5547 -0.0236
vn -0.8247 0.5655 0.0060
vn -0.6968 0.7173 0.0020
vn -0.9512 0.3084 -0.0072
vn -0.8340 0.5517 -0.0081
vn -0.7631 0.6462 -0.0088
vn -0.9820 0.1873 -0.0252
vn -0.9849 -0.1722 -0.0189
vn -0.9672 0.2527 -0.0264
vn -0.9684 0.2475 -0.0312
vn -0.9891 0.1443 -0.0309
vn -0.9904 -0.1368 -0.0183
vn -0.9520 -0.3060 -0.0046
vn -0.9210 -0.3894 -0.0088
vn -0.1804 -0.9834 0.0171
vn -0.0480 -0.9988 0.0119
vn -0.0830 -0.9964 0.0185
vn -0.3056 -0.9522 -0.0009
vn -0.8957 -0.4446 -0.0102
vn -0.1353 -0.9908 -0.0021
vn -0.0289 -0.9996 -0.0045
vn 0.0558 -0.9984 -0.0058
vn 0.0744 -0.9972 -0.0067
vn 0.0799 -0.9968 0.0068
vn 0.8727 -0.4881 0.0141
vn 0.9655 -0.2599 0.0129
vn 0.9670 -0.2535 0.0256
vn 0.8836 -0.4676 0.0252
vn 0.0660 -0.9977 0.0166
vn 0.8366 -0.5477 -0.0013
vn 0.8336 -0.5524 -0.0013
vn 0.7657 -0.6432 0.0012
vn 0.7615 -0.6481 0.0014
vn 0.9999 -0.0123 0.0089
vn 0.9996 -0.0258 0.0133
vn 0.9972 0.0739 0.0105
vn 0.9968 0.0793 0.0084
vn 0.9973 0.0727 0.0094
vn 0.9989 0.0425 0.0202
vn 0.9776 0.2102 0.0061
vn 0.9801 0.1985 0.0036
vn 0.9853 0.1705 0.0110
vn 0.9906 0.1371 0.0024
vn 0.9926 0.1211 0.0119
vn 0.9918 0.1267 0.0188
vn 0.9997 0.0029 0.0228
vn 0.9891 0.1473 -0.0032
vn 0.9889 0.1487 0.0058
vn 0.9997 0.0221 0.0053
vn 0.9996 0.0266 -0.0064
vn 0.9995 0.0304 -0.0031
vn 1.0000 -0.0006 -0.0051
vn 1.0000 0.0056 0.0037
vn 0.9996 0.0275 0.0056
vn 1.0000 -0.0055 -0.0043
vn 1.0000 -0.0071 0.0020
vn 0.9999 -0.0141 0.0016
vn 0.9999 -0.0118 -0.0002
vn 1.0000 -0.0074 -0.0026
vn 0.9999 -0.0114 0.0028
vn 1.0000 -0.0058 0.0052
vn 1.0000 -0.0015 0.0037
vn 0.9998 -0.0166 -0.0080
vn 1.0000 -0.0027 0.0081
vn 1.0000 -0.0009 0.0088
vn 0.9999 0.0011 0.0113
vn 0.9999 -0.0056 0.0114
vn 0.9999 -0.0109 0.0134
vn 0.9999 0.0024 0.0161
vn 0.9997 0.0172 0.0144
vn 0.9957 0.0903 0.0188
vn 0.9944 0.1037 0.0189
vn 0.9975 0.0675 0.0209
vn 0.9959 0.0877 0.0219
vn 0.9965 -0.0801 0.0216
vn 0.9987 -0.0441 0.0259
vn 0.8991 -0.4370 0.0258
vn 0.9431 -0.3312 0.0277
vn 0.9620 -0.2720 0.0252
vn 0.8317 -0.5547 0.0244
vn 0.8690 -0.4943 0.0224
vn 0.0253 -0.9997 0.0066
vn -0.0258 -0.9995 -0.0158
vn -0.1397 -0.9900 -0.0197
vn -0.1144 -0.9934 0.0036
vn -0.0474 -0.9989 -0.0036
vn -0.1945 -0.9808 -0.0111
vn -0.0674 -0.9977 -0.0054
vn -0.2576 -0.9658 -0.0283
vn -0.4385 -0.8978 -0.0405
vn 0.1941 -0.9809 -0.0148
vn -0.2067 -0.9770 -0.0516
vn 0.2023 -0.9788 0.0306
vn 0.4572 -0.8893 0.0063
vn 0.5103 -0.8582 0.0547
vn 0.5074 -0.8602 0.0510
vn -0.1323 -0.9726 0.1912
vn 0.4554 -0.8903 -0.0017
vn 0.9915 -0.1302 0.0049
vn 0.9964 -0.0851 0.0057
vn 0.9963 -0.0842 0.0174
vn 0.9925 -0.1217 0.0155
vn 0.5708 -0.8210 0.0158
vn 0.5537 -0.8326 0.0136
vn 0.9905 -0.1371 0.0089
vn 0.9963 -0.0851 0.0098
vn 0.9981 0.0608 0.0118
vn 0.9985 0.0547 0.0073
vn 0.9964 0.0839 0.0076
vn 0.9964 0.0840 0.0138
vn 0.9987 0.0478 0.0176
vn 0.9966 0.0820 0.0126
vn 0.9999 -0.0037 0.0127
vn 1.0000 0.0014 0.0092
vn 0.9998 -0.0125 0.0130
vn 0.9999 -0.0092 0.0127
vn 0.9999 0.0051 0.0112
vn 0.9998 -0.0147 0.0138
vn 0.9999 -0.0071 0.0145
vn 0.9999 -0.0061 0.0156
vn 0.9997 -0.0032 0.0249
vn 0.9998 -0.0038 0.0185
vn 0.9999 -0.0039 0.0156
vn 0.9996 -0.0046 0.0270
vn 0.9972 -0.0024 0.0747
vn 0.9999 -0.0034 0.0105
vn 0.9999 -0.0044 0.0102
vn 0.9999 -0.0047 0.0103
vn 0.9999 -0.0051 0.0090
vn 0.9999 -0.0048 0.0104
vn 0.9999 -0.0019 0.0101
vn 1.0000 -0.0031 0.0083
vn 0.9999 -0.0097 0.0105
vn 0.9999 -0.0006 0.0101
vn 0.9999 -0.0000 0.0128
vn 1.0000 -0.0005 0.0099
vn 0.9986 0.0106 0.0513
vn 0.9998 0.0146 -0.0112
vn 0.9973 0.0030 0.0730
vn 0.9942 0.0085 0.1072
vn 0.9851 0.0138 0.1712
vn 0.9887 0.0011 0.1502
vn 0.9995 0.0004 0.0309
vn 0.9998 -0.0053 0.0194
vn 0.9992 0.0031 0.0404
vn 0.9997 -0.0030 0.0255
vn 0.9998 0.0042 0.0174
vn 0.9999 0.0051 0.0155
vn 0.9974 0.0722 0.0057
vn 0.9965 0.0828 0.0123
vn 0.9989 0.0440 0.0167
vn 0.9946 -0.0493 0.0916
vn 0.9965 -0.0805 0.0239
vn 0.9934 -0.1008 0.0539
vn 0.9938 -0.1088 0.0247
vn 0.9781 0.0240 0.2067
vn 0.9908 -0.0981 0.0933
vn 0.5799 -0.8097 0.0899
vn 0.6153 -0.7828 0.0925
vn 0.5714 -0.8158 0.0893
vn -0.3138 -0.9198 0.2358
vn -0.4243 -0.8698 0.2518
vn -0.4606 -0.6639 0.5891
vn 0.1992 -0.2311 0.9523
vn 0.0616 -0.1734 0.9829
vn 0.2954 -0.2693 0.9167
vn 0.0023 -0.0480 0.9988
vn -0.1545 -0.0491 0.9868
vn -0.1290 -0.0479 0.9905
vn 0.0104 -0.0483 0.9988
vn -0.9995 0.0266 0.0155
vn -1.0000 0.0031 0.0074
vn -1.0000 0.0087 0.0011
vn -0.9993 0.0359 0.0062
vn -0.9998 0.0156 -0.0096
vn -0.9981 0.0604 -0.0076
vn -0.9938 0.1111 -0.0038
vn -0.7442 0.6671 -0.0348
vn -0.9927 0.1203 -0.0069
vn -0.9709 0.2395 0.0013
vn -0.6469 0.7594 -0.0694
vn -0.9714 0.2369 -0.0123
vn -0.8267 0.5619 -0.0291
vn -0.8122 0.5824 -0.0340
vn -0.8366 0.5467 -0.0346
vn -0.9995 0.0276 -0.0149
vn -0.9996 0.0270 -0.0125
vn -0.9997 0.0205 -0.0128
vn -0.9999 0.0117 -0.0067
vn -0.9998 0.0153 -0.0082
vn -0.9999 0.0093 -0.0098
vn -1.0000 0.0066 -0.0066
vn -1.0000 0.0041 -0.0086
vn -1.0000 0.0036 -0.0067
vn -1.0000 0.0030 -0.0083
vn -1.0000 0.0035 -0.0077
vn -1.0000 0.0077 -0.0030
vn -0.9999 0.0077 -0.0107
vn -0.9999 0.0056 -0.0094
vn -0.9999 0.0052 -0.0097
vn -0.9999 0.0060 -0.0081
vn -1.0000 0.0050 -0.0051
vn -1.0000 0.0018 -0.0071
vn -0.9994 0.0236 0.0266
vn -0.9999 0.0038 -0.0111
vn -0.9999 0.0044 -0.0118
vn -0.9999 0.0033 -0.0137
vn -0.9999 0.0081 -0.0133
vn -0.9999 0.0044 -0.0105
vn -0.9999 0.0110 -0.0118
vn -0.9997 0.0219 -0.0136
vn -0.9999 0.0064 0.0156
vn -0.9952 0.0304 0.0930
vn -0.8796 -0.4757 -0.0069
vn 0.7403 -0.6718 0.0264
vn 1.0000 -0.0062 0.0011
vn 0.9998 -0.0141 -0.0128
vn 0.9998 0.0023 -0.0195
vn 0.9986 -0.0102 -0.0527
vn 0.9834 0.0679 -0.1680
vn 0.9739 0.0938 -0.2065
vn 0.6958 0.0087 -0.7182
vn 0.0799 0.0216 -0.9966
vn 0.0053 0.0243 -0.9997
vn -0.1045 0.0041 -0.9945
vn 0.0277 0.0084 -0.9996
vn -0.1462 -0.0021 -0.9893
vn -0.0331 -0.0025 -0.9994
vn -0.1396 0.0145 -0.9901
vn -0.2821 -0.0006 -0.9594
vn -0.3398 0.0002 -0.9405
vn -0.3275 -0.0008 -0.9448
vn -0.1195 -0.0013 -0.9928
vn -0.9002 -0.0013 0.4355
vn -0.8811 -0.0016 0.4729
vn -0.9974 0.0016 0.0718
vn -0.9995 0.0019 0.0301
vn -0.7800 -0.0042 -0.6257
vn -0.5493 -0.0007 -0.8356
vn -0.5414 -0.0011 -0.8408
vn -0.2702 0.0014 0.9628
vn -0.2780 -0.0010 0.9606
vn -0.1310 0.0006 0.9914
vn -0.1521 0.0019 0.9884
vn -0.1783 0.0009 0.9840
vn -0.2788 0.0017 0.9604
vn -0.1912 0.0019 0.9815
vn -0.1660 -0.0004 0.9861
vn -0.1820 -0.0015 0.9833
vn -0.2632 -0.0022 0.9647
vn -0.2615 0.0005 0.9652
vn -0.1373 0.0068 0.9905
vn -0.9803 -0.0033 0.1973
vn -0.9861 0.0018 0.1663
vn -0.9924 0.0011 0.1233
vn -0.9863 -0.0044 0.1650
vn -0.9867 -0.0019 0.1623
vn -0.9677 -0.0051 0.2522
vn -0.9987 -0.0021 0.0519
vn -0.9992 -0.0052 0.0409
vn -0.9999 -0.0057 0.0129
vn -1.0000 -0.0058 -0.0053
vn -1.0000 -0.0045 -0.0078
vn -0.9998 -0.0045 -0.0199
vn -0.9999 -0.0018 -0.0157
vn -0.9999 0.0012 -0.0118
vn -0.9999 0.0021 -0.0159
vn -0.9999 0.0033 -0.0126
vn -0.9999 -0.0030 -0.0118
vn -0.9999 0.0073 -0.0091
vn -1.0000 -0.0010 -0.0071
vn -0.9996 -0.0269 -0.0057
vn -1.0000 0.0080 -0.0012
vn -0.9998 -0.0196 0.0009
vn -0.9935 -0.1136 0.0019
vn -0.9934 -0.1144 -0.0062
vn -0.9573 -0.2890 0.0013
vn -0.9602 -0.2792 -0.0094
vn -0.9185 -0.3954 0.0004
vn -0.9303 -0.3666 -0.0157
vn -0.9626 -0.2709 -0.0003
vn -0.9699 -0.2428 -0.0205
vn -0.9908 -0.1351 -0.0000
vn -0.9931 -0.1155 -0.0200
vn -0.2807 0.9598 0.0010
vn -0.3980 0.9174 0.0046
vn -0.1401 0.9901 0.0066
vn -0.0810 0.9967 0.0077
vn 0.1546 0.9879 0.0105
vn 0.1242 0.9922 0.0126
vn 0.1904 0.9817 -0.0071
vn 0.1906 0.9816 -0.0074
vn 0.8969 0.4418 0.0196
vn 0.8172 0.5764 0.0002
vn 0.9399 0.3415 -0.0041
vn 0.7555 0.6551 -0.0027
vn 0.7564 0.6541 -0.0031
vn 0.9922 0.1246 0.0052
vn 0.9977 0.0679 0.0028
vn 0.9904 0.1352 0.0281
vn 0.9967 0.0739 0.0336
vn 0.9992 0.0026 0.0392
vn 0.9600 0.0444 0.2764
vn 0.9993 -0.0119 0.0360
vn 0.9677 -0.0089 0.2520
vn 0.9992 -0.0251 0.0317
vn 0.9618 -0.0150 0.2734
vn 0.9993 -0.0247 0.0276
vn 0.9445 -0.0052 0.3286
vn 0.9998 -0.0158 0.0135
vn 0.9999 -0.0108 0.0115
vn 0.5793 -0.0020 0.8151
vn 0.7822 0.0009 0.6230
vn 0.5639 -0.0018 0.8258
vn 0.4206 -0.0009 0.9073
vn -0.3782 0.0322 0.9252
vn -0.9951 -0.0063 0.0990
vn -0.9962 0.0182 0.0848
vn -0.9983 0.0154 0.0554
vn -0.9982 -0.0029 0.0594
vn -0.9616 -0.2260 0.1555
vn -0.9632 -0.0781 0.2571
vn -0.9998 0.0121 0.0167
vn -0.9999 0.0009 0.0154
vn -0.9783 -0.2062 -0.0182
vn -0.9999 0.0134 0.0063
vn -1.0000 0.0012 0.0065
vn -0.9957 -0.0923 -0.0115
vn -0.9999 0.0152 -0.0004
vn -1.0000 0.0029 -0.0000
vn -1.0000 -0.0056 -0.0020
vn -0.9999 -0.0136 -0.0002
vn -1.0000 0.0033 -0.0093
vn -0.9999 -0.0059 -0.0096
vn -0.9999 0.0012 -0.0168
vn -0.9998 -0.0040 -0.0176
vn -0.9999 -0.0026 -0.0151
vn -0.9997 -0.0023 -0.0235
vn -0.9997 0.0007 -0.0224
vn -0.9998 0.0016 -0.0209
vn -0.9997 0.0020 -0.0259
vn -0.9997 0.0021 -0.0251
vn -0.9997 -0.0007 -0.0242
vn -0.9999 0.0023 -0.0146
vn -0.9999 -0.0019 -0.0163
vn -0.9998 -0.0018 -0.0179
vn -0.9989 -0.0029 0.0476
vn -0.9991 -0.0010 0.0417
vn -0.9997 0.0044 0.0247
vn -0.9902 -0.0005 0.1400
vn -0.9929 0.0040 0.1189
vn -0.9971 0.0150 0.0749
vn -0.9871 0.0042 0.1600
vn -0.9917 0.0235 0.1267
vn -0.9756 0.0286 0.2179
vn -0.9179 0.0426 0.3945
vn -0.4144 0.0147 0.9100
vn -0.5325 0.0182 0.8462
vn -0.3023 0.0167 0.9531
vn -0.2975 -0.0022 0.9547
vn -0.3224 -0.0128 0.9465
vn -0.2379 -0.0052 0.9713
vn -0.9372 0.0317 -0.3474
vn -0.3750 -0.0207 0.9268
vn -0.5778 0.0259 0.8158
vn -0.3593 -0.0164 0.9331
vn -0.4529 -0.0289 0.8911
vn -0.6671 0.0242 -0.7446
vn -0.5339 -0.0033 -0.8456
vn -0.4011 0.0055 -0.9160
vn -0.3946 0.0082 -0.9188
vn -0.2220 0.0086 0.9750
vn -0.7561 0.0412 -0.6531
vn -0.7262 0.0327 -0.6867
vn -0.9403 -0.0253 -0.3393
vn -0.5501 -0.0118 -0.8350
vn -0.4693 -0.0078 -0.8830
vn -0.3138 0.0090 0.9494
vn -0.1670 0.0038 0.9859
vn -0.3067 0.0066 0.9518
vn -0.2795 0.0080 0.9601
vn -0.2372 0.0016 0.9715
vn -0.4988 0.0040 0.8667
vn -0.3804 0.0024 0.9248
vn -0.2601 -0.0003 0.9656
vn -0.9811 -0.0015 0.1934
vn -0.9779 0.0002 0.2089
vn -0.9905 -0.0019 0.1377
vn -0.9912 0.0003 0.1324
vn -0.9864 -0.0002 0.1644
vn -0.9993 0.0016 0.0362
vn -0.9993 0.0010 0.0385
vn -0.9999 0.0016 -0.0114
vn -1.0000 -0.0022 -0.0055
vn -0.9997 -0.0020 -0.0236
vn -0.9998 -0.0019 -0.0208
vn -0.9999 0.0073 -0.0126
vn -0.9999 0.0143 -0.0073
vn -0.9999 0.0158 -0.0043
vn -0.9998 0.0220 0.0005
vn -0.9999 0.0168 0.0023
vn -0.9997 0.0236 0.0068
vn -0.9998 0.0206 0.0085
vn -0.9999 -0.0151 0.0080
vn -0.9999 -0.0128 0.0030
vn -0.9930 -0.1177 0.0050
vn -0.9942 -0.1078 0.0020
vn -0.9536 -0.3010 0.0039
vn -0.9574 -0.2887 0.0004
vn -0.9071 -0.4209 0.0015
vn -0.9143 -0.4049 -0.0033
vn -0.9541 -0.2995 0.0002
vn -0.9568 -0.2907 -0.0080
vn -0.9874 -0.1584 0.0019
vn -0.9869 -0.1611 -0.0100
vn -0.5556 0.8313 -0.0154
vn -0.6531 0.7572 -0.0033
vn -0.6544 0.7561 -0.0031
vn -0.5594 0.8288 -0.0151
vn -0.7495 0.6620 0.0076
vn -0.7489 0.6626 0.0076
vn 0.1659 0.9861 -0.0111
vn 0.1268 0.9919 -0.0067
vn 0.1273 0.9918 -0.0068
vn 0.1670 0.9859 -0.0111
vn 0.1069 0.9943 -0.0020
vn 0.3778 0.9259 0.0053
vn 0.6982 0.7159 0.0001
vn 0.6117 0.7910 0.0115
vn 0.7000 0.7142 0.0004
vn 0.0974 0.9952 0.0007
vn -0.8222 0.5671 0.0488
vn -0.8228 0.5662 0.0498
vn -0.8431 0.5304 0.0888
vn -0.9295 -0.3438 0.1335
vn -0.8746 -0.4530 0.1729
vn -0.9781 -0.1985 0.0627
vn -0.9459 -0.3166 0.0711
vn -0.9074 -0.4144 0.0694
vn -0.9519 -0.3011 0.0562
vn -0.9911 -0.1252 0.0450
vn -0.9815 -0.1095 0.1570
vn -0.9912 -0.0092 0.1321
vn -0.9792 -0.0069 0.2026
vn -0.9683 -0.0983 0.2295
vn -0.9991 -0.0176 0.0388
vn -0.9992 0.0240 0.0308
vn -0.9932 0.0330 0.1118
vn -0.9957 0.0311 0.0873
vn -0.9894 0.0348 0.1409
vn -0.9840 0.0409 0.1734
vn -0.9994 0.0257 0.0220
vn 0.8742 -0.0071 0.4855
vn 0.8978 0.0077 0.4404
vn 0.8797 0.0832 0.4681
vn 0.4874 0.0308 -0.8726
vn -0.4559 -0.0216 -0.8898
vn -0.0153 0.0312 -0.9994
vn 0.9044 0.0509 -0.4237
vn 0.9782 0.0245 -0.2062
vn 0.9904 0.0448 -0.1311
vn 0.9520 0.0606 -0.3001
vn -0.3276 -0.0336 -0.9442
vn -0.3282 0.0006 -0.9446
vn -0.1230 0.0137 -0.9923
vn -0.1998 0.0291 -0.9794
vn -0.3412 0.0763 -0.9369
vn -0.4219 0.0503 -0.9052
vn -0.1045 0.0388 -0.9938
vn -0.5041 0.0908 -0.8588
vn -0.5999 0.0661 -0.7974
vn -0.0292 0.0049 -0.9996
vn 0.9710 0.1236 -0.2046
vn 0.9808 0.1576 -0.1146
vn 0.9859 0.0952 -0.1373
vn 0.9915 0.1125 -0.0655
vn 0.9906 0.1369 0.0059
vn 0.9804 0.1968 -0.0025
vn 0.9997 0.0239 0.0058
vn 0.9997 0.0226 0.0096
vn 0.9893 0.1454 0.0145
vn 0.9782 0.2073 0.0107
vn 0.9978 0.0662 -0.0035
vn 0.9995 -0.0303 -0.0000
vn 0.6311 -0.7757 -0.0052
vn 0.6361 -0.7716 -0.0047
vn 0.0207 -0.9996 -0.0166
vn 0.9967 -0.0032 -0.0815
vn -0.4842 -0.0377 0.8741
vn -0.0564 -0.0035 -0.9984
vn 0.1509 -0.0035 -0.9885
vn 0.0523 0.0040 -0.9986
vn 0.0638 0.0144 -0.9979
vn -0.0452 0.0017 -0.9990
vn -0.0249 -0.0016 -0.9997
vn -0.7797 -0.0017 -0.6261
vn -0.8005 -0.0063 -0.5993
vn -0.8090 -0.0012 -0.5878
vn -0.6406 -0.0136 -0.7677
vn -0.0114 -0.0014 -0.9999
vn -0.1877 -0.0073 -0.9822
vn -0.7956 -0.0091 -0.6058
vn -0.6114 0.0041 -0.7913
vn -0.5135 -0.8564 -0.0536
vn -0.9988 0.0035 0.0496
vn -0.9993 0.0190 0.0328
vn -0.0812 -0.0559 -0.9951
vn 0.4514 -0.0029 -0.8923
vn -0.0163 -0.9960 0.0884
vn -0.0333 -0.9987 0.0386
vn -0.8114 0.5278 0.2514
vn -0.8381 0.5274 0.1394
vn -0.8418 0.5266 0.1185
vn -0.0523 -0.9986 -0.0054
vn -0.0524 -0.9986 -0.0055
vn -0.8699 0.4932 0.0069
vn -0.8697 0.4935 0.0070
vn -0.9002 0.4355 -0.0001
vn -0.9063 0.4227 -0.0012
vn 0.3101 0.9505 0.0212
vn 0.3103 0.9504 0.0218
vn 0.2881 0.9576 0.0046
vn 0.2896 0.9571 0.0046
vn 0.2178 0.9759 -0.0144
vn 0.2174 0.9760 -0.0145
vn 0.8057 -0.5923 -0.0002
vn 0.6988 -0.7154 -0.0037
vn 0.6998 -0.7144 -0.0038
vn 0.8075 -0.5899 0.0001
vn 0.8901 -0.4558 -0.0004
vn 0.8902 -0.4555 -0.0004
vn 0.9530 -0.3027 -0.0115
vn 0.9531 -0.3024 -0.0115
vn -0.0604 -0.9981 -0.0104
vn -0.0562 -0.9984 -0.0011
vn -0.0559 -0.9984 -0.0000
vn -0.0603 -0.9981 -0.0101
vn -0.0784 -0.9968 -0.0157
vn -0.0787 -0.9968 -0.0153
vn -0.0418 -0.9990 -0.0145
vn -0.0405 -0.9991 -0.0149
vn -0.9654 0.2607 -0.0101
vn -0.9334 0.3586 -0.0138
vn -0.9331 0.3595 -0.0135
vn -0.9654 0.2606 -0.0101
vn -0.9931 0.1174 -0.0049
vn -0.9931 0.1176 -0.0048
vn -0.9975 -0.0697 -0.0084
vn -0.9966 -0.0815 -0.0078
vn 0.0175 0.9998 0.0003
vn 0.1194 0.9927 -0.0143
vn 0.1198 0.9927 -0.0145
vn 0.0183 0.9998 0.0004
vn -0.0952 0.9953 0.0155
vn -0.0948 0.9954 0.0153
vn -0.1376 0.9904 0.0139
vn -0.1374 0.9904 0.0135
vn 0.9964 0.0843 -0.0069
vn 0.9910 -0.1330 -0.0176
vn 0.9908 -0.1340 -0.0175
vn 0.9963 0.0857 -0.0067
vn 0.9615 0.2746 0.0119
vn 0.9623 0.2718 0.0117
vn 0.9520 0.3060 0.0027
vn 0.9519 0.3064 0.0030
vn 0.0656 -0.9978 0.0050
vn 0.0591 -0.9979 -0.0250
vn 0.0577 -0.9980 -0.0252
vn 0.0666 -0.9978 0.0044
vn 0.0253 -0.9983 0.0520
vn 0.0253 -0.9983 0.0522
vn 0.0844 -0.9941 0.0684
vn 0.0833 -0.9942 0.0685
vn -0.8731 -0.4867 0.0285
vn -0.9481 -0.3180 -0.0057
vn -0.9482 -0.3175 -0.0057
vn -0.8735 -0.4859 0.0279
vn -0.8016 -0.5915 0.0870
vn -0.7978 -0.5963 0.0889
vn -0.6399 -0.7584 0.1243
vn -0.6204 -0.7741 0.1262
vn -0.1760 0.9834 -0.0445
vn -0.1399 0.9901 -0.0074
vn -0.1395 0.9902 -0.0074
vn -0.1753 0.9836 -0.0434
vn -0.1604 0.9623 -0.2195
vn -0.1599 0.9620 -0.2214
vn 0.9765 0.2155 -0.0050
vn 0.9769 0.2138 -0.0049
vn 0.9896 0.1442 -0.0003
vn 0.1428 -0.9887 0.0455
vn 0.1428 -0.9887 0.0452
vn -0.3833 -0.9203 0.0780
vn -0.1260 0.9322 -0.3392
vn -0.2492 0.7498 0.6129
vn 0.9964 0.0767 -0.0375
vn -0.0489 -0.9935 -0.1025
vn -0.0919 -0.9641 -0.2493
vn 0.0785 0.0733 -0.9942
vn 0.0170 -0.0702 -0.9974
vn 0.1289 -0.1060 -0.9860
vn 0.1501 0.9875 0.0480
vn 0.2994 0.9539 0.0207
vn 0.0033 0.9968 0.0795
vn 0.3591 -0.9319 -0.0518
vn 0.3625 -0.9309 0.0444
vn 0.2308 -0.9725 0.0304
vn 0.2314 -0.9725 -0.0280
vn 0.1102 0.9933 0.0343
vn 0.3053 0.9521 -0.0177
vn -0.0802 0.9923 0.0940
vn -0.0695 0.6249 -0.7776
vn -0.0395 0.8122 -0.5821
vn -0.0466 0.8835 0.4661
vn -0.0595 0.8600 0.5069
vn -0.0299 0.9229 0.3838
vn -0.0319 0.9217 0.3866
vn -0.9179 0.3501 -0.1868
vn 0.1911 -0.9773 0.0911
vn -0.3577 -0.5545 0.7514
vn -0.1171 -0.6912 0.7131
vn 0.0791 0.0658 0.9947
vn -0.9626 0.1371 0.2337
vn 0.1557 -0.9033 -0.3997
vn -0.4512 0.8448 0.2877
vn 0.9493 -0.0211 -0.3137
vn 0.5957 -0.4411 0.6712
vn 0.1198 -0.0974 -0.9880
vn -0.2946 -0.0591 0.9538
vn 0.1669 0.9022 -0.3978
vn 0.3746 -0.8081 -0.4545
vn -0.7982 0.3279 0.5054
vn -0.4889 -0.8666 -0.1003
vn 0.5973 0.1323 0.7911
vn -0.8743 -0.1870 0.4479
vn -0.9067 -0.4184 -0.0531
vn -0.9039 -0.4247 -0.0509
vn -0.9108 -0.4089 -0.0563
vn -0.9973 0.0109 0.0722
vn -0.9729 -0.0852 -0.2147
vn -0.9978 -0.0343 -0.0563
vn 0.3971 -0.1806 -0.8998
vn 0.9734 0.2282 -0.0218
vn 0.9974 0.0627 -0.0343
vn -0.9905 0.0022 -0.1376
vn -0.9929 0.0023 -0.1186
vn -0.9942 0.0023 -0.1075
vn -0.0246 -0.0089 -0.9997
vn -0.9885 0.0022 -0.1511
vn 0.6870 -0.2659 0.6762
vn 0.5538 -0.1666 0.8158
vn 0.6762 -0.2574 0.6903
vn 0.5245 -0.1461 0.8388
vn 0.7585 0.1554 0.6328
vn 0.6705 -0.0017 -0.7419
vn 0.0857 0.0379 -0.9956
vn -0.0437 0.0166 0.9989
vn -0.9662 0.0398 -0.2548
vn -0.9741 0.0208 -0.2252
vn -0.9721 0.0258 -0.2331
vn -0.9647 0.0429 -0.2597
vn -0.7007 0.0199 0.7132
vn 0.7622 0.0022 -0.6473
vn 0.0477 0.0300 0.9984
vn -0.9135 -0.2743 0.3004
vn 0.9804 0.1603 -0.1144
vn 0.9816 -0.0178 0.1901
vn 0.0131 -0.0001 -0.9999
vn 0.9817 0.0141 0.1897
vn 0.2091 0.0060 0.9779
vn 0.2102 0.0056 0.9776
vn 0.1674 -0.1985 -0.9657
vn 0.2658 -0.2573 -0.9290
vn 0.3982 -0.5111 -0.7617
vn 0.1332 -0.2523 -0.9584
vn 0.1988 -0.0742 -0.9772
vn 0.3848 -0.0826 -0.9193
vn 0.0277 -0.0590 -0.9979
vn 0.0095 -0.0186 -0.9998
vn 0.0337 -0.0518 -0.9981
vn 0.0355 -0.0121 -0.9993
vn 0.0087 -0.0070 -0.9999
vn 0.0339 -0.1180 -0.9924
vn 0.0753 -0.2021 -0.9765
vn 0.0100 0.0001 -0.9999
vn 0.0156 0.0014 -0.9999
vn 0.0136 -0.0113 -0.9998
vn 0.0319 -0.0799 -0.9963
vn 0.0054 -0.0002 -1.0000
vn 0.1854 -0.2474 0.9510
vn 0.0249 -0.2160 0.9761
vn 0.0624 -0.3899 0.9188
vn 0.2296 -0.3361 0.9134
vn 0.1541 -0.0613 0.9861
vn -0.0001 -0.0217 0.9998
vn 0.3288 -0.1168 0.9372
vn 0.6459 -0.7462 -0.1613
vn 0.5570 -0.3662 -0.7454
vn 0.5156 -0.6974 -0.4978
vn 0.6118 -0.7588 -0.2235
vn 0.5811 -0.8052 -0.1179
vn 0.5974 -0.8007 -0.0443
vn 0.8624 -0.0613 -0.5025
vn 0.9734 -0.1019 -0.2051
vn 0.9718 -0.0918 -0.2173
vn 0.7896 0.1731 -0.5887
vn 0.2347 -0.9718 0.0229
vn 0.4699 -0.8817 0.0429
vn 0.4522 0.0587 -0.8900
vn 0.3658 0.0157 0.9306
vn 0.2306 -0.5627 0.7938
vn 0.1529 -0.2170 0.9641
vn 0.2413 -0.0071 0.9704
vn 0.2929 -0.7408 0.6045
vn 0.4495 -0.7985 0.4005
vn 0.2129 -0.8633 0.4576
vn 0.8055 -0.4649 0.3674
vn 0.7306 -0.6481 0.2151
vn 0.5965 -0.7788 0.1941
vn 0.2026 0.1540 0.9671
vn 0.4293 0.1746 0.8861
vn 0.6916 0.5029 0.5184
vn 0.7823 0.5396 0.3110
vn 0.7612 0.5323 0.3704
vn 0.9621 -0.1501 0.2274
vn 0.9710 -0.1262 0.2031
vn -0.0503 0.0329 -0.9982
vn -0.0152 0.0698 -0.9974
vn -0.0246 0.1255 -0.9918
vn -0.0266 0.1537 -0.9878
vn -0.1376 0.7446 -0.6532
vn -0.1002 0.7951 -0.5982
vn -0.1629 0.8304 -0.5328
vn -0.2710 0.7830 -0.5599
vn -0.0400 -0.0409 -0.9984
vn -0.0258 0.0280 -0.9993
vn -0.5998 0.0404 -0.7991
vn -0.0598 -0.2381 -0.9694
vn -0.0199 -0.1790 -0.9837
vn -0.0375 0.0409 0.9985
vn -0.0474 0.1439 0.9885
vn -0.0321 0.1134 0.9930
vn -0.0303 0.0583 0.9978
vn -0.0085 0.0108 0.9999
vn -0.0146 -0.0234 0.9996
vn -0.0086 -0.1268 0.9919
vn -0.1873 -0.1759 0.9664
vn -0.5293 0.3341 0.7799
vn -0.1191 0.9021 0.4147
vn -0.1072 0.9415 0.3194
vn 0.0423 0.9229 0.3826
vn -0.0116 0.8572 0.5149
vn -0.7522 -0.6130 -0.2417
vn -0.6334 -0.7227 -0.2767
vn -0.2754 -0.8431 -0.4619
vn -0.5352 -0.6732 -0.5102
vn -0.8268 -0.5543 -0.0954
vn -0.7910 -0.5998 -0.1203
vn -0.8327 -0.5534 -0.0213
vn -0.8322 -0.5541 -0.0217
vn -0.9325 0.2273 -0.2808
vn -0.9246 0.2722 -0.2664
vn -0.9245 0.2728 -0.2663
vn -0.2614 -0.9242 0.2786
vn -0.1601 -0.9243 0.3464
vn -0.1057 -0.9548 0.2779
vn -0.2064 -0.9521 0.2257
vn -0.8539 -0.5130 0.0874
vn -0.7830 -0.6182 0.0687
vn -0.7870 -0.6127 0.0718
vn -0.8594 -0.5041 0.0856
vn -0.4303 -0.2174 0.8761
vn -0.1548 -0.2401 0.9583
vn -0.9813 0.0776 0.1764
vn -0.9779 -0.1950 0.0756
vn -0.9940 0.0468 0.0990
vn -0.9115 -0.4092 0.0420
vn 0.0063 -0.9756 0.2196
vn 0.1107 -0.9616 0.2511
vn -0.0104 -0.9939 0.1101
vn 0.1411 -0.9834 0.1143
vn 0.8515 0.2736 0.4473
vn 0.9295 0.3180 0.1867
vn 0.8764 0.4136 0.2468
vn 0.1990 -0.4029 0.8933
vn -0.8856 0.4638 -0.0227
vn -0.8792 0.4763 -0.0114
vn -0.9688 0.2453 -0.0344
vn 0.3130 0.7263 0.6120
vn 0.1382 0.2990 0.9442
vn 0.3067 0.5512 0.7759
vn -0.2086 0.1485 0.9667
vn 0.0138 0.0078 0.9999
vn -0.9944 -0.0499 -0.0935
vn -0.9634 -0.2664 -0.0289
vn -0.9517 -0.3040 -0.0426
vn 0.3089 -0.8720 0.3797
vn 0.1633 -0.9516 0.2604
vn -0.8563 -0.5165 0.0062
vn -0.8699 -0.4933 0.0003
vn 0.1449 -0.0756 0.9866
vn 0.2133 0.1179 0.9698
vn -0.0002 0.0074 -1.0000
vn 0.0157 -0.0023 -0.9999
vn 0.0024 0.0079 -1.0000
vn -0.0057 0.0205 -0.9998
vn 0.0036 0.0213 -0.9998
vn 0.0441 -0.0149 -0.9989
vn -0.0065 0.0610 -0.9981
vn 0.0187 0.0383 0.9991
vn 0.0286 0.0109 0.9995
vn 0.0623 0.0210 0.9978
vn 0.0405 0.0755 0.9963
vn 0.0141 0.0313 0.9994
vn 0.0093 0.0091 0.9999
vn 0.0370 0.0724 0.9967
vn 0.2043 -0.3943 -0.8960
vn 0.1102 -0.1688 -0.9795
vn 0.0958 -0.3145 -0.9444
vn 0.2158 0.1399 -0.9664
vn 0.0440 0.2647 -0.9633
vn 0.0904 0.0465 -0.9948
vn -0.0314 0.5713 -0.8201
vn -0.1750 0.7178 -0.6739
vn -0.0744 0.4020 -0.9126
vn 0.1010 0.9496 -0.2967
vn 0.2534 0.9224 -0.2916
vn 0.0865 0.9569 -0.2772
vn 0.7914 0.2952 -0.5353
vn 0.0437 -0.8354 0.5479
vn 0.2631 -0.9545 0.1406
vn -0.0098 -0.9883 0.1522
vn -0.0027 -0.9064 0.4225
vn 0.0150 -0.7691 0.6390
vn 0.0481 -0.7269 0.6850
vn 0.7111 -0.6695 0.2148
vn 0.7730 -0.6200 0.1342
vn 0.6558 -0.7519 0.0675
vn 0.8408 0.2157 0.4965
vn 0.8938 0.3822 0.2345
vn 0.9426 0.2145 0.2559
vn 0.8521 -0.4303 0.2978
vn 0.8333 -0.5414 0.1113
vn 0.1151 0.2416 0.9635
vn 0.0412 -0.0064 0.9991
vn 0.0345 0.0123 0.9993
vn 0.0686 0.1592 0.9849
vn 0.0254 0.3410 0.9397
vn 0.0723 0.8620 0.5016
vn 0.1878 0.9726 0.1368
vn 0.0408 0.9956 0.0848
vn 0.1514 0.9849 0.0836
vn 0.0615 -0.9150 -0.3988
vn 0.0361 -0.8844 -0.4653
vn 0.0179 -0.9543 -0.2982
vn 0.3299 -0.9173 -0.2232
vn 0.8577 -0.4373 -0.2705
vn 0.7028 -0.7057 -0.0893
vn 0.8411 -0.5218 -0.1425
vn 0.9507 -0.2816 -0.1301
vn 0.9756 0.0356 -0.2164
vn -0.0679 -0.0204 0.9975
vn 0.0026 0.0314 0.9995
vn -0.0128 0.0300 0.9995
vn -0.0965 -0.1414 0.9852
vn -0.2496 -0.5591 0.7907
vn -0.2041 -0.2081 0.9566
vn -0.0189 0.0133 0.9997
vn -0.0607 0.7749 0.6291
vn -0.0558 0.8909 0.4508
vn -0.5868 0.1790 0.7897
vn -0.1191 0.7187 -0.6850
vn -0.2345 0.7726 -0.5900
vn -0.1801 -0.0206 -0.9834
vn -0.0276 0.0301 -0.9992
vn -0.0401 0.0743 -0.9964
vn -0.6536 -0.0190 -0.7566
vn -0.5609 -0.0407 -0.8269
vn -0.2353 -0.1305 -0.9631
vn -0.0650 -0.0790 -0.9948
vn -0.0281 -0.0062 -0.9996
vn -0.0746 -0.1396 -0.9874
vn 0.9325 0.3559 0.0619
vn 0.9614 0.2612 -0.0864
vn 0.8939 0.4163 0.1661
vn 0.4939 0.8211 -0.2861
vn 0.2314 0.8491 -0.4749
vn -0.6488 0.6776 -0.3463
vn 0.1109 0.7219 -0.6831
vn 0.2627 0.7338 -0.6265
vn -0.5564 -0.7313 0.3944
vn -0.5011 -0.7238 0.4744
vn -0.4451 -0.8224 0.3543
vn -0.4891 -0.8296 0.2693
vn -0.8268 0.5527 0.1046
vn -0.8290 0.5571 0.0488
vn -0.8291 0.5577 0.0388
vn -0.9811 -0.1763 0.0793
vn -0.9473 -0.3114 0.0754
vn -0.9442 -0.3227 0.0660
vn -0.9765 -0.1965 0.0884
vn -0.9955 -0.0914 0.0261
vn -0.9960 -0.0868 0.0210
vn -0.0104 -0.0020 0.9999
vn -0.0073 0.0010 1.0000
vn -0.0058 0.0001 1.0000
vn -0.0135 -0.0017 0.9999
vn -0.0188 -0.0064 0.9998
vn -0.0133 -0.0020 0.9999
vn -0.0313 -0.0050 0.9995
vn 0.9881 -0.1425 0.0577
vn 0.9870 -0.1488 0.0603
vn 0.9863 -0.1530 0.0620
vn 0.7466 0.3731 -0.5509
vn -0.3766 -0.0307 -0.9259
vn -0.3212 -0.1310 -0.9379
vn -0.3305 -0.1147 -0.9368
vn -0.9670 0.2254 -0.1186
vn -0.9892 0.1466 -0.0092
vn -0.9879 0.1539 -0.0192
vn -0.7601 0.0095 -0.6497
vn -0.9316 -0.3445 -0.1157
vn -0.9276 -0.3604 -0.0980
vn -0.9439 -0.3098 -0.1140
vn -0.9449 -0.3116 -0.1000
vn -0.8542 -0.5185 -0.0386
vn -0.8449 -0.5337 -0.0368
vn -0.6310 -0.7282 -0.2673
vn -0.5489 -0.8087 -0.2114
vn -0.4415 -0.8446 -0.3029
vn -0.5306 -0.7575 -0.3802
vn -0.0116 -0.0096 -0.9999
vn -0.0104 -0.0058 -0.9999
vn -0.0179 -0.0233 -0.9996
vn -0.0107 -0.0062 -0.9999
vn -0.0057 -0.0032 -1.0000
vn -0.0199 -0.0113 -0.9997
vn -0.2727 -0.9559 -0.1087
vn -0.1681 -0.9758 -0.1402
vn -0.0885 -0.9606 -0.2636
vn -0.2191 -0.9325 -0.2871
vn 0.3873 0.7287 -0.5649
vn 0.2457 0.8671 -0.4334
vn -0.2600 0.4997 -0.8263
vn -0.7597 0.6476 0.0594
vn -0.6830 0.7305 -0.0021
vn -0.6907 0.7232 0.0037
vn 0.1395 -0.1940 -0.9710
vn -0.1927 -0.2248 -0.9552
vn -0.1487 -0.2279 -0.9623
vn 0.1786 -0.1859 -0.9662
vn 0.3732 -0.1398 -0.9171
vn -0.9923 -0.0513 0.1125
vn -0.9946 0.0100 0.1031
vn -0.9946 0.0130 0.1027
vn -0.1119 -0.9839 -0.1391
vn -0.0337 -0.9133 -0.4059
vn -0.0423 -0.9578 -0.2841
vn -0.1387 0.9608 0.2400
vn -0.0759 0.9868 0.1430
vn -0.0780 0.9900 0.1173
vn -0.0609 0.9760 0.2093
vn 0.0848 0.1112 0.9902
vn 0.0630 0.1580 0.9854
vn 0.1247 0.0496 0.9910
vn 0.2061 0.0132 0.9784
vn 0.9822 0.1336 0.1318
vn 0.9375 0.0497 0.3445
vn 0.9705 0.0828 0.2266
vn 0.0171 0.9840 0.1772
vn -0.0837 0.9910 0.1043
vn 0.0356 0.2155 0.9759
vn 0.0191 0.1023 0.9946
vn -0.9229 0.3532 0.1531
vn -0.9296 0.3614 0.0720
vn -0.9293 0.3608 0.0788
vn 0.3627 -0.1205 0.9241
vn 0.1915 -0.0644 0.9794
vn 0.2424 -0.9324 0.2681
vn 0.0239 -0.9852 0.1697
vn -0.0790 -0.9921 0.0973
vn 0.1718 -0.9723 0.1582
vn 0.8729 -0.0132 0.4877
vn 0.9832 0.0087 0.1822
vn -0.9641 -0.2529 0.0809
vn -0.9728 -0.2295 0.0316
vn -0.9721 -0.2317 0.0363
vn -0.1803 -0.9812 0.0691
vn -0.2800 -0.9595 0.0324
vn 0.0038 -0.0028 1.0000
vn 0.2049 0.0445 0.9778
vn 0.1408 0.0364 0.9894
vn 0.2461 0.0421 0.9683
vn 0.3428 0.0416 0.9385
vn 0.0510 0.7289 0.6827
vn 0.0559 0.5387 0.8407
vn 0.0349 0.4711 0.8814
vn 0.0181 0.4430 0.8963
vn 0.0051 0.0738 0.9973
vn 0.0282 0.1086 0.9937
vn 0.0024 0.0055 1.0000
vn -0.0017 0.0046 1.0000
vn 0.0097 0.0924 0.9957
vn 0.8218 0.0417 0.5683
vn 0.8053 0.0206 0.5925
vn 0.8038 0.0186 0.5947
vn 0.0583 0.0097 0.9983
vn 0.0347 0.0051 0.9994
vn 0.0161 0.0084 0.9998
vn 0.0031 0.0024 1.0000
vn -0.0341 0.0586 0.9977
vn -0.0331 0.0243 0.9992
vn -0.0080 0.0165 0.9998
vn -0.0164 0.0559 0.9983
vn -0.0418 0.1389 0.9894
vn -0.0550 0.1129 0.9921
vn -0.0797 0.0493 0.9956
vn -0.2845 0.0833 -0.9550
vn -0.2289 0.0405 -0.9726
vn -0.4600 0.0705 -0.8851
vn -0.6369 0.2331 -0.7349
vn -0.0497 0.0468 -0.9977
vn -0.0044 0.0015 -1.0000
vn -0.2406 0.2410 -0.9402
vn -0.5215 0.5716 -0.6335
vn -0.1040 0.2603 -0.9599
vn -0.0455 0.1392 -0.9892
vn 0.0040 0.0182 -0.9998
vn -0.7917 0.3815 -0.4771
vn -0.8311 0.4964 -0.2506
vn -0.6500 0.7180 -0.2489
vn -0.8430 0.2503 -0.4762
vn -0.8449 0.2772 -0.4574
vn -0.8741 0.3507 -0.3360
vn -0.8000 0.2765 -0.5326
vn -0.9026 0.2743 -0.3318
vn -0.9593 0.2491 -0.1329
vn -0.9002 0.4177 -0.1232
vn -0.8151 0.5764 -0.0577
vn -0.7629 0.6303 0.1440
vn -0.6034 0.7640 0.2287
vn -0.6528 0.7575 -0.0115
vn -0.8819 0.4671 0.0636
vn -0.8353 0.5032 0.2214
vn -0.6582 0.6816 0.3197
vn -0.9690 0.2449 0.0324
vn -0.9477 0.2364 0.2145
vn -0.9937 0.1065 0.0353
vn -0.9679 0.0873 0.2355
vn -0.8325 0.0588 0.5509
vn -0.8060 0.2007 0.5569
vn -0.7927 0.5324 0.2969
vn -0.4514 0.4132 0.7909
vn -0.3576 0.3059 0.8824
vn -0.2500 0.4540 0.8552
vn -0.4799 0.6594 0.5787
vn -0.4586 0.1210 0.8804
vn -0.7023 0.0356 0.7110
vn -0.1675 0.0304 0.9854
vn -0.1223 0.0193 0.9923
vn -0.1598 0.0517 0.9858
vn -0.1570 0.1326 0.9786
vn -0.1071 0.2322 0.9668
vn -0.0719 0.0177 0.9973
vn -0.0547 0.0051 0.9985
vn -0.0197 -0.0003 0.9998
vn -0.0243 0.0069 0.9997
vn -0.0072 -0.0002 1.0000
vn -0.0064 0.0036 1.0000
vn -0.0035 0.0006 1.0000
vn -0.0037 0.0030 1.0000
vn -0.0063 0.0110 0.9999
vn -0.0174 0.0381 0.9991
vn -0.0026 0.0016 1.0000
vn -0.0054 0.0049 1.0000
vn -0.0143 0.0165 0.9998
vn -0.0402 0.0513 0.9979
vn -0.0457 0.1003 0.9939
vn -0.0014 0.0016 1.0000
vn -0.0045 0.0043 1.0000
vn -0.0160 0.0147 0.9998
vn -0.0500 0.0543 0.9973
vn -0.0939 0.1396 0.9857
vn 0.0008 0.0021 1.0000
vn 0.0010 0.0036 1.0000
vn -0.0017 0.0126 0.9999
vn -0.0069 0.0235 0.9997
vn -0.0827 0.0920 0.9923
vn 0.0020 0.0067 1.0000
vn 0.0039 0.0117 0.9999
vn -0.0010 0.2199 0.9755
vn -0.0080 0.4492 0.8934
vn -0.0445 0.7871 0.6152
vn -0.0365 0.5967 0.8016
vn 0.0018 0.0169 0.9999
vn -0.0020 0.1158 0.9933
vn -0.0062 0.2337 0.9723
vn -0.0001 0.0580 0.9983
vn -0.0023 0.0987 0.9951
vn -0.0006 0.8795 0.4759
vn 0.0091 0.7849 0.6196
vn 0.0043 0.9151 0.4033
vn -0.0032 0.9501 0.3118
vn -0.0190 0.9585 0.2843
vn -0.0217 0.9121 0.4093
vn -0.0023 0.9986 0.0534
vn -0.0106 0.9982 0.0593
vn -0.0239 0.9957 0.0890
vn -0.0387 0.9541 0.2968
vn -0.0528 0.9897 0.1334
vn -0.0781 0.9380 0.3378
vn -0.1117 0.7828 0.6122
vn -0.1202 0.6393 0.7595
vn -0.1615 0.8984 0.4083
vn -0.1797 0.7316 0.6576
vn -0.1601 0.4172 0.8946
vn -0.2677 0.6819 0.6807
vn -0.1828 0.4393 0.8795
vn -0.0989 0.2153 0.9715
vn -0.2209 0.4696 0.8548
vn -0.0930 0.2556 0.9623
vn -0.3833 0.6624 0.6437
vn -0.3190 0.8246 0.4672
vn -0.5073 0.7357 0.4488
vn -0.3451 0.9068 0.2422
vn -0.1434 0.9706 0.1936
vn -0.1287 0.9885 -0.0799
vn -0.3574 0.9336 -0.0256
vn -0.1138 0.8956 -0.4300
vn -0.3257 0.8777 -0.3514
vn -0.1033 0.7935 -0.5998
vn -0.2715 0.7998 -0.5353
vn -0.0339 0.8830 -0.4681
vn -0.0323 0.7679 -0.6398
vn -0.0335 0.1521 -0.9878
vn -0.0121 0.1009 -0.9948
vn -0.0078 0.0681 -0.9976
vn -0.0142 0.0959 -0.9953
vn -0.0016 0.0240 -0.9997
vn 0.0038 0.0243 -0.9997
vn 0.0004 0.0098 -1.0000
vn 0.0010 0.0086 -1.0000
vn 0.0006 0.0045 -1.0000
vn -0.0005 0.0032 -1.0000
vn -0.0028 0.0014 -1.0000
vn -0.0080 -0.0031 -1.0000
vn -0.0046 0.0001 -1.0000
vn -0.0126 -0.0023 -0.9999
vn -0.0606 0.0052 -0.9982
vn -0.1143 0.0234 -0.9932
vn -0.3381 0.0695 -0.9385
vn -0.2507 0.0612 -0.9661
vn -0.7257 0.2523 -0.6401
vn -0.7717 0.1503 -0.6179
vn -0.2223 0.0089 -0.9749
vn -0.3763 0.0173 -0.9263
vn -0.9228 0.0252 -0.3844
vn -0.9607 0.0303 -0.2761
vn -0.9489 0.1585 -0.2728
vn -0.9954 0.0333 -0.0900
vn -0.9869 0.1268 -0.0994
vn -0.9983 0.0257 0.0530
vn -0.9941 -0.0038 -0.1082
vn -0.9981 -0.0030 0.0616
vn -0.9573 -0.0048 0.2891
vn -0.9640 0.0115 0.2656
vn -0.7825 -0.0072 0.6226
vn -0.8172 0.0002 0.5764
vn -0.6120 -0.0080 0.7908
vn -0.6831 -0.0037 0.7304
vn -0.1230 0.0158 0.9923
vn -0.0875 0.0061 0.9961
vn -0.0601 0.0040 0.9982
vn -0.0881 0.0095 0.9961
vn -0.0271 0.0012 0.9996
vn -0.0389 0.0017 0.9992
vn -0.0143 -0.0000 0.9999
vn -0.0172 -0.0004 0.9999
vn -0.0066 -0.0000 1.0000
vn -0.0075 -0.0000 1.0000
vn -0.0027 -0.0000 1.0000
vn -0.0033 0.0002 1.0000
vn -0.0003 -0.0003 1.0000
vn -0.0010 0.0001 1.0000
vn -0.0015 0.0004 1.0000
vn 0.0001 -0.0003 1.0000
vn -0.0002 0.0001 1.0000
vn -0.0005 0.0005 1.0000
vn 0.0003 -0.0004 1.0000
vn 0.0002 0.0004 1.0000
vn 0.0004 0.0012 1.0000
vn 0.0002 -0.0000 1.0000
vn 0.0004 0.0018 1.0000
vn 0.0009 0.0039 1.0000
vn 0.0001 0.0014 1.0000
vn 0.0003 0.0045 1.0000
vn 0.0007 0.0091 1.0000
vn -0.0000 0.0034 1.0000
vn 0.0003 0.0178 0.9998
vn 0.0002 0.0093 1.0000
vn 0.0012 0.0276 0.9996
vn 0.0056 0.0788 0.9969
vn 0.0090 0.1133 0.9935
vn -0.0074 0.0339 0.9994
vn -0.0243 0.1041 0.9943
vn -0.0818 0.3426 0.9359
vn -0.1127 0.5551 0.8241
vn 0.0022 0.6849 0.7286
vn 0.0012 0.6780 0.7350
vn -0.0410 0.0749 0.9963
vn -0.1220 0.2300 0.9655
vn -0.1784 0.3391 0.9237
vn -0.0480 0.1269 0.9908
vn -0.1486 0.4455 0.8829
vn -0.3848 0.7424 0.5484
vn -0.2471 0.8146 0.5247
vn -0.4213 0.8107 0.4067
vn -0.2568 0.9426 0.2136
vn -0.2485 0.9146 0.3189
vn -0.4568 0.8796 0.1332
vn -0.5084 0.8557 0.0962
vn -0.0024 0.9953 -0.0972
vn -0.0028 0.9921 -0.1253
vn -0.0040 0.9959 0.0908
vn -0.0059 0.9799 0.1993
vn -0.0009 0.9879 -0.1550
vn -0.0007 0.9972 0.0751
vn -0.0007 0.9853 -0.1706
vn -0.0005 0.9608 -0.2773
vn -0.0001 0.9565 -0.2918
vn -0.0013 0.9574 -0.2887
vn -0.0037 0.9858 -0.1677
vn -0.0028 0.8599 -0.5104
vn -0.0113 0.9890 -0.1472
vn -0.0391 0.9919 -0.1212
vn 0.0031 0.6504 -0.7596
vn 0.0033 0.6582 -0.7528
vn 0.0010 0.7124 -0.7018
vn -0.0031 0.0822 -0.9966
vn -0.0005 0.0654 -0.9979
vn -0.0000 0.0447 -0.9990
vn -0.0028 0.0536 -0.9986
vn -0.0000 0.0158 -0.9999
vn -0.0012 0.0186 -0.9998
vn -0.0002 0.0084 -1.0000
vn 0.0001 0.0094 -1.0000
vn -0.0001 0.0044 -1.0000
vn 0.0003 0.0048 -1.0000
vn 0.0004 0.0042 -1.0000
vn 0.0002 0.0020 -1.0000
vn -0.0000 0.0016 -1.0000
vn -0.0013 0.0010 -1.0000
vn -0.0003 0.0003 -1.0000
vn -0.0018 0.0001 -1.0000
vn -0.0054 -0.0002 -1.0000
vn -0.0022 -0.0003 -1.0000
vn -0.0058 -0.0005 -1.0000
vn -0.0139 -0.0007 -0.9999
vn -0.0141 -0.0005 -0.9999
vn -0.0388 -0.0005 -0.9992
vn -0.0450 -0.0001 -0.9990
vn -0.1528 0.0075 -0.9882
vn -0.0321 -0.0003 -0.9995
vn -0.0976 0.0032 -0.9952
vn -0.1457 0.0054 -0.9893
vn -0.2452 0.0151 -0.9694
vn -0.8965 -0.0061 -0.4429
vn -0.8588 -0.0126 -0.5122
vn -0.9282 -0.0088 -0.3721
vn -0.9471 -0.0058 -0.3209
vn -0.9926 -0.0050 -0.1217
vn -0.9053 -0.0048 -0.4248
vn -0.9924 -0.0035 -0.1229
vn -0.9963 -0.0060 0.0858
vn -0.9975 -0.0065 0.0700
vn -0.9467 -0.0059 0.3221
vn -0.9516 -0.0072 0.3071
vn -0.8911 -0.0043 0.4539
vn -0.7334 -0.0053 0.6798
vn -0.3908 -0.0001 0.9205
vn -0.2135 0.0006 0.9769
vn -0.2869 -0.0006 0.9580
vn -0.0294 0.0006 0.9996
vn -0.0409 0.0015 0.9992
vn -0.0150 0.0002 0.9999
vn -0.0194 0.0003 0.9998
vn -0.0077 -0.0000 1.0000
vn -0.0108 -0.0002 0.9999
vn -0.0027 -0.0004 1.0000
vn -0.0051 -0.0003 1.0000
vn 0.0027 -0.0012 1.0000
vn -0.0011 -0.0005 1.0000
vn 0.0140 -0.0062 0.9999
vn 0.0025 -0.0014 1.0000
vn 0.2632 -0.0235 0.9644
vn 0.0423 -0.0097 0.9991
vn 0.0029 -0.0031 1.0000
vn 0.1170 -0.1001 0.9881
vn 0.0121 -0.0228 0.9997
vn 0.0012 -0.0028 1.0000
vn 0.0065 -0.0697 0.9975
vn 0.0013 -0.0087 1.0000
vn 0.0005 -0.0023 1.0000
vn -0.0003 -0.0145 0.9999
vn 0.0001 -0.0050 1.0000
vn 0.0001 -0.0011 1.0000
vn -0.0004 -0.0057 1.0000
vn -0.0001 -0.0020 1.0000
vn -0.0000 0.0004 1.0000
vn 0.0001 -0.0026 1.0000
vn -0.0000 -0.0001 1.0000
vn -0.0000 0.0029 1.0000
vn -0.0002 0.0002 1.0000
vn -0.0006 0.0032 1.0000
vn -0.0023 0.0105 0.9999
vn -0.0013 0.0026 1.0000
vn -0.0040 0.0077 1.0000
vn -0.0127 0.0230 0.9997
vn -0.0015 0.0042 1.0000
vn -0.0036 0.0111 0.9999
vn -0.0128 0.0349 0.9993
vn 0.0001 0.0106 0.9999
vn -0.0003 0.0253 0.9997
vn -0.0030 0.0825 0.9966
vn -0.0081 0.3916 0.9201
vn 0.0083 0.0251 0.9997
vn 0.0313 0.0901 0.9954
vn 0.1159 0.3928 0.9123
vn 0.1513 0.5936 0.7904
vn -0.0163 0.6001 0.7998
vn 0.0808 0.1571 0.9843
vn 0.2425 0.4601 0.8541
vn 0.3999 0.7627 0.5084
vn 0.1486 0.5748 0.8047
vn 0.2330 0.8717 0.4312
vn 0.5442 0.8259 0.1475
vn 0.4537 0.8787 0.1486
vn 0.2351 0.9612 0.1443
vn 0.2424 0.9241 0.2953
vn 0.4523 0.8854 -0.1075
vn 0.2286 0.9635 -0.1395
vn -0.0145 0.9879 -0.1541
vn -0.0150 0.9907 0.1356
vn -0.0109 0.9621 0.2726
vn -0.2709 0.9439 -0.1889
vn -0.2753 0.9497 0.1492
vn -0.4471 0.8662 -0.2231
vn -0.2660 0.8753 -0.4038
vn -0.4117 0.7972 -0.4416
vn -0.2073 0.8245 -0.5265
vn -0.2592 0.9116 -0.3192
vn -0.0108 0.7162 -0.6979
vn -0.0091 0.8848 -0.4659
vn 0.0011 0.6217 -0.7833
vn 0.0006 0.6254 -0.7803
vn -0.0008 0.0421 -0.9991
vn 0.0090 0.1048 -0.9945
vn 0.0043 0.0631 -0.9980
vn -0.0004 0.0316 -0.9995
vn -0.0001 0.0368 -0.9993
vn -0.0004 0.0496 -0.9988
vn 0.0025 0.6242 -0.7812
vn 0.0024 0.6206 -0.7841
vn -0.0001 0.0149 -0.9999
vn 0.0001 0.0158 -0.9999
vn -0.0001 0.0064 -1.0000
vn -0.0001 0.0073 -1.0000
vn -0.0001 0.0027 -1.0000
vn -0.0001 0.0034 -1.0000
vn -0.0000 0.0004 -1.0000
vn -0.0000 0.0010 -1.0000
vn -0.0000 0.0017 -1.0000
vn 0.0002 -0.0010 -1.0000
vn 0.0002 0.0001 -1.0000
vn 0.0001 0.0005 -1.0000
vn 0.0009 -0.0017 -1.0000
vn 0.0002 -0.0003 -1.0000
vn -0.0005 -0.0002 -1.0000
vn 0.0013 -0.0012 -1.0000
vn -0.0004 -0.0004 -1.0000
vn -0.0023 -0.0003 -1.0000
vn 0.0011 -0.0007 -1.0000
vn -0.0018 -0.0004 -1.0000
vn -0.0056 -0.0004 -1.0000
vn -0.0059 -0.0005 -1.0000
vn -0.0118 -0.0006 -0.9999
vn -0.0130 -0.0006 -0.9999
vn -0.0270 -0.0008 -0.9996
vn -0.0115 -0.0004 -0.9999
vn -0.0240 -0.0005 -0.9997
vn -0.0664 -0.0004 -0.9978
vn -0.0741 -0.0017 -0.9973
vn -0.0993 -0.0003 -0.9951
vn -0.1099 -0.0022 -0.9939
vn -0.8055 -0.0075 -0.5925
vn -0.7477 -0.0036 -0.6640
vn -0.8818 -0.0015 -0.4717
vn -0.6929 -0.0016 -0.7210
vn -0.6866 -0.0016 -0.7270
vn -0.9664 0.0008 -0.2569
vn -0.9916 0.0010 -0.1290
vn -0.9926 -0.0001 -0.1214
vn -0.9949 0.0018 0.1013
vn -0.9950 -0.0013 0.1000
vn -0.9411 0.0024 0.3381
vn -0.9431 -0.0014 0.3326
vn -0.8827 0.0024 0.4699
vn -0.8872 -0.0007 0.4614
vn -0.2936 0.0015 0.9559
vn -0.2353 0.0007 0.9719
vn -0.1321 0.0001 0.9912
vn -0.1608 0.0007 0.9870
vn -0.0228 -0.0003 0.9997
vn -0.0238 -0.0001 0.9997
vn -0.0125 -0.0001 0.9999
vn -0.0130 -0.0002 0.9999
vn -0.0057 -0.0000 1.0000
vn -0.0061 -0.0002 1.0000
vn -0.0002 -0.0000 1.0000
vn -0.0008 -0.0002 1.0000
vn 0.0078 0.0001 1.0000
vn 0.0065 -0.0004 1.0000
vn 0.0390 0.0007 0.9992
vn 0.0315 -0.0041 0.9995
vn 0.0641 0.0014 0.9979
vn 0.0494 -0.0081 0.9987
vn 0.6445 -0.0192 0.7644
vn 0.6785 -0.0041 0.7346
vn 0.6745 -0.0054 0.7383
vn 0.3867 -0.0229 0.9219
vn 0.3015 -0.1110 0.9470
vn 0.0780 -0.0178 0.9968
vn 0.0881 -0.2085 0.9741
vn 0.0454 -0.2592 0.9648
vn 0.0059 -0.2737 0.9618
vn -0.0008 -0.3818 0.9242
vn -0.0070 -0.1187 0.9929
vn 0.0053 -0.4515 0.8922
vn -0.0038 -0.1454 0.9894
vn -0.0014 -0.0152 0.9999
vn -0.0035 -0.1205 0.9927
vn 0.0008 -0.0169 0.9999
vn 0.0003 -0.0066 1.0000
vn 0.0008 -0.0192 0.9998
vn 0.0003 -0.0074 1.0000
vn 0.0001 -0.0025 1.0000
vn -0.0002 -0.0049 1.0000
vn -0.0000 -0.0011 1.0000
vn -0.0003 0.0004 1.0000
vn -0.0000 -0.0003 1.0000
vn -0.0001 0.0003 1.0000
vn -0.0006 0.0014 1.0000
vn -0.0000 0.0002 1.0000
vn -0.0000 0.0012 1.0000
vn 0.0001 0.0041 1.0000
vn 0.0005 0.0014 1.0000
vn 0.0017 0.0048 1.0000
vn 0.0048 0.0132 0.9999
vn 0.0029 0.0062 1.0000
vn 0.0080 0.0170 0.9998
vn 0.0139 0.0288 0.9995
vn 0.0029 0.0141 0.9999
vn 0.0047 0.0248 0.9997
vn 0.0391 0.1760 0.9836
vn -0.0031 0.0093 1.0000
vn -0.0019 0.1798 0.9837
vn 0.0006 0.3574 0.9340
vn 0.0012 0.2926 0.9562
vn -0.0001 0.5101 0.8601
vn 0.0017 0.8551 0.5185
vn -0.0011 0.9045 0.4265
vn -0.0013 0.9643 0.2649
vn 0.0008 0.9356 0.3530
vn -0.0011 0.9994 0.0359
vn 0.0018 0.9973 0.0734
vn 0.0079 0.9967 0.0805
vn -0.0032 0.9889 -0.1486
vn 0.0034 0.9939 -0.1100
vn 0.0131 0.9951 -0.0984
vn 0.0070 0.9384 -0.3456
vn 0.0163 0.9584 -0.2848
vn 0.5581 0.8255 -0.0841
vn 0.5545 0.8147 -0.1695
vn 0.4460 0.8688 -0.2149
vn 0.2561 0.4625 -0.8488
vn 0.3677 0.5427 -0.7552
vn 0.1702 0.3375 -0.9258
vn 0.1699 0.2968 -0.9397
vn 0.0545 0.2201 -0.9739
vn 0.0931 0.3730 -0.9231
vn 0.2215 0.9356 -0.2751
vn -0.0004 0.1836 -0.9830
vn 0.0060 0.3160 -0.9487
vn -0.0198 0.9505 -0.3102
vn -0.0294 0.1195 -0.9924
vn -0.0458 0.2119 -0.9762
vn -0.0015 0.0248 -0.9997
vn -0.0029 0.0177 -0.9998
vn -0.0132 0.0214 -0.9997
vn -0.0562 0.1012 -0.9933
vn -0.0857 0.1685 -0.9820
vn -0.0077 0.0322 -0.9995
vn -0.0270 0.1018 -0.9944
vn -0.0651 0.1748 -0.9824
vn 0.0011 0.0240 -0.9997
vn -0.0025 0.0109 -0.9999
vn 0.0003 0.0087 -1.0000
vn -0.0008 0.0037 -1.0000
vn 0.0001 0.0032 -1.0000
vn -0.0003 0.0011 -1.0000
vn -0.0000 0.0006 -1.0000
vn -0.0002 -0.0005 -1.0000
vn -0.0001 -0.0017 -1.0000
vn -0.0000 -0.0020 -1.0000
vn -0.0005 -0.0062 -1.0000
vn 0.0002 -0.0074 -1.0000
vn 0.0009 -0.0048 -1.0000
vn 0.0020 -0.0569 -0.9984
vn 0.0088 -0.0344 -0.9994
vn 0.0073 -0.0099 -0.9999
vn 0.0612 -0.1106 -0.9920
vn 0.0388 -0.0261 -0.9989
vn 0.0062 -0.0026 -1.0000
vn 0.0827 -0.0099 -0.9965
vn 0.0063 0.0008 -1.0000
vn 0.0013 0.0003 -1.0000
vn 0.0018 0.0011 -1.0000
vn 0.0001 0.0003 -1.0000
vn -0.0019 0.0001 -1.0000
vn -0.0017 0.0001 -1.0000
vn -0.0050 -0.0000 -1.0000
vn -0.0055 -0.0001 -1.0000
vn -0.0104 0.0001 -0.9999
vn -0.0043 -0.0000 -1.0000
vn -0.0093 -0.0000 -1.0000
vn -0.0201 -0.0002 -0.9998
vn -0.0211 0.0003 -0.9998
vn -0.0568 -0.0006 -0.9984
vn -0.0589 0.0003 -0.9983
vn -0.0860 -0.0011 -0.9963
vn -0.0884 0.0001 -0.9961
vn -0.0649 -0.0017 -0.9979
vn -0.3624 -0.0017 -0.9320
vn -0.6490 -0.0014 -0.7608
vn -0.5929 -0.0003 -0.8053
vn -0.6448 -0.0014 -0.7643
vn -0.9639 -0.0011 -0.2662
vn -0.9626 0.0052 -0.2710
vn -0.9887 0.0054 -0.1495
vn -0.9898 -0.0008 -0.1421
vn -0.9966 0.0044 0.0825
vn -0.9960 0.0002 0.0890
vn -0.9372 0.0013 0.3487
vn -0.9403 0.0004 0.3403
vn -0.8663 -0.0010 0.4994
vn -0.8780 -0.0001 0.4786
vn -0.2274 -0.0007 0.9738
vn -0.2885 -0.0005 0.9575
vn -0.1561 0.0014 0.9877
vn -0.1290 -0.0002 0.9916
vn -0.0169 0.0025 0.9999
vn -0.0231 0.0003 0.9997
vn -0.0092 0.0013 1.0000
vn -0.0127 0.0002 0.9999
vn -0.0055 0.0002 1.0000
vn 0.0008 0.0002 1.0000
vn 0.0002 0.0001 1.0000
vn 0.0080 0.0002 1.0000
vn 0.0082 -0.0000 1.0000
vn 0.0360 0.0005 0.9994
vn 0.0385 -0.0000 0.9993
vn 0.0590 0.0008 0.9983
vn 0.0630 0.0001 0.9980
vn 0.6813 0.0014 0.7320
vn 0.6764 0.0001 0.7365
vn 0.6763 0.0003 0.7366
vn 0.6838 0.0009 0.7297
vn 0.1442 0.0044 0.9895
vn 0.1596 0.0004 0.9872
vn 0.0925 0.0006 0.9957
vn 0.0791 0.0028 0.9969
vn 0.0568 0.0001 0.9984
vn 0.1078 0.0017 0.9942
vn 0.0092 0.0006 1.0000
vn 0.0070 -0.0003 1.0000
vn 0.0063 -0.0041 1.0000
vn 0.0001 -0.0000 1.0000
vn -0.0005 -0.0071 1.0000
vn -0.0003 -0.0152 0.9999
vn 0.0200 -0.6088 0.7931
vn -0.0002 -0.0118 0.9999
vn -0.0004 -0.0225 0.9997
vn 0.0101 -0.6873 0.7263
vn 0.0024 -0.4938 0.8695
vn 0.0188 -0.7438 0.6681
vn 0.0209 -0.7448 0.6670
vn -0.0043 -0.1321 0.9912
vn -0.0006 -0.0714 0.9974
vn -0.0002 -0.0733 0.9973
vn -0.0007 -0.0475 0.9989
vn -0.0007 -0.0140 0.9999
vn -0.0001 -0.0410 0.9992
vn -0.0001 -0.0097 1.0000
vn -0.0001 -0.0025 1.0000
vn 0.0002 -0.0095 1.0000
vn -0.0000 -0.0002 1.0000
vn -0.0000 -0.0032 1.0000
vn 0.0001 0.0002 1.0000
vn -0.0000 -0.0010 1.0000
vn 0.0002 0.0002 1.0000
vn 0.0010 0.0021 1.0000
vn 0.0001 -0.0001 1.0000
vn 0.0003 0.0020 1.0000
vn 0.0011 0.0058 1.0000
vn -0.0003 0.0007 1.0000
vn -0.0007 0.0023 1.0000
vn -0.0015 0.0054 1.0000
vn -0.0005 -0.0016 1.0000
vn -0.0009 -0.0020 1.0000
vn 0.0004 0.0357 0.9994
vn 0.0007 0.0099 1.0000
vn 0.0006 0.1604 0.9870
vn -0.0016 0.3131 0.9497
vn 0.0007 0.3769 0.9263
vn 0.0017 0.5709 0.8210
vn -0.0015 0.7397 0.6729
vn -0.0056 0.9127 0.4087
vn -0.0023 0.9676 0.2526
vn -0.0034 0.8905 0.4550
vn 0.0004 0.9984 0.0571
vn -0.0023 0.9911 0.1331
vn -0.0008 0.9954 -0.0962
vn 0.0007 0.9997 -0.0239
vn 0.0028 0.9588 -0.2842
vn 0.0004 0.9782 -0.2079
vn 0.0088 0.9269 -0.3752
vn -0.0011 0.9484 -0.3171
vn -0.0025 0.8751 -0.4839
vn -0.0055 0.5174 -0.8557
vn -0.0028 0.3101 -0.9507
vn -0.0006 0.7170 -0.6971
vn 0.0104 0.8704 -0.4922
vn -0.0018 0.2056 -0.9786
vn 0.0021 0.1300 -0.9915
vn 0.0010 0.0892 -0.9960
vn -0.0004 0.1402 -0.9901
vn 0.0388 0.1640 -0.9857
vn 0.0195 0.9206 -0.3901
vn 0.0004 0.0559 -0.9984
vn 0.0163 0.0664 -0.9977
vn 0.0217 0.0374 -0.9991
vn 0.0522 0.0832 -0.9952
vn 0.0035 0.0116 -0.9999
vn 0.0069 0.0248 -0.9997
vn -0.0006 0.0105 -0.9999
vn 0.0016 0.0050 -1.0000
vn -0.0003 0.0040 -1.0000
vn -0.0007 0.0028 -1.0000
vn -0.0015 0.0073 -1.0000
vn -0.0015 0.0027 -1.0000
vn -0.0045 0.0079 -1.0000
vn -0.0002 0.0009 -1.0000
vn -0.0005 0.0010 -1.0000
vn -0.0000 0.0001 -1.0000
vn -0.0001 0.0001 -1.0000
vn -0.0000 -0.0002 -1.0000
vn 0.0001 -0.0009 -1.0000
vn -0.0003 -0.0029 -1.0000
vn 0.0006 -0.0069 -1.0000
vn -0.0018 -0.0197 -0.9998
vn -0.0040 -0.0461 -0.9989
vn 0.0145 -0.2958 -0.9551
vn 0.0024 -0.2951 -0.9555
vn 0.0282 -0.2256 -0.9738
vn 0.0067 -0.2423 -0.9702
vn 0.0686 -0.1633 -0.9842
vn 0.1413 -0.0694 -0.9875
vn 0.0923 -0.0122 -0.9957
vn 0.2104 -0.0078 -0.9776
vn 0.1322 0.0028 -0.9912
vn 0.2695 -0.0081 -0.9630
vn 0.1731 -0.0014 -0.9849
vn 0.0027 -0.0010 -1.0000
vn 0.1971 -0.0010 -0.9804
vn 0.0084 -0.0010 -1.0000
vn 0.0031 -0.0003 -1.0000
vn 0.0010 -0.0004 -1.0000
vn -0.0001 -0.0001 -1.0000
vn -0.0010 -0.0002 -1.0000
vn -0.0039 -0.0001 -1.0000
vn 0.0003 -0.0001 -1.0000
vn -0.0039 -0.0000 -1.0000
vn -0.0099 -0.0000 -1.0000
vn -0.0098 -0.0002 -1.0000
vn -0.0241 -0.0001 -0.9997
vn -0.0219 -0.0004 -0.9998
vn -0.0780 -0.0011 -0.9970
vn -0.0246 -0.0001 -0.9997
vn -0.0830 -0.0004 -0.9965
vn -0.3055 -0.0000 -0.9522
vn -0.3344 -0.0008 -0.9424
vn -0.4721 0.0005 -0.8816
vn -0.5283 0.0004 -0.8491
vn -0.9552 0.0070 -0.2959
vn -0.9499 -0.0000 -0.3126
vn -0.9859 -0.0007 -0.1673
vn -0.9875 0.0070 -0.1574
vn -0.9970 -0.0012 0.0773
vn -0.9964 0.0064 0.0842
vn -0.9355 -0.0001 0.3534
vn -0.9323 0.0037 0.3617
vn -0.8531 0.0007 0.5217
vn -0.8484 0.0016 0.5293
vn -0.3785 0.0004 0.9256
vn -0.4294 0.0011 0.9031
vn -0.2190 0.0006 0.9757
vn -0.1972 0.0015 0.9804
vn 0.0011 -0.0003 1.0000
vn -0.0062 0.0019 1.0000
vn -0.0031 0.0009 1.0000
vn -0.0007 0.0004 1.0000
vn 0.0013 -0.0001 1.0000
vn 0.0016 0.0002 1.0000
vn 0.0061 0.0001 1.0000
vn 0.0073 0.0001 1.0000
vn 0.0297 0.0001 0.9996
vn 0.0319 0.0005 0.9995
vn 0.0497 -0.0001 0.9988
vn 0.0520 0.0008 0.9986
vn 0.6793 -0.0001 0.7338
vn 0.6795 0.0001 0.7337
vn 0.6793 -0.0001 0.7339
vn 0.1602 -0.0008 0.9871
vn 0.1594 -0.0005 0.9872
vn 0.0892 -0.0006 0.9960
vn 0.0921 -0.0007 0.9957
vn 0.0102 -0.0002 0.9999
vn 0.0127 -0.0003 0.9999
vn 0.0132 0.0002 0.9999
vn 0.0009 -0.0000 1.0000
vn 0.0008 -0.0000 1.0000
vn 0.0005 0.0001 1.0000
vn -0.0000 -0.0000 1.0000
vn -0.0000 0.0001 1.0000
vn -0.0003 -0.0008 1.0000
vn -0.0000 -0.0025 1.0000
vn -0.0028 -0.0347 0.9994
vn -0.0079 -0.0833 0.9965
vn 0.0001 -0.0037 1.0000
vn -0.0045 -0.0986 0.9951
vn 0.0039 -0.4807 0.8769
vn 0.0113 -0.6904 0.7234
vn -0.0015 -0.1631 0.9866
vn -0.0015 -0.4701 0.8826
vn -0.0005 -0.6012 0.7991
vn -0.0000 -0.0682 0.9977
vn -0.0001 -0.4687 0.8833
vn -0.0005 -0.5704 0.8214
vn -0.0001 -0.0600 0.9982
vn 0.0001 -0.0371 0.9993
vn 0.0015 -0.0696 0.9976
vn 0.0008 -0.0425 0.9991
vn 0.0002 -0.0117 0.9999
vn 0.0015 -0.0600 0.9982
vn 0.0002 -0.0165 0.9999
vn -0.0000 -0.0047 1.0000
vn -0.0004 -0.0207 0.9998
vn -0.0001 -0.0065 1.0000
vn -0.0000 -0.0020 1.0000
vn -0.0002 -0.0062 1.0000
vn -0.0001 -0.0021 1.0000
vn -0.0001 -0.0005 1.0000
vn -0.0000 -0.0016 1.0000
vn -0.0001 -0.0010 1.0000
vn -0.0002 -0.0012 1.0000
vn 0.0001 -0.0024 1.0000
vn -0.0000 -0.0034 1.0000
vn 0.0004 -0.0030 1.0000
vn 0.0005 -0.0040 1.0000
vn 0.0011 0.0814 0.9967
vn 0.0042 0.0128 0.9999
vn 0.0020 0.2241 0.9746
vn 0.0036 0.6042 0.7969
vn 0.0218 0.3731 0.9275
vn 0.0294 0.7636 0.6450
vn 0.0388 0.9616 0.2716
vn 0.0104 0.9062 0.4227
vn 0.0423 0.9977 0.0523
vn 0.0169 0.9926 0.1204
vn 0.0520 0.9980 -0.0351
vn 0.0260 0.9995 0.0171
vn 0.0590 0.9830 -0.1736
vn 0.0248 0.9890 -0.1456
vn 0.0538 0.9061 -0.4197
vn 0.0214 0.9301 -0.3667
vn 0.0509 0.8352 -0.5475
vn 0.0226 0.8821 -0.4705
vn -0.0114 0.1591 -0.9872
vn -0.0005 0.1109 -0.9938
vn 0.0005 0.0929 -0.9957
vn -0.0061 0.1235 -0.9923
vn -0.0056 0.1939 -0.9810
vn -0.0113 0.2937 -0.9558
vn -0.0005 0.0647 -0.9979
vn 0.0003 0.0745 -0.9972
vn 0.0003 0.0826 -0.9966
vn -0.0000 0.0250 -0.9997
vn -0.0002 0.0283 -0.9996
vn 0.0001 0.0341 -0.9994
vn 0.0001 0.0133 -0.9999
vn 0.0002 0.0156 -0.9999
vn 0.0003 0.0214 -0.9998
vn 0.0002 0.0077 -1.0000
vn 0.0001 0.0091 -1.0000
vn 0.0020 0.0089 -1.0000
vn 0.0055 0.0228 -0.9997
vn 0.0028 0.0050 -1.0000
vn 0.0074 0.0134 -0.9999
vn 0.0007 0.0017 -1.0000
vn 0.0010 0.0019 -1.0000
vn 0.0002 0.0005 -1.0000
vn -0.0000 0.0002 -1.0000
vn -0.0001 0.0012 -1.0000
vn 0.0001 0.0001 -1.0000
vn -0.0000 -0.0000 -1.0000
vn 0.0001 -0.0005 -1.0000
vn -0.0001 -0.0005 -1.0000
vn -0.0003 -0.0027 -1.0000
vn -0.0016 -0.0245 -0.9997
vn -0.0078 -0.0922 -0.9957
vn 0.0077 -0.2066 -0.9784
vn -0.0160 -0.1995 -0.9798
vn 0.0041 -0.2530 -0.9675
vn 0.0227 -0.5197 -0.8541
vn 0.0014 -0.0132 -0.9999
vn -0.0058 -0.0253 -0.9997
vn 0.0004 -0.0068 -1.0000
vn 0.0008 -0.0043 -1.0000
vn -0.0000 -0.0001 -1.0000
vn 0.0017 -0.0001 -1.0000
vn 0.1105 -0.0089 -0.9938
vn 0.0024 -0.0000 -1.0000
vn 0.1190 -0.0030 -0.9929
vn 0.3027 -0.0028 -0.9531
vn 0.1215 -0.0011 -0.9926
vn 0.3111 -0.0011 -0.9504
vn 0.2075 -0.0007 -0.9782
vn 0.3104 -0.0002 -0.9506
vn 0.2139 -0.0002 -0.9768
vn 0.0187 -0.0004 -0.9998
vn 0.0143 -0.0006 -0.9999
vn 0.0052 -0.0001 -1.0000
vn 0.0044 -0.0001 -1.0000
vn 0.0007 -0.0000 -1.0000
vn 0.0059 -0.0000 -1.0000
vn 0.0012 -0.0000 -1.0000
vn -0.0033 0.0001 -1.0000
vn -0.0038 -0.0000 -1.0000
vn -0.0085 0.0001 -1.0000
vn -0.0091 -0.0000 -1.0000
vn -0.0215 0.0004 -0.9998
vn -0.0069 0.0004 -1.0000
vn -0.0157 0.0009 -0.9999
vn -0.0540 0.0025 -0.9985
vn -0.0729 0.0016 -0.9973
vn -0.2898 0.0028 -0.9571
vn -0.2855 0.0022 -0.9584
vn -0.4776 0.0017 -0.8786
vn -0.4479 0.0019 -0.8941
vn -0.9498 -0.0036 -0.3128
vn -0.9476 -0.0045 -0.3193
vn -0.9814 -0.0039 -0.1920
vn -0.9839 -0.0031 -0.1788
vn -0.9991 -0.0023 0.0429
vn -0.9983 -0.0014 0.0586
vn -0.9589 -0.0000 0.2836
vn -0.9482 0.0022 0.3177
vn -0.9099 0.0014 0.4149
vn -0.8840 0.0047 0.4675
vn -0.4020 -0.0010 0.9157
vn -0.3219 -0.0009 0.9468
vn -0.1905 -0.0028 0.9817
vn -0.2100 -0.0034 0.9777
vn -0.0397 -0.0028 0.9992
vn -0.0120 -0.0039 0.9999
vn -0.0137 -0.0007 0.9999
vn -0.0063 -0.0013 1.0000
vn -0.0054 -0.0002 1.0000
vn -0.0027 -0.0005 1.0000
vn -0.0009 -0.0000 1.0000
vn 0.0001 -0.0002 1.0000
vn 0.0048 -0.0001 1.0000
vn 0.0049 -0.0001 1.0000
vn 0.0348 -0.0008 0.9994
vn 0.0313 -0.0006 0.9995
vn 0.0620 -0.0014 0.9981
vn 0.0548 -0.0013 0.9985
vn 0.6713 0.0017 0.7412
vn 0.6731 -0.0028 0.7396
vn 0.6776 -0.0070 0.7354
vn 0.6700 0.0024 0.7424
vn 0.1560 0.0007 0.9878
vn 0.1300 -0.0043 0.9915
vn 0.0667 -0.0047 0.9978
vn 0.0866 0.0010 0.9962
vn 0.0083 -0.0005 1.0000
vn 0.0094 0.0002 1.0000
vn 0.0007 -0.0002 1.0000
vn 0.0008 -0.0001 1.0000
vn 0.0002 -0.0001 1.0000
vn -0.0001 -0.0001 1.0000
vn -0.0000 -0.0043 1.0000
vn -0.0001 -0.0048 1.0000
vn 0.0001 -0.1890 0.9820
vn 0.0014 -0.1643 0.9864
vn 0.0018 -0.4782 0.8782
vn 0.0008 -0.6079 0.7940
vn 0.0025 -0.1171 0.9931
vn 0.0032 -0.4736 0.8807
vn 0.0015 -0.6680 0.7442
vn 0.0026 -0.1006 0.9949
vn 0.0006 -0.7258 0.6879
vn 0.0011 -0.7173 0.6968
vn -0.0022 -0.1207 0.9927
vn -0.0008 -0.0756 0.9971
vn -0.0019 -0.0968 0.9953
vn -0.0018 -0.0661 0.9978
vn -0.0005 -0.0178 0.9998
vn 0.0006 -0.0399 0.9992
vn 0.0003 -0.0115 0.9999
vn 0.0001 -0.0043 1.0000
vn -0.0001 -0.0062 1.0000
vn -0.0000 -0.0023 1.0000
vn -0.0000 -0.0013 1.0000
vn 0.0001 -0.0012 1.0000
vn 0.0002 -0.0019 1.0000
vn 0.0009 -0.0009 1.0000
vn 0.0013 -0.0017 1.0000
vn 0.0016 -0.0036 1.0000
vn 0.0057 0.0009 1.0000
vn 0.0091 -0.0020 1.0000
vn 0.0173 0.0654 0.9977
vn 0.0327 0.0186 0.9993
vn 0.0572 0.1239 0.9906
vn 0.0971 0.4681 0.8783
vn 0.1026 0.1847 0.9774
vn 0.2184 0.5007 0.8376
vn 0.3162 0.8177 0.4811
vn 0.1527 0.8363 0.5266
vn 0.3488 0.9143 0.2057
vn 0.1632 0.9618 0.2196
vn 0.3493 0.9338 0.0770
vn 0.1457 0.9883 0.0441
vn 0.3284 0.9420 -0.0696
vn 0.1361 0.9878 -0.0754
vn 0.3093 0.9260 -0.2163
vn 0.1344 0.9699 -0.2032
vn 0.2757 0.7967 -0.5378
vn 0.1335 0.8712 -0.4725
vn 0.1782 0.4495 -0.8753
vn 0.1269 0.7612 -0.6360
vn 0.0464 0.1344 -0.9898
vn 0.0571 0.1723 -0.9834
vn 0.0285 0.1064 -0.9939
vn 0.0058 0.0545 -0.9985
vn 0.0015 0.0552 -0.9985
vn 0.0018 0.0246 -0.9997
vn 0.0015 0.0261 -0.9997
vn 0.0001 0.0258 -0.9997
vn 0.0007 0.0124 -0.9999
vn -0.0004 0.0123 -0.9999
vn -0.0002 0.0123 -0.9999
vn -0.0003 0.0067 -1.0000
vn 0.0001 0.0078 -1.0000
vn -0.0002 0.0036 -1.0000
vn -0.0000 0.0036 -1.0000
vn 0.0001 0.0035 -1.0000
vn -0.0001 0.0006 -1.0000
vn -0.0000 0.0038 -1.0000
vn 0.0002 0.0009 -1.0000
vn 0.0007 0.0035 -1.0000
vn 0.0003 0.0004 -1.0000
vn 0.0001 -0.0024 -1.0000
vn 0.0002 -0.0014 -1.0000
vn 0.0025 -0.0428 -0.9991
vn 0.0014 -0.0316 -0.9995
vn 0.0022 -0.0195 -0.9998
vn -0.0027 -0.1311 -0.9914
vn 0.0017 -0.1343 -0.9909
vn -0.0041 -0.1490 -0.9888
vn -0.0005 -0.1196 -0.9928
vn -0.0003 -0.1270 -0.9919
vn -0.0112 -0.0843 -0.9964
vn -0.0001 -0.0010 -1.0000
vn -0.0002 -0.0007 -1.0000
vn -0.0001 -0.0003 -1.0000
vn 0.0027 -0.0002 -1.0000
vn 0.0023 -0.0003 -1.0000
vn 0.1168 -0.0005 -0.9932
vn 0.0018 -0.0000 -1.0000
vn 0.1061 -0.0003 -0.9944
vn 0.3104 -0.0001 -0.9506
vn 0.0961 0.0012 -0.9954
vn 0.3100 0.0009 -0.9507
vn 0.2379 0.0001 -0.9713
vn 0.2251 0.0001 -0.9743
vn 0.0246 0.0001 -0.9997
vn 0.0222 -0.0000 -0.9998
vn 0.0064 0.0001 -1.0000
vn 0.0253 -0.0007 -0.9997
vn 0.0069 -0.0002 -1.0000
vn 0.0016 -0.0001 -1.0000
vn 0.0015 0.0001 -1.0000
vn -0.0016 -0.0000 -1.0000
vn -0.0023 0.0001 -1.0000
vn -0.0057 0.0001 -1.0000
vn -0.0023 -0.0001 -1.0000
vn -0.0073 -0.0002 -1.0000
vn -0.0163 -0.0006 -0.9999
vn -0.0130 0.0002 -0.9999
vn -0.0479 -0.0004 -0.9989
vn -0.0446 0.0008 -0.9990
vn -0.0739 0.0001 -0.9973
vn -0.3281 0.0014 -0.9446
vn -0.6834 0.0072 -0.7300
vn -0.8493 0.0044 -0.5279
vn -0.5575 0.0011 -0.8301
vn -0.9501 -0.0016 -0.3118
vn -0.9870 0.0016 -0.1608
vn -0.9823 -0.0013 -0.1872
vn -0.9976 0.0014 0.0685
vn -0.9989 -0.0007 0.0472
vn -0.9390 -0.0012 0.3440
vn -0.9565 -0.0018 0.2916
vn -0.8657 -0.0038 0.5006
vn -0.9043 -0.0029 0.4269
vn -0.2604 0.0047 0.9655
vn -0.2183 -0.0008 0.9759
vn -0.1379 -0.0013 0.9904
vn -0.1655 0.0032 0.9862
vn -0.0399 -0.0014 0.9992
vn -0.0457 0.0008 0.9990
vn -0.0163 -0.0007 0.9999
vn -0.0159 -0.0001 0.9999
vn -0.0069 -0.0003 1.0000
vn -0.0066 -0.0001 1.0000
vn -0.0010 -0.0002 1.0000
vn -0.0012 -0.0001 1.0000
vn 0.0060 -0.0004 1.0000
vn 0.0053 -0.0001 1.0000
vn 0.0402 -0.0014 0.9992
vn 0.0376 -0.0002 0.9993
vn 0.0701 -0.0025 0.9975
vn 0.0665 -0.0003 0.9978
vn 0.7173 -0.0142 0.6966
vn 0.7706 -0.0071 0.6372
vn 0.7729 -0.0063 0.6345
vn 0.7279 -0.0136 0.6855
vn 0.0737 -0.0114 0.9972
vn 0.0901 0.0178 0.9958
vn 0.0599 0.0148 0.9981
vn 0.0370 -0.0041 0.9993
vn 0.0105 0.0080 0.9999
vn 0.0061 -0.0000 1.0000
vn 0.0003 0.0123 0.9999
vn 0.0006 0.0008 1.0000
vn -0.0000 0.0241 0.9997
vn -0.0001 0.0020 1.0000
vn -0.0001 0.0039 1.0000
vn 0.0001 0.0001 1.0000
vn -0.0001 -0.0000 1.0000
vn 0.0001 -0.0040 1.0000
vn -0.0000 -0.0031 1.0000
vn 0.0041 -0.0663 0.9978
vn 0.0074 -0.1446 0.9895
vn -0.0001 -0.0019 1.0000
vn -0.0085 -0.0698 0.9975
vn -0.0076 -0.1178 0.9930
vn 0.0004 -0.6906 0.7232
vn -0.0000 -0.7090 0.7052
vn -0.0330 -0.1205 0.9922
vn -0.0226 -0.3437 0.9388
vn 0.0006 -0.3165 0.9486
vn -0.0683 -0.2132 0.9746
vn -0.0063 -0.1371 0.9905
vn -0.0006 -0.0190 0.9998
vn -0.0092 -0.0304 0.9995
vn -0.0011 -0.0059 1.0000
vn -0.0002 -0.0020 1.0000
vn 0.0002 -0.0003 1.0000
vn 0.0005 -0.0004 1.0000
vn 0.0009 0.0004 1.0000
vn 0.0015 0.0006 1.0000
vn 0.0030 0.0010 1.0000
vn 0.0034 0.0022 1.0000
vn 0.0054 0.0056 1.0000
vn 0.0128 0.0115 0.9999
vn 0.0091 0.0033 1.0000
vn 0.0026 0.0010 1.0000
vn 0.0072 0.0022 1.0000
vn 0.0178 0.0063 0.9998
vn 0.0259 0.0053 0.9996
vn 0.0322 0.0155 0.9994
vn 0.0497 0.0136 0.9987
vn 0.0653 0.0324 0.9973
vn 0.0969 0.0420 0.9944
vn 0.1321 0.0917 0.9870
vn 0.1388 0.1836 0.9732
vn 0.3810 0.1593 0.9107
vn 0.3790 0.2826 0.8812
vn 0.3104 0.4191 0.8532
vn 0.6510 0.4880 0.5815
vn 0.3893 0.5351 0.7498
vn 0.5596 0.7817 0.2754
vn 0.7548 0.5979 0.2698
vn 0.5569 0.8038 0.2090
vn 0.7671 0.6291 0.1256
vn 0.5541 0.8244 0.1152
vn 0.7723 0.6344 -0.0326
vn 0.5443 0.8380 -0.0389
vn 0.7472 0.6007 -0.2843
vn 0.5303 0.8130 -0.2403
vn 0.6184 0.4829 -0.6200
vn 0.5257 0.7885 -0.3192
vn 0.3189 0.4820 -0.8161
vn 0.3490 0.2642 -0.8991
vn 0.2555 0.3960 -0.8820
vn 0.1100 0.0598 -0.9921
vn 0.0945 0.1743 -0.9802
vn 0.3563 0.1286 -0.9255
vn 0.0847 0.0164 -0.9963
vn 0.0427 0.0071 -0.9991
vn 0.0760 0.0195 -0.9969
vn 0.0320 0.0117 -0.9994
vn 0.0137 0.0055 -0.9999
vn 0.0170 0.0041 -0.9998
vn 0.0061 0.0031 -1.0000
vn 0.0063 0.0045 -1.0000
vn 0.0022 0.0055 -1.0000
vn 0.0022 0.0121 -0.9999
vn 0.0003 0.0060 -1.0000
vn 0.0004 0.0027 -1.0000
vn -0.0001 0.0033 -1.0000
vn 0.0006 0.0008 -1.0000
vn -0.0004 -0.0002 -1.0000
vn -0.0010 -0.0015 -1.0000
vn -0.0008 -0.0035 -1.0000
vn -0.0301 -0.0207 -0.9993
vn -0.0320 -0.0685 -0.9971
vn -0.0024 -0.0817 -0.9967
vn -0.0000 -0.0038 -1.0000
vn 0.0038 -0.0610 -0.9981
vn -0.0000 -0.0031 -1.0000
vn -0.0098 -0.1209 -0.9926
vn 0.0054 -0.1209 -0.9927
vn 0.0002 -0.1219 -0.9925
vn 0.0018 -0.0576 -0.9983
vn -0.0022 -0.0820 -0.9966
vn -0.0037 -0.1026 -0.9947
vn 0.0001 -0.0003 -1.0000
vn 0.0001 -0.0006 -1.0000
vn 0.0016 -0.0000 -1.0000
vn -0.0014 0.0078 -1.0000
vn 0.0004 0.0024 -1.0000
vn 0.0931 0.0044 -0.9957
vn -0.0032 0.1449 -0.9894
vn 0.0853 0.0800 -0.9931
vn 0.2315 0.0240 -0.9725
vn 0.2867 0.0001 -0.9580
vn 0.1820 -0.0042 -0.9833
vn 0.2298 -0.0025 -0.9732
vn 0.0232 -0.0014 -0.9997
vn 0.0957 0.0117 -0.9953
vn 0.0166 0.0002 -0.9999
vn 0.0048 -0.0001 -1.0000
vn 0.0066 -0.0003 -1.0000
vn -0.0040 -0.0000 -1.0000
vn -0.0058 0.0001 -1.0000
vn -0.0138 0.0004 -0.9999
vn -0.0107 -0.0001 -0.9999
vn -0.0317 0.0002 -0.9995
vn -0.0229 -0.0004 -0.9997
vn -0.1334 -0.0045 -0.9911
vn -0.0720 -0.0024 -0.9974
vn -0.2211 -0.0087 -0.9752
vn -0.1113 -0.0040 -0.9938
vn -0.8145 0.0139 -0.5800
vn -0.9039 0.0076 -0.4276
vn -0.9579 0.0035 -0.2871
vn -0.9123 0.0067 -0.4096
vn -0.9992 -0.0048 -0.0408
vn -0.9940 -0.0044 -0.1091
vn -0.9869 -0.0115 0.1610
vn -0.9940 -0.0107 0.1087
vn -0.9202 -0.0102 0.3914
vn -0.9227 -0.0109 0.3854
vn -0.8568 -0.0060 0.5157
vn -0.8402 -0.0084 0.5423
vn -0.1879 0.0041 0.9822
vn -0.1608 0.0110 0.9869
vn -0.0962 0.0084 0.9953
vn -0.1189 0.0031 0.9929
vn -0.0241 0.0037 0.9997
vn -0.0362 0.0014 0.9993
vn -0.0131 0.0013 0.9999
vn -0.0166 0.0003 0.9999
vn -0.0060 0.0005 1.0000
vn -0.0069 0.0001 1.0000
vn -0.0014 0.0004 1.0000
vn -0.0009 0.0001 1.0000
vn 0.0028 0.0013 1.0000
vn 0.0058 0.0004 1.0000
vn -0.0027 0.0002 1.0000
vn -0.0004 0.0006 1.0000
vn -0.0035 0.0001 1.0000
vn -0.0017 0.0001 1.0000
vn -0.0003 0.0002 1.0000
vn -0.0014 0.0001 1.0000
vn -0.0003 0.0001 1.0000
vn -0.0000 0.0010 1.0000
vn -0.0000 0.0028 1.0000
vn -0.0000 0.0008 1.0000
vn 0.0001 0.0023 1.0000
vn -0.0043 0.1308 0.9914
vn 0.0017 0.2519 0.9678
vn -0.0038 0.0620 0.9981
vn -0.0076 0.1436 0.9896
vn -0.0006 0.5103 0.8600
vn -0.0001 0.0022 1.0000
vn -0.0019 0.0182 0.9998
vn -0.0050 0.0449 0.9990
vn 0.0098 0.8001 0.5998
vn 0.0127 0.8065 0.5911
vn 0.0138 0.7781 0.6280
vn 0.0155 0.7961 0.6050
vn -0.0001 0.0032 1.0000
vn -0.0002 0.0041 1.0000
vn 0.0035 0.7660 0.6428
vn 0.0039 0.7721 0.6355
vn -0.0018 0.2456 0.9694
vn -0.0011 0.1284 0.9917
vn -0.0032 0.0902 0.9959
vn -0.0055 0.1834 0.9830
vn 0.0022 0.7296 0.6839
vn 0.0008 0.5200 0.8542
vn -0.0002 0.1423 0.9898
vn 0.0001 0.0070 1.0000
vn -0.0000 0.0070 1.0000
vn 0.0023 0.4985 0.8669
vn 0.0007 0.1445 0.9895
vn 0.0007 0.0048 1.0000
vn -0.0001 0.0001 1.0000
vn -0.0004 0.1413 0.9900
vn -0.0001 0.0027 1.0000
vn -0.0001 -0.0002 1.0000
vn -0.0005 0.0035 1.0000
vn -0.0007 -0.0001 1.0000
vn -0.0009 -0.0001 1.0000
vn -0.0011 -0.0002 1.0000
vn -0.0013 -0.0001 1.0000
vn -0.0246 -0.0025 0.9997
vn -0.0618 -0.0064 0.9981
vn -0.0928 -0.0037 0.9957
vn -0.0937 -0.0016 0.9956
vn -0.0011 0.0002 1.0000
vn -0.3593 0.0074 0.9332
vn -0.3012 -0.0009 0.9536
vn -0.2740 -0.0016 0.9617
vn -0.2608 -0.0007 0.9654
vn -0.0637 0.0016 0.9980
vn -0.2290 0.0038 0.9734
vn -0.2059 0.0010 0.9786
vn -0.2232 0.0004 0.9748
vn -0.2305 -0.0085 0.9730
vn -0.2269 -0.0085 0.9739
vn -0.0272 0.0009 0.9996
vn -0.0380 0.0012 0.9993
vn -0.0464 -0.0007 0.9989
vn -0.0353 -0.0039 0.9994
vn -0.1755 -0.0478 0.9833
vn -0.0065 -0.0000 1.0000
vn -0.0061 -0.0003 1.0000
vn -0.0040 -0.0003 1.0000
vn -0.0019 -0.0005 1.0000
vn -0.0154 -0.0069 0.9999
vn 0.0015 0.0001 1.0000
vn -0.0002 -0.0003 1.0000
vn 0.0021 -0.0000 1.0000
vn 0.0029 0.0001 1.0000
vn 0.0039 0.0002 1.0000
vn 0.0051 0.0013 1.0000
vn 0.0021 0.0005 1.0000
vn 0.0065 0.0002 1.0000
vn 0.0079 0.0001 1.0000
vn 0.0106 0.0036 0.9999
vn 0.0164 -0.0001 0.9999
vn 0.0203 0.0075 0.9998
vn 0.0377 -0.0003 0.9993
vn 0.0460 0.0122 0.9989
vn 0.2397 -0.0002 0.9708
vn 0.2930 0.0158 0.9560
vn 0.3361 0.0723 0.9390
vn 0.5015 0.0161 0.8650
vn 0.7451 0.1185 0.6563
vn 0.7267 0.2973 0.6193
vn 0.9431 0.1325 0.3051
vn 0.8801 0.3575 0.3126
vn 0.9873 0.1348 0.0846
vn 0.9263 0.3630 0.1014
vn 0.9890 0.1355 -0.0588
vn 0.9341 0.3538 -0.0488
vn 0.9528 0.1380 -0.2705
vn 0.8942 0.3401 -0.2912
vn 0.9001 0.1385 -0.4130
vn 0.7178 0.2779 -0.6384
vn 0.4897 0.0874 -0.8675
vn 0.3106 0.0569 -0.9488
vn 0.3998 0.0171 -0.9164
vn 0.2636 0.0079 -0.9646
vn 0.0782 -0.0014 -0.9969
vn 0.1971 0.0034 -0.9804
vn 0.0715 -0.0021 -0.9974
vn 0.0275 -0.0017 -0.9996
vn 0.0293 -0.0003 -0.9996
vn 0.0130 -0.0011 -0.9999
vn 0.0127 -0.0001 -0.9999
vn 0.0062 -0.0005 -1.0000
vn 0.0058 0.0003 -1.0000
vn 0.0026 -0.0001 -1.0000
vn 0.0025 0.0006 -1.0000
vn 0.0006 -0.0000 -1.0000
vn 0.0021 0.0001 -1.0000
vn 0.0007 0.0001 -1.0000
vn -0.0002 0.0002 -1.0000
vn 0.0005 -0.0000 -1.0000
vn -0.1079 -0.0196 -0.9940
vn -0.0004 -0.0001 -1.0000
vn -0.1908 -0.0023 -0.9816
vn -0.1993 -0.0155 -0.9798
vn -0.1094 -0.0772 -0.9910
vn -0.0167 -0.0359 -0.9992
vn -0.2419 -0.0000 -0.9703
vn -0.0227 -0.0012 -0.9997
vn -0.0203 -0.0025 -0.9998
vn -0.0001 -0.0000 -1.0000
vn 0.0027 0.0080 -1.0000
vn 0.0024 0.0184 -0.9998
vn -0.0017 0.0174 -0.9998
vn 0.0042 0.2256 -0.9742
vn -0.0009 0.2208 -0.9753
vn -0.0020 0.2087 -0.9780
vn 0.0014 0.2195 -0.9756
vn -0.0042 0.2340 -0.9722
vn -0.0106 0.2520 -0.9677
vn -0.0029 0.0354 -0.9994
vn -0.0079 0.0875 -0.9961
vn 0.0124 0.1212 -0.9925
vn 0.0481 0.2004 -0.9785
vn 0.0398 0.0637 -0.9972
vn 0.1409 0.0903 -0.9859
vn 0.0259 0.0137 -0.9996
vn 0.0004 0.0033 -1.0000
vn 0.0015 0.0022 -1.0000
vn 0.0006 0.0010 -1.0000
vn 0.0071 0.0020 -1.0000
vn -0.0015 0.0004 -1.0000
vn 0.0015 0.0005 -1.0000
vn -0.0040 0.0001 -1.0000
vn -0.0028 0.0001 -1.0000
vn -0.0108 -0.0000 -0.9999
vn -0.0080 -0.0001 -1.0000
vn -0.0203 -0.0005 -0.9998
vn -0.0158 -0.0001 -0.9999
vn -0.0496 -0.0004 -0.9988
vn -0.0419 0.0002 -0.9991
vn -0.3261 -0.0000 -0.9453
vn -0.2283 -0.0027 -0.9736
vn -0.5639 -0.0001 -0.8259
vn -0.3907 -0.0055 -0.9205
vn -0.9354 -0.0009 -0.3536
vn -0.9450 -0.0012 -0.3270
vn -0.9796 0.0016 -0.2009
vn -0.9751 0.0014 -0.2218
vn -0.9995 0.0065 0.0311
vn -0.9999 0.0030 0.0105
vn -0.9732 0.0079 0.2300
vn -0.9796 0.0016 0.2011
vn -0.8870 0.0028 0.4617
vn -0.9131 -0.0007 0.4077
vn -0.8065 -0.0015 0.5913
vn -0.8571 -0.0020 0.5152
vn -0.1114 0.0035 0.9938
vn -0.0710 -0.0010 0.9975
vn -0.0508 -0.0013 0.9987
vn -0.0678 0.0011 0.9977
vn -0.0244 -0.0011 0.9997
vn -0.0184 -0.0007 0.9998
vn -0.0137 -0.0002 0.9999
vn -0.0114 -0.0001 0.9999
vn -0.0067 -0.0000 1.0000
vn -0.0059 -0.0000 1.0000
vn -0.0131 0.0004 0.9999
vn -0.0063 0.0002 1.0000
vn -0.0031 0.0002 1.0000
vn -0.0047 0.0003 1.0000
vn -0.0022 0.0004 1.0000
vn -0.0008 0.0008 1.0000
vn -0.0025 0.0022 1.0000
vn -0.0009 0.0035 1.0000
vn 0.0007 0.0034 1.0000
vn -0.0000 0.0009 1.0000
vn 0.0013 0.0015 1.0000
vn 0.0003 0.0006 1.0000
vn 0.0004 -0.0003 1.0000
vn -0.0002 -0.0004 1.0000
vn -0.0000 0.0003 1.0000
vn -0.0000 0.0007 1.0000
vn -0.0000 0.0005 1.0000
vn -0.0000 0.0017 1.0000
vn 0.0001 0.0017 1.0000
vn 0.0002 0.0035 1.0000
vn 0.0003 0.0043 1.0000
vn -0.0001 0.0015 1.0000
vn -0.0003 0.0033 1.0000
vn -0.0004 0.0043 1.0000
vn 0.0043 0.6914 0.7224
vn -0.0001 0.0023 1.0000
vn -0.0002 0.0033 1.0000
vn 0.0044 0.6544 0.7561
vn 0.0018 0.4754 0.8798
vn 0.0014 0.6526 0.7577
vn 0.0030 0.4541 0.8910
vn 0.0028 0.1055 0.9944
vn 0.0088 0.1140 0.9934
vn 0.0029 0.0500 0.9987
vn -0.0003 0.0029 1.0000
vn -0.0027 0.0162 0.9999
vn -0.0097 0.0015 1.0000
vn -0.0195 0.0006 0.9998
vn -0.0240 0.0002 0.9997
vn -0.0527 -0.0063 0.9986
vn -0.6349 0.0152 0.7725
vn -0.5757 0.0015 0.8177
vn -0.4551 -0.0013 0.8904
vn -0.4362 0.0096 0.8998
vn -0.3231 0.0107 0.9463
vn -0.0970 -0.0031 0.9953
vn -0.0426 0.0002 0.9991
vn -0.0247 0.0012 0.9997
vn -0.0078 0.0001 1.0000
vn -0.0052 0.0003 1.0000
vn -0.0057 0.0001 1.0000
vn 0.0020 -0.0001 1.0000
vn 0.0018 -0.0000 1.0000
vn 0.0019 -0.0001 1.0000
vn 0.0055 -0.0000 1.0000
vn 0.0056 -0.0001 1.0000
vn 0.0057 -0.0001 1.0000
vn 0.0127 -0.0001 0.9999
vn 0.0125 -0.0004 0.9999
vn 0.0137 0.0004 0.9999
vn 0.0267 -0.0007 0.9996
vn 0.0309 0.0007 0.9995
vn 0.1490 -0.0004 0.9888
vn 0.1857 0.0016 0.9826
vn 0.2597 -0.0000 0.9657
vn 0.3246 0.0022 0.9459
vn 0.4203 -0.0002 0.9074
vn 0.8865 0.0003 0.4628
vn 0.8869 0.0004 0.4619
vn 0.9429 -0.0010 0.3331
vn 0.9438 -0.0009 0.3305
vn 0.9487 0.0164 0.3158
vn 0.8916 0.0144 0.4526
vn 0.9942 -0.0017 0.1074
vn 0.9952 0.0209 0.0960
vn 0.9980 -0.0017 -0.0630
vn 0.9980 0.0250 -0.0580
vn 0.9629 -0.0028 -0.2700
vn 0.9663 0.0296 -0.2559
vn 0.9222 -0.0029 -0.3868
vn 0.9270 0.0331 -0.3736
vn 0.9427 -0.0102 -0.3336
vn 0.8809 -0.0149 -0.4730
vn 0.2837 0.0092 -0.9589
vn 0.1900 0.0083 -0.9817
vn 0.1334 0.0064 -0.9910
vn 0.1505 -0.0011 -0.9886
vn 0.0967 0.0001 -0.9953
vn 0.0306 0.0006 -0.9995
vn 0.0508 0.0025 -0.9987
vn 0.0143 -0.0000 -0.9999
vn 0.0205 0.0008 -0.9998
vn 0.0079 -0.0001 -1.0000
vn 0.0109 0.0002 -0.9999
vn 0.0036 -0.0000 -1.0000
vn 0.0053 0.0001 -1.0000
vn 0.0013 -0.0000 -1.0000
vn 0.0025 -0.0000 -1.0000
vn 0.0008 -0.0000 -1.0000
vn 0.0002 -0.0000 -1.0000
vn 0.0009 0.0001 -1.0000
vn 0.0011 0.0003 -1.0000
vn 0.0011 0.0008 -1.0000
vn 0.0007 -0.0004 -1.0000
vn -0.0052 -0.0021 -1.0000
vn -0.2367 -0.0023 -0.9716
vn -0.2229 0.0017 -0.9748
vn -0.2539 -0.0032 -0.9672
vn -0.2631 -0.0004 -0.9648
vn -0.2566 -0.0004 -0.9665
vn -0.0137 -0.0017 -0.9999
vn -0.2728 0.0015 -0.9621
vn -0.0118 0.0006 -0.9999
vn -0.0130 0.0007 -0.9999
vn 0.0013 0.0134 -0.9999
vn -0.0022 0.0144 -0.9999
vn -0.0022 0.0068 -1.0000
vn -0.0057 0.2195 -0.9756
vn -0.0035 0.2435 -0.9699
vn 0.0057 0.2463 -0.9692
vn -0.0012 0.2591 -0.9659
vn 0.0023 0.2636 -0.9646
vn 0.0013 0.2338 -0.9723
vn -0.0008 0.0290 -0.9996
vn -0.0003 0.0310 -0.9995
vn 0.0009 0.0256 -0.9997
vn -0.0000 0.0065 -1.0000
vn 0.0001 0.0061 -1.0000
vn 0.0002 0.0053 -1.0000
vn 0.0001 0.0009 -1.0000
vn -0.0000 0.0007 -1.0000
vn 0.0002 0.0041 -1.0000
vn -0.0000 0.0005 -1.0000
vn -0.0002 0.0034 -1.0000
vn -0.0002 -0.0000 -1.0000
vn -0.0010 0.0001 -1.0000
vn -0.0010 0.0002 -1.0000
vn -0.0027 0.0002 -1.0000
vn -0.0011 -0.0000 -1.0000
vn -0.0025 -0.0006 -1.0000
vn -0.0053 -0.0012 -1.0000
vn -0.0058 0.0003 -1.0000
vn -0.0106 -0.0019 -0.9999
vn -0.0117 0.0006 -0.9999
vn -0.0238 -0.0024 -0.9997
vn -0.0255 0.0007 -0.9997
vn -0.0481 -0.0015 -0.9988
vn -0.0530 0.0009 -0.9986
vn -0.0617 -0.0007 -0.9981
vn -0.0704 0.0011 -0.9975
vn -0.6768 0.0029 -0.7362
vn -0.7206 -0.0395 -0.6922
vn -0.8686 -0.0467 -0.4933
vn -0.8466 0.0021 -0.5323
vn -0.9850 -0.0556 -0.1637
vn -0.9827 0.0019 -0.1852
vn -0.9968 -0.0569 0.0554
vn -0.9993 0.0045 0.0370
vn -0.9575 -0.0539 0.2833
vn -0.9667 0.0069 0.2557
vn -0.7752 -0.0412 0.6304
vn -0.8418 0.0024 0.5397
vn -0.3363 -0.0153 0.9416
vn -0.7125 -0.0027 0.7017
vn -0.0717 -0.0019 0.9974
vn -0.0496 -0.0001 0.9988
vn -0.0529 -0.0004 0.9986
vn -0.0193 0.0002 0.9998
vn -0.0252 0.0009 0.9997
vn -0.0089 0.0005 1.0000
vn -0.0038 0.0009 1.0000
vn -0.0068 0.0049 1.0000
vn -0.0051 0.0091 0.9999
vn -0.0007 0.0110 0.9999
vn 0.0105 0.0194 0.9998
vn 0.0035 0.0081 1.0000
vn 0.0093 0.0024 1.0000
vn 0.0038 0.0019 1.0000
vn 0.0003 -0.0055 1.0000
vn 0.0006 -0.0021 1.0000
vn -0.0014 -0.0014 1.0000
vn -0.0006 -0.0008 1.0000
vn 0.0001 0.0004 1.0000
vn 0.0001 0.0003 1.0000
vn 0.0001 -0.0008 1.0000
vn -0.0000 -0.0004 1.0000
vn 0.0002 0.0009 1.0000
vn 0.0004 0.0026 1.0000
vn 0.0005 0.0039 1.0000
vn 0.0001 0.0012 1.0000
vn 0.0002 0.0034 1.0000
vn 0.0002 0.0049 1.0000
vn -0.0160 0.6768 0.7360
vn -0.0251 0.6785 0.7342
vn 0.0052 0.0187 0.9998
vn 0.0142 0.0468 0.9988
vn -0.0379 0.6493 0.7596
vn -0.0365 0.6364 0.7705
vn 0.0006 0.0377 0.9993
vn -0.0330 0.6026 0.7973
vn 0.0007 0.0116 0.9999
vn -0.0088 0.0063 0.9999
vn -0.5466 0.0088 0.8373
vn -0.4558 0.1194 0.8821
vn -0.2959 0.0725 0.9525
vn -0.3803 0.0131 0.9248
vn -0.4215 0.0028 0.9068
vn -0.5383 0.0078 0.8427
vn -0.1200 0.0071 0.9927
vn -0.1676 -0.0002 0.9859
vn -0.1533 -0.0023 0.9882
vn -0.0140 0.0002 0.9999
vn -0.0157 0.0002 0.9999
vn -0.0132 -0.0003 0.9999
vn -0.0054 -0.0000 1.0000
vn -0.0040 -0.0002 1.0000
vn -0.0019 -0.0000 1.0000
vn -0.0011 -0.0001 1.0000
vn 0.0004 0.0001 1.0000
vn 0.0017 0.0001 1.0000
vn 0.0025 0.0003 1.0000
vn 0.0053 0.0001 1.0000
vn 0.0059 -0.0002 1.0000
vn 0.0112 0.0003 0.9999
vn 0.0131 -0.0005 0.9999
vn 0.0126 -0.0000 0.9999
vn 0.0305 -0.0008 0.9995
vn 0.0289 -0.0002 0.9996
vn 0.0271 -0.0004 0.9996
vn 0.1418 -0.0004 0.9899
vn 0.1386 -0.0010 0.9903
vn 0.2414 -0.0004 0.9704
vn 0.2396 -0.0014 0.9709
vn 0.8937 -0.0000 0.4487
vn 0.9049 0.0025 0.4256
vn 0.9537 0.0015 0.3008
vn 0.9471 0.0002 0.3211
vn 0.9441 -0.0014 0.3297
vn 0.8904 -0.0008 0.4551
vn 0.9962 0.0003 0.0870
vn 0.9949 -0.0018 0.1006
vn 0.9942 -0.0025 0.1071
vn 0.9939 -0.0020 -0.1099
vn 0.9965 -0.0040 -0.0832
vn 0.9057 -0.0057 -0.4239
vn 0.9912 0.0007 -0.1327
vn 0.8557 -0.0006 -0.5174
vn 0.4250 -0.0027 -0.9052
vn 0.8000 -0.0089 -0.6000
vn 0.5736 0.0034 -0.8191
vn 0.3448 0.0050 -0.9387
vn 0.0584 0.0040 -0.9983
vn 0.0835 -0.0015 -0.9965
vn 0.0176 0.0015 -0.9998
vn 0.0239 -0.0002 -0.9997
vn 0.0076 0.0006 -1.0000
vn 0.0114 0.0001 -0.9999
vn 0.0036 0.0002 -1.0000
vn 0.0060 0.0001 -1.0000
vn 0.0016 0.0001 -1.0000
vn 0.0012 0.0002 -1.0000
vn 0.0005 -0.0002 -1.0000
vn -0.0003 -0.0001 -1.0000
vn -0.0013 -0.0003 -1.0000
vn -0.0009 0.0004 -1.0000
vn -0.0162 0.0022 -0.9999
vn -0.0180 -0.0012 -0.9998
vn -0.2777 0.0028 -0.9607
vn -0.0031 0.0013 -1.0000
vn -0.2583 0.0006 -0.9661
vn -0.2670 -0.0000 -0.9637
vn -0.2330 -0.0085 -0.9724
vn -0.2254 -0.0054 -0.9743
vn -0.0098 -0.0011 -1.0000
vn -0.1750 -0.0010 -0.9846
vn -0.0030 -0.0000 -1.0000
vn 0.0015 0.0054 -1.0000
vn -0.0026 0.1479 -0.9890
vn 0.0023 0.1972 -0.9804
vn 0.0004 0.2113 -0.9774
vn 0.0053 0.2211 -0.9752
vn -0.0013 0.2179 -0.9760
vn -0.0031 0.2325 -0.9726
vn -0.0003 0.0261 -0.9997
vn 0.0005 0.0287 -0.9996
vn 0.0001 0.0271 -0.9996
vn 0.0002 0.0044 -1.0000
vn -0.0002 0.0049 -1.0000
vn -0.0002 0.0063 -1.0000
vn -0.0000 0.0008 -1.0000
vn 0.0001 -0.0000 -1.0000
vn 0.0001 -0.0004 -1.0000
vn -0.0000 -0.0005 -1.0000
vn -0.0001 -0.0024 -1.0000
vn 0.0011 0.0004 -1.0000
vn 0.0015 0.0058 -1.0000
vn 0.0001 0.0006 -1.0000
vn -0.0013 0.0069 -1.0000
vn -0.0003 0.0005 -1.0000
vn -0.0041 0.0026 -1.0000
vn -0.0055 0.0354 -0.9994
vn -0.0147 0.0184 -0.9997
vn -0.0118 0.0024 -0.9999
vn -0.0044 -0.0013 -1.0000
vn -0.0120 0.1042 -0.9945
vn 0.0095 0.0226 -0.9997
vn 0.0356 0.0461 -0.9983
vn 0.0029 -0.0015 -1.0000
vn 0.0046 -0.0141 -0.9999
vn 0.0040 -0.0492 -0.9988
vn -0.0002 -0.0130 -0.9999
vn -0.0012 -0.0334 -0.9994
vn -0.0045 -0.1067 -0.9943
vn 0.0013 -0.1474 -0.9891
vn -0.0070 -0.1656 -0.9862
vn -0.0011 -0.2194 -0.9756
vn -0.0013 -0.8094 -0.5872
vn -0.0048 -0.7782 -0.6280
vn -0.0036 -0.9074 -0.4203
vn -0.0057 -0.9242 -0.3818
vn -0.0026 -0.9968 -0.0799
vn -0.0127 -0.9984 -0.0554
vn -0.0029 -0.9999 -0.0129
vn -0.0178 -0.9932 0.1153
vn 0.2331 -0.9724 0.0068
vn 0.6278 -0.7783 0.0088
vn 0.7753 -0.6314 0.0146
vn 0.7807 -0.6249 -0.0008
vn 0.7772 -0.6285 0.0320
vn 0.0906 -0.9959 0.0065
vn 0.0172 -0.9999 0.0016
vn 0.0179 -0.9998 0.0052
vn 0.0839 -0.9965 0.0058
vn 0.7823 -0.6221 0.0324
vn 0.0943 -0.9955 -0.0036
vn 0.0109 -0.9999 -0.0019
vn -0.3058 -0.9520 0.0111
vn -0.2600 -0.9655 0.0106
vn 0.0920 -0.9956 -0.0156
vn 0.0046 -0.9999 -0.0163
vn -0.3328 -0.9429 -0.0116
vn -0.5618 -0.8272 -0.0066
vn -0.5222 -0.8526 0.0193
vn 0.0128 -0.9998 -0.0180
vn -0.3395 -0.9404 -0.0178
vn -0.5707 -0.8211 -0.0136
vn -0.9971 -0.0757 -0.0065
vn -0.9971 -0.0764 -0.0065
vn -0.3222 -0.9467 -0.0066
vn -0.5474 -0.8369 -0.0061
vn -0.9941 -0.1076 -0.0095
vn -0.9942 -0.1070 -0.0095
vn -0.8807 0.4729 -0.0269
vn -0.8797 0.4747 -0.0266
vn -0.8457 0.5332 -0.0218
vn -0.8445 0.5351 -0.0218
vn -0.9890 -0.1475 -0.0077
vn -0.9892 -0.1463 -0.0078
vn -0.9119 0.4100 -0.0180
vn -0.9109 0.4123 -0.0190
vn -0.1379 0.9901 0.0253
vn -0.0535 0.9985 0.0147
vn -0.0157 0.9999 0.0071
vn -0.0831 0.9964 0.0157
vn -0.9272 0.3746 -0.0064
vn -0.9269 0.3752 -0.0063
vn -0.1744 0.9843 0.0261
vn -0.0825 0.9964 0.0203
vn 0.0111 0.9998 0.0144
vn 0.0310 0.9995 0.0034
vn 0.7309 0.6824 -0.0000
vn 0.7317 0.6816 0.0004
vn 0.7827 0.6223 0.0075
vn 0.7807 0.6249 0.0077
vn 0.0507 0.9987 -0.0008
vn 0.7262 0.6873 0.0170
vn 0.7261 0.6874 0.0167
vn 0.9920 0.1211 0.0361
vn 0.9994 -0.0350 0.0021
vn 0.9938 -0.1109 -0.0015
vn 0.9931 0.1171 0.0066
vn 0.7417 0.6693 0.0435
vn 0.9413 -0.3376 -0.0097
vn 0.9026 -0.4304 -0.0116
vn 0.9842 -0.1768 -0.0056
vn 0.9960 0.0890 0.0010
vn 0.9773 -0.2101 -0.0283
vn 0.2032 -0.9763 0.0746
vn 0.0870 -0.9950 0.0490
vn 0.0439 -0.9990 0.0043
vn 0.1491 -0.9888 0.0012
vn 0.9915 -0.1098 -0.0693
vn 0.2443 -0.9604 0.1340
vn -0.2855 -0.9584 0.0045
vn 0.0290 -0.9996 -0.0068
vn 0.1344 -0.9909 -0.0067
vn -0.2243 -0.9744 0.0171
vn -0.4173 -0.9088 0.0023
vn -0.4946 -0.8691 0.0016
vn -0.9820 -0.1888 -0.0084
vn -0.9822 -0.1875 -0.0082
vn 0.1096 -0.9939 -0.0149
vn 0.8545 -0.5195 0.0042
vn 0.8068 -0.5907 0.0153
vn 0.8570 -0.5153 0.0037
vn 0.9985 0.0436 0.0318
vn 0.9982 0.0240 0.0547
vn 0.9548 0.2946 0.0390
vn 0.8464 0.5310 0.0394
vn 0.0768 0.9970 -0.0057
vn 0.0085 1.0000 -0.0038
vn -0.0508 0.9935 0.1020
vn -0.0563 0.9984 -0.0020
vn -0.4566 -0.8894 0.0241
vn -0.3871 -0.9219 0.0154
vn -0.2192 -0.9756 0.0090
vn -0.3373 -0.9413 0.0130
vn -0.1901 -0.9817 0.0110
vn 0.0250 -0.9997 0.0067
vn -0.1478 -0.9889 0.0154
vn 0.0345 -0.9994 0.0031
vn 0.0990 -0.9951 0.0048
vn 0.0904 -0.9959 0.0051
vn 0.0365 -0.9991 -0.0236
vn 0.0834 -0.9963 -0.0214
vn 0.8221 -0.5692 -0.0143
vn 0.8859 -0.4631 -0.0272
vn 0.0229 -0.9931 -0.1150
vn 0.0324 -0.9912 -0.1281
vn 0.9504 -0.3109 -0.0116
vn 0.9701 -0.2416 0.0240
vn -0.0347 -0.9942 -0.1019
vn -0.0274 -0.9300 -0.3665
vn -0.0849 -0.9964 -0.0074
vn -0.1781 -0.9838 0.0215
vn -0.0783 -0.9940 -0.0768
vn -0.2780 -0.9603 0.0214
vn -0.0659 -0.8352 -0.5461
vn -0.9391 -0.3419 -0.0338
vn -0.9379 -0.3456 -0.0317
vn -0.9278 -0.3731 0.0004
vn -0.9276 -0.3735 0.0038
vn -0.4194 -0.9058 0.0611
vn -0.3747 -0.9227 0.0912
vn -0.3727 -0.9230 -0.0956
vn -0.4351 -0.8964 -0.0843
vn -0.3096 -0.9450 -0.1052
vn -0.3063 -0.8511 -0.4263
vn -0.3263 -0.9367 0.1273
vn -0.4192 -0.8978 0.1352
vn -0.4173 -0.9029 -0.1025
vn -0.3318 -0.8434 0.4226
vn -0.3633 -0.8471 0.3879
vn -0.6343 -0.6944 0.3399
vn -0.6805 -0.7230 0.1193
vn -0.2200 -0.6044 0.7657
vn -0.5778 -0.6679 0.4692
vn -0.8414 -0.3180 0.4369
vn -0.8917 -0.3278 0.3121
vn -0.1842 -0.2189 0.9582
vn -0.0656 -0.1984 0.9779
vn -0.1126 -0.1345 0.9845
vn -0.2168 -0.0604 0.9744
vn -0.3526 -0.0983 0.9306
vn -0.9338 -0.3460 0.0913
vn -0.9278 -0.3454 -0.1412
vn -0.6853 -0.7190 -0.1162
vn -0.8171 -0.2926 -0.4968
vn -0.5931 -0.6270 -0.5050
vn -0.3601 -0.7998 -0.4803
vn -0.4584 -0.4950 -0.7382
vn -0.2862 -0.6505 -0.7035
vn -0.3211 -0.7466 -0.5826
vn -0.0371 -0.0820 -0.9959
vn -0.0463 -0.0242 -0.9986
vn -0.0368 -0.0200 -0.9991
vn -0.0301 -0.0609 -0.9977
vn -0.6594 -0.2441 -0.7111
vn -0.0027 -0.9948 0.1017
vn -0.0024 -0.9845 0.1753
vn -0.0270 -0.9127 0.4077
vn -0.0025 -0.7521 0.6590
vn -0.0027 -0.7543 0.6566
vn -0.0159 -0.7897 0.6133
vn 0.0019 -0.0861 0.9963
vn 0.0013 -0.0450 0.9990
vn -0.0017 -0.1131 0.9936
vn -0.0019 -0.0556 0.9984
vn 0.0014 -0.1439 0.9896
vn 0.0007 -0.0697 0.9976
vn 0.0001 -0.1590 0.9873
vn 0.0004 -0.0804 0.9968
vn -0.0037 -0.1115 0.9938
vn -0.0016 -0.0582 0.9983
vn 0.0002 -0.0009 1.0000
vn 0.0021 -0.0358 0.9994
vn 0.0013 -0.0062 1.0000
vn 0.0012 -0.0164 0.9999
vn 0.0004 -0.0061 1.0000
vn 0.0001 -0.0021 1.0000
vn 0.0003 -0.0093 1.0000
vn 0.0001 -0.0034 1.0000
vn -0.0000 -0.0007 1.0000
vn -0.0000 -0.0038 1.0000
vn -0.0000 0.0011 1.0000
vn -0.0003 0.0006 1.0000
vn -0.0095 0.0325 0.9994
vn -0.1342 0.1174 0.9840
vn -0.0106 0.0098 0.9999
vn -0.1004 0.0656 0.9928
vn -0.0080 0.0049 1.0000
vn -0.0482 0.0130 0.9988
vn -0.0010 0.0006 1.0000
vn -0.0048 0.0012 1.0000
vn -0.0102 0.0006 0.9999
vn -0.0012 0.0003 1.0000
vn -0.0031 0.0001 1.0000
vn -0.0048 0.0001 1.0000
vn -0.0005 -0.0000 1.0000
vn -0.0014 -0.0000 1.0000
vn -0.0017 -0.0000 1.0000
vn 0.0005 -0.0000 1.0000
vn 0.0015 -0.0001 1.0000
vn 0.0020 0.0001 1.0000
vn 0.0058 0.0006 1.0000
vn 0.0045 0.0004 1.0000
vn 0.0127 0.0016 0.9999
vn 0.0255 0.0009 0.9997
vn 0.0494 0.0042 0.9988
vn 0.0989 0.0021 0.9951
vn 0.1323 -0.0005 0.9912
vn 0.1635 0.0028 0.9865
vn 0.2192 0.0001 0.9757
vn 0.9041 -0.0015 0.4273
vn 0.8405 -0.0057 0.5418
vn 0.9260 -0.0024 0.3775
vn 0.9527 -0.0002 0.3038
vn 0.9956 0.0011 0.0934
vn 0.9973 0.0016 0.0728
vn 0.9973 0.0007 0.0730
vn 0.9834 0.0009 -0.1816
vn 0.9876 0.0008 -0.1569
vn 0.9452 -0.0003 -0.3266
vn 0.9592 0.0007 -0.2826
vn 0.9843 0.0008 -0.1764
vn 0.9454 0.0005 -0.3258
vn 0.5564 0.0020 -0.8309
vn 0.5645 -0.0047 -0.8254
vn 0.5644 -0.0045 -0.8255
vn 0.3023 0.0042 -0.9532
vn 0.0302 -0.0069 -0.9995
vn 0.0187 -0.0043 -0.9998
vn 0.0193 0.0041 -0.9998
vn 0.0059 -0.0015 -1.0000
vn 0.0061 0.0014 -1.0000
vn 0.0024 -0.0006 -1.0000
vn 0.0027 0.0005 -1.0000
vn 0.0010 -0.0002 -1.0000
vn 0.0070 -0.0008 -1.0000
vn 0.0029 -0.0003 -1.0000
vn 0.0010 -0.0001 -1.0000
vn 0.0046 -0.0000 -1.0000
vn 0.0017 -0.0000 -1.0000
vn 0.0005 -0.0001 -1.0000
vn 0.0007 0.0002 -1.0000
vn -0.0111 -0.0045 -0.9999
vn -0.0036 -0.0009 -1.0000
vn -0.0401 -0.0068 -0.9992
vn -0.2145 -0.0073 -0.9767
vn -0.0496 0.0018 -0.9988
vn -0.1717 0.0339 -0.9846
vn -0.1231 0.0872 -0.9886
vn -0.0923 0.0666 -0.9935
vn -0.0592 0.1663 -0.9843
vn 0.0053 0.2301 -0.9731
vn -0.0133 0.0817 -0.9966
vn 0.0086 0.0671 -0.9977
vn 0.0039 0.0323 -0.9995
vn 0.0025 0.0061 -1.0000
vn 0.0013 0.0053 -1.0000
vn 0.0003 0.0049 -1.0000
vn 0.0010 0.0008 -1.0000
vn 0.0002 0.0006 -1.0000
vn -0.0000 -0.0003 -1.0000
vn -0.0000 -0.0004 -1.0000
vn -0.0002 -0.0014 -1.0000
vn -0.0005 -0.0033 -1.0000
vn -0.0002 -0.0055 -1.0000
vn 0.0001 -0.0059 -1.0000
vn 0.0001 -0.0022 -1.0000
vn -0.0001 -0.0058 -1.0000
vn -0.0000 -0.0022 -1.0000
vn -0.0001 -0.0060 -1.0000
vn -0.0001 -0.0121 -0.9999
vn 0.0002 -0.0123 -0.9999
vn 0.0001 -0.0234 -0.9997
vn -0.0004 -0.0254 -0.9997
vn -0.0012 -0.0561 -0.9984
vn -0.0019 -0.0771 -0.9970
vn -0.0025 -0.0823 -0.9966
vn -0.0032 -0.1196 -0.9928
vn -0.0023 -0.7873 -0.6166
vn -0.0002 -0.8131 -0.5821
vn 0.0012 -0.9167 -0.3997
vn -0.0008 -0.9078 -0.4193
vn 0.0025 -0.9952 -0.0982
vn 0.0006 -0.9959 -0.0906
vn 0.0010 -0.9976 0.0698
vn -0.0005 -0.9957 0.0929
vn -0.0003 -0.9904 0.1385
vn -0.0015 -0.9859 0.1673
vn 0.0009 -0.7452 0.6668
vn 0.0003 -0.7585 0.6517
vn 0.0006 -0.7570 0.6534
vn 0.0006 -0.7449 0.6672
vn 0.0066 -0.9952 0.0979
vn 0.0091 -0.9139 0.4057
vn 0.0075 -0.7800 0.6257
vn 0.0010 -0.9854 0.1700
vn 0.0063 -0.8904 0.4552
vn 0.0076 -0.7793 0.6266
vn 0.0030 -0.0617 0.9981
vn -0.0085 -0.8631 0.5049
vn -0.0044 -0.7284 0.6851
vn 0.0063 -0.0985 0.9951
vn 0.0043 -0.0586 0.9983
vn 0.0012 -0.1471 0.9891
vn 0.0010 -0.0899 0.9960
vn 0.0004 -0.0233 0.9997
vn -0.0023 -0.0869 0.9962
vn -0.0005 -0.0225 0.9997
vn -0.0001 -0.0098 1.0000
vn -0.0011 -0.0165 0.9999
vn -0.0003 -0.0079 1.0000
vn -0.0001 -0.0033 1.0000
vn 0.0001 -0.0064 1.0000
vn 0.0001 -0.0030 1.0000
vn -0.0000 -0.0035 1.0000
vn -0.0000 -0.0014 1.0000
vn -0.0016 0.0009 1.0000
vn -0.0006 0.0003 1.0000
vn -0.0008 0.0015 1.0000
vn -0.0004 0.0002 1.0000
vn 0.0006 0.0002 1.0000
vn 0.0007 0.0002 1.0000
vn 0.0019 0.0003 1.0000
vn 0.0015 0.0002 1.0000
vn 0.0006 0.0001 1.0000
vn 0.0036 0.0004 1.0000
vn 0.0028 0.0001 1.0000
vn 0.0062 0.0002 1.0000
vn 0.0046 -0.0002 1.0000
vn 0.0028 -0.0002 1.0000
vn 0.0098 -0.0002 1.0000
vn 0.0068 -0.0005 1.0000
vn 0.0040 -0.0003 1.0000
vn 0.0130 -0.0012 0.9999
vn 0.0076 -0.0009 1.0000
vn 0.0141 0.0013 0.9999
vn 0.2397 -0.0000 0.9709
vn 0.0253 0.0027 0.9997
vn 0.0869 0.0060 0.9962
vn 0.7240 -0.0100 0.6897
vn 0.5932 -0.0074 0.8050
vn 0.7894 -0.0083 0.6138
vn 0.8670 -0.0092 0.4982
vn 0.9701 -0.0070 0.2425
vn 0.9880 -0.0063 0.1545
vn 0.9991 -0.0042 -0.0429
vn 0.9926 -0.0030 -0.1210
vn 0.9836 -0.0027 -0.1802
vn 0.9655 -0.0015 -0.2604
vn 0.5999 -0.0055 -0.8000
vn 0.7061 -0.0001 -0.7081
vn 0.7047 -0.0002 -0.7095
vn 0.5981 -0.0056 -0.8014
vn 0.0957 -0.0078 -0.9954
vn 0.1562 -0.0003 -0.9877
vn 0.0977 -0.0000 -0.9952
vn 0.0604 -0.0054 -0.9982
vn 0.0265 0.0002 -0.9996
vn 0.0181 -0.0019 -0.9998
vn 0.0103 -0.0000 -0.9999
vn 0.0254 0.0018 -0.9997
vn 0.0092 0.0006 -1.0000
vn 0.0048 0.0002 -1.0000
vn 0.0087 -0.0001 -1.0000
vn 0.0047 -0.0000 -1.0000
vn 0.0019 -0.0001 -1.0000
vn 0.0066 -0.0004 -1.0000
vn 0.0027 -0.0001 -1.0000
vn -0.0002 -0.0001 -1.0000
vn -0.0001 -0.0002 -1.0000
vn 0.0004 -0.0000 -1.0000
vn -0.0036 0.0002 -1.0000
vn -0.0274 0.0064 -0.9996
vn -0.0014 0.0002 -1.0000
vn -0.0083 0.0034 -1.0000
vn -0.0256 0.0327 -0.9991
vn -0.0022 0.0004 -1.0000
vn -0.0051 0.0024 -1.0000
vn -0.0021 0.0056 -1.0000
vn -0.0033 0.0004 -1.0000
vn -0.0011 0.0011 -1.0000
vn 0.0021 0.0012 -1.0000
vn -0.0007 -0.0000 -1.0000
vn 0.0019 -0.0000 -1.0000
vn 0.0020 -0.0008 -1.0000
vn 0.0008 -0.0004 -1.0000
vn 0.0001 -0.0002 -1.0000
vn 0.0008 -0.0016 -1.0000
vn 0.0002 -0.0011 -1.0000
vn 0.0005 -0.0028 -1.0000
vn -0.0002 -0.0010 -1.0000
vn 0.0005 -0.0017 -1.0000
vn -0.0004 -0.0016 -1.0000
vn -0.0011 -0.0062 -1.0000
vn -0.0008 -0.0027 -1.0000
vn -0.0022 -0.0103 -0.9999
vn -0.0012 -0.0192 -0.9998
vn -0.0005 -0.0110 -0.9999
vn -0.0015 -0.0867 -0.9962
vn -0.0009 -0.0555 -0.9985
vn -0.0000 -0.1556 -0.9878
vn -0.0003 -0.0851 -0.9964
vn -0.0048 -0.8176 -0.5758
vn -0.0058 -0.7816 -0.6238
vn -0.0072 -0.9317 -0.3631
vn -0.0053 -0.9275 -0.3737
vn -0.0048 -1.0000 -0.0021
vn -0.0015 -0.9981 -0.0623
vn -0.0023 -0.9966 -0.0829
vn -0.0048 -1.0000 -0.0067
vn -0.0097 -0.9838 0.1789
vn -0.0005 -0.9991 -0.0419
vn -0.0036 -0.9895 0.1442
vn -0.0058 -0.9679 0.2514
vn -0.0036 -0.6667 0.7454
vn -0.0041 -0.6691 0.7432
vn 0.0022 -0.9921 0.1251
vn 0.0015 -0.9747 0.2234
vn -0.0029 -0.6783 0.7348
vn -0.0026 -0.6744 0.7384
vn -0.0041 -0.1405 0.9901
vn 0.0026 -0.8914 0.4532
vn -0.0012 -0.7451 0.6670
vn -0.0071 -0.0909 0.9958
vn -0.0044 -0.0581 0.9983
vn -0.0001 -0.0654 0.9979
vn -0.0005 -0.0395 0.9992
vn -0.0002 -0.0115 0.9999
vn 0.0022 -0.0643 0.9979
vn 0.0001 -0.0114 0.9999
vn -0.0000 -0.0069 1.0000
vn -0.0037 0.0013 1.0000
vn -0.0126 0.0226 0.9997
vn -0.0032 0.0066 1.0000
vn -0.0092 0.0499 0.9987
vn -0.0011 0.0101 0.9999
vn -0.0004 0.0019 1.0000
vn 0.0011 0.0099 1.0000
vn 0.0002 0.0015 1.0000
vn -0.0001 0.0002 1.0000
vn 0.0010 0.0010 1.0000
vn 0.0007 0.0001 1.0000
vn 0.0022 -0.0000 1.0000
vn 0.0019 -0.0000 1.0000
vn 0.0017 0.0003 1.0000
vn 0.0045 -0.0002 1.0000
vn 0.0035 0.0006 1.0000
vn 0.0061 0.0003 1.0000
vn 0.0065 0.0012 1.0000
vn 0.0071 0.0007 1.0000
vn 0.0129 0.0012 0.9999
vn 0.0118 0.0004 0.9999
vn 0.0471 -0.0021 0.9989
vn 0.0217 0.0009 0.9998
vn 0.0187 -0.0004 0.9998
vn 0.0280 0.0013 0.9996
vn 0.2647 0.0022 0.9643
vn 0.2172 0.0009 0.9761
vn 0.4904 0.0048 0.8715
vn 0.4122 0.0034 0.9111
vn 0.4698 0.0011 0.8828
vn 0.9044 0.0016 0.4266
vn 0.9078 0.0071 0.4193
vn 0.9548 0.0063 0.2971
vn 0.9558 0.0001 0.2939
vn 0.9992 0.0058 0.0408
vn 0.9999 -0.0015 0.0159
vn 0.9668 0.0065 -0.2553
vn 0.9405 0.0028 -0.3399
vn 0.9096 0.0063 -0.4155
vn 0.8421 0.0070 -0.5393
vn 0.1967 0.0054 -0.9804
vn 0.2303 0.0022 -0.9731
vn 0.1352 0.0010 -0.9908
vn 0.1186 0.0041 -0.9929
vn 0.0233 0.0001 -0.9997
vn 0.1527 -0.0061 -0.9883
vn 0.0368 -0.0043 -0.9993
vn 0.0148 -0.0014 -0.9999
vn 0.0604 -0.0022 -0.9982
vn 0.0234 -0.0003 -0.9997
vn 0.0092 0.0001 -1.0000
vn 0.0290 0.0008 -0.9996
vn 0.0107 0.0003 -0.9999
vn 0.0045 0.0001 -1.0000
vn 0.0037 -0.0000 -1.0000
vn 0.0058 -0.0002 -1.0000
vn 0.0031 -0.0000 -1.0000
vn -0.0014 -0.0001 -1.0000
vn -0.0015 -0.0001 -1.0000
vn -0.0021 0.0009 -1.0000
vn -0.0034 0.0005 -1.0000
vn -0.0004 -0.0006 -1.0000
vn -0.0051 0.0041 -1.0000
vn -0.0003 -0.0012 -1.0000
vn 0.0021 -0.0021 -1.0000
vn -0.0003 -0.0039 -1.0000
vn 0.0021 -0.0045 -1.0000
vn 0.0009 -0.0040 -1.0000
vn 0.0022 -0.0088 -1.0000
vn 0.0010 -0.0075 -1.0000
vn 0.0010 -0.0050 -1.0000
vn 0.0015 -0.0141 -0.9999
vn 0.0017 -0.0089 -1.0000
vn 0.0009 -0.0029 -1.0000
vn 0.0009 -0.0551 -0.9985
vn -0.0000 -0.0942 -0.9956
vn -0.0011 -0.1114 -0.9938
vn -0.0010 -0.1924 -0.9813
vn -0.0011 -0.2157 -0.9765
vn -0.0018 -0.7456 -0.6664
vn 0.0002 -0.7609 -0.6489
vn 0.0001 -0.7582 -0.6520
vn -0.0019 -0.7468 -0.6650
vn 0.0059 -0.7953 -0.6062
vn 0.0056 -0.9174 -0.3980
vn 0.0015 -0.9921 -0.1250
vn 0.0044 -0.9977 -0.0675
vn 0.0053 -0.9042 -0.4271
vn 0.0041 -0.9960 -0.0895
vn 0.0051 -0.9926 0.1212
vn -0.0008 -0.9956 -0.0935
vn 0.0011 -0.9918 0.1279
vn -0.0002 -0.9180 0.3966
vn -0.0026 -0.8293 0.5588
vn -0.0024 -0.9911 0.1328
vn -0.0042 -0.9352 0.3541
vn -0.0058 -0.8797 0.4755
vn 0.0043 -0.1157 0.9933
vn -0.0104 -0.9434 0.3314
vn -0.0125 -0.8993 0.4373
vn -0.0020 -0.1972 0.9804
vn -0.0074 -0.9910 0.1339
vn -0.0688 -0.9902 0.1216
vn -0.0094 -0.9988 -0.0485
vn -0.0657 -0.9978 -0.0090
vn -0.1159 -0.9932 0.0077
vn -0.1266 -0.9860 0.1083
vn -0.7317 -0.6812 0.0225
vn -0.7262 -0.6873 -0.0152
vn -0.7260 -0.6875 -0.0148
vn -0.7322 -0.6807 0.0230
vn -0.0572 -0.9984 0.0002
vn -0.0086 -1.0000 0.0018
vn -0.0118 -0.9999 -0.0001
vn -0.0595 -0.9982 -0.0002
vn -0.0576 -0.9983 0.0031
vn -0.0087 -1.0000 0.0028
vn 0.2713 -0.9625 -0.0040
vn 0.2849 -0.9578 0.0373
vn -0.0567 -0.9984 0.0038
vn -0.0092 -1.0000 0.0030
vn 0.2855 -0.9576 -0.0383
vn 0.5171 -0.8435 -0.1452
vn 0.4780 -0.8780 -0.0272
vn -0.0097 -0.9999 0.0051
vn 0.0357 -0.9993 0.0060
vn -0.0555 -0.9984 0.0039
vn -0.0581 -0.9983 0.0075
vn -0.0134 -0.9999 0.0084
vn 0.0313 -0.9995 0.0092
vn -0.0640 -0.9979 -0.0050
vn -0.0212 -0.9998 -0.0017
vn -0.0669 -0.9975 -0.0212
vn -0.0675 -0.9557 -0.2866
vn 0.1362 -0.9524 -0.2728
vn 0.3034 -0.9520 0.0417
vn -0.1062 -0.8340 -0.5414
vn 0.0936 -0.8376 -0.5382
vn 0.2201 -0.7909 -0.5711
vn 0.0850 0.6261 -0.7751
vn 0.1587 0.6871 -0.7090
vn 0.6390 0.5169 -0.5696
vn 0.1472 0.6722 -0.7255
vn -0.0868 0.6068 -0.7901
vn -0.1819 0.6824 -0.7080
vn -0.2385 0.8121 -0.5326
vn 0.2409 0.8032 -0.5448
vn -0.2677 0.6243 -0.7339
vn -0.3830 0.6753 -0.6304
vn -0.4337 0.7540 -0.4934
vn 0.5260 0.6397 -0.5605
vn 0.6074 0.5308 -0.5910
vn 0.6650 0.5938 -0.4529
vn -0.0607 0.8671 -0.4944
vn 0.7956 0.4715 -0.3803
vn 0.9451 0.1264 -0.3013
vn 0.3660 0.2964 -0.8821
vn 0.4628 0.5653 -0.6828
vn 0.0309 0.2078 -0.9777
vn 0.0524 0.1186 -0.9916
vn 0.1306 0.0557 -0.9899
vn -0.0705 0.8307 -0.5523
vn 0.1484 -0.0501 -0.9877
vn 0.0223 0.0227 -0.9995
vn 0.0054 0.0012 -1.0000
vn -0.0004 0.0424 -0.9991
vn -0.0001 0.0070 -1.0000
vn 0.0022 0.0001 -1.0000
vn -0.0067 0.0315 -0.9995
vn -0.0028 0.0070 -1.0000
vn -0.0107 0.0126 -0.9999
vn 0.0001 -0.0121 -0.9999
vn 0.0018 -0.0281 -0.9996
vn 0.0024 -0.0176 -0.9998
vn 0.0048 -0.0715 -0.9974
vn 0.0037 -0.0468 -0.9989
vn 0.0021 -0.0372 -0.9993
vn 0.0047 -0.0660 -0.9978
vn 0.0018 -0.0582 -0.9983
vn -0.0008 -0.1117 -0.9937
vn 0.0058 -0.7696 -0.6385
vn 0.0013 -0.7313 -0.6820
vn -0.0000 -0.8869 -0.4619
vn -0.0031 -0.7648 -0.6443
vn -0.0025 -0.8973 -0.4414
vn -0.0023 -0.9968 -0.0803
vn -0.0083 -0.9292 -0.3694
vn -0.0012 -0.8279 -0.5609
vn -0.0948 -0.9609 -0.2601
vn -0.1940 -0.9626 -0.1892
vn -0.7557 -0.6531 -0.0493
vn -0.7553 -0.6535 -0.0490
vn -0.0001 -0.2374 -0.9714
vn -0.0105 -0.3993 -0.9168
vn 0.0063 -0.1015 -0.9948
vn 0.0026 -0.0000 -1.0000
vn 0.0065 0.0002 -1.0000
vn 0.0070 -0.0000 -1.0000
vn 0.0149 -0.0000 -0.9999
vn 0.0137 0.0006 -0.9999
vn 0.0331 0.0008 -0.9995
vn 0.0242 0.0018 -0.9997
vn 0.0812 0.0039 -0.9967
vn 0.0533 0.0057 -0.9986
vn 0.0276 0.0039 -0.9996
vn 0.2993 0.0046 -0.9541
vn 0.0413 0.0055 -0.9991
vn 0.2688 -0.0184 -0.9630
vn 0.0192 -0.0073 -0.9998
vn 0.5632 -0.0109 -0.8262
vn 0.5626 -0.0082 -0.8267
vn 0.5094 -0.0275 -0.8601
vn 0.9088 -0.0385 -0.4155
vn 0.9051 -0.0221 -0.4245
vn 0.9553 -0.0196 -0.2948
vn 0.9521 -0.0436 -0.3026
vn 0.9369 -0.1562 -0.3128
vn 0.8820 -0.1860 -0.4329
vn 0.9961 -0.0443 -0.0768
vn 0.9863 -0.1306 -0.1004
vn 0.9258 -0.3597 -0.1163
vn 0.8420 -0.3941 -0.3683
vn 0.7476 -0.4189 -0.5153
vn 0.7639 -0.6348 -0.1163
vn 0.6483 -0.6199 -0.4421
vn 0.5224 -0.8470 -0.0983
vn 0.4397 -0.7816 -0.4425
vn 0.3095 -0.5938 -0.7427
vn 0.2682 -0.8897 -0.3695
vn 0.2228 -0.6967 -0.6819
vn 0.1229 -0.3788 -0.9173
vn 0.1392 -0.2992 -0.9440
vn 0.1783 -0.7889 -0.5880
vn 0.1352 -0.4886 -0.8620
vn 0.2495 -0.8516 -0.4611
vn 0.2672 -0.6089 -0.7469
vn 0.2212 -0.2892 -0.9314
vn 0.4196 -0.8570 -0.2992
vn 0.2229 -0.9644 -0.1424
vn 0.3799 -0.9225 -0.0689
vn 0.1975 -0.9717 0.1295
vn 0.3768 -0.9134 0.1539
vn 0.4976 -0.8612 0.1034
vn 0.2947 -0.9549 0.0361
vn 0.5334 -0.8454 0.0285
vn 0.0306 -0.9995 -0.0049
vn -0.0192 -0.9998 -0.0033
vn 0.2731 -0.9620 -0.0024
vn -0.0273 -0.9996 -0.0066
vn -0.0810 -0.9967 -0.0049
vn -0.0676 -0.9977 -0.0012
vn 0.2494 -0.9683 -0.0117
vn -0.0343 -0.9994 -0.0092
vn -0.0964 -0.9953 -0.0074
vn -0.0379 -0.9993 -0.0044
vn -0.1056 -0.9944 -0.0035
vn -0.9218 -0.3876 0.0063
vn -0.9077 -0.4195 -0.0057
vn -0.9800 -0.1987 -0.0072
vn -0.9817 -0.1902 0.0103
vn -0.9994 0.0328 -0.0086
vn -0.9996 0.0238 0.0137
vn -0.8004 0.5993 0.0180
vn -0.8033 0.5955 0.0009
vn -0.8033 0.5955 0.0008
vn -0.8007 0.5988 0.0169
vn -0.7938 0.6039 0.0715
vn -0.7930 0.6037 0.0817
vn -0.0478 0.9935 0.1037
vn 0.0128 0.9996 0.0248
vn 0.2027 0.9784 0.0407
vn 0.1369 0.9784 0.1548
vn -0.7889 0.6023 0.1214
vn 0.3866 0.9205 0.0563
vn 0.3158 0.9228 0.2209
vn 0.1604 0.8556 0.4921
vn 0.2195 0.9756 -0.0039
vn 0.3998 0.9166 -0.0052
vn 0.8275 0.5565 0.0745
vn 0.8298 0.5580 -0.0069
vn 0.9451 0.3266 -0.0093
vn 0.9495 0.3090 0.0542
vn 0.9970 0.0765 -0.0107
vn 0.9986 0.0439 0.0295
vn 0.4603 -0.8877 -0.0120
vn 0.4353 -0.9002 -0.0075
vn 0.2364 -0.9716 -0.0066
vn 0.5055 -0.8628 0.0038
vn 0.4449 -0.8952 0.0257
vn 0.2393 -0.9706 0.0252
vn -0.0365 -0.9991 0.0223
vn -0.0340 -0.9957 0.0863
vn -0.0955 -0.9952 0.0198
vn -0.8968 -0.4425 -0.0037
vn -0.8874 -0.4610 0.0014
vn -0.9746 -0.2238 0.0008
vn -0.9788 -0.2048 0.0003
vn -0.9550 0.2964 0.0060
vn -0.9992 0.0393 0.0041
vn -0.8146 0.5799 0.0098
vn -0.8518 0.5237 0.0094
vn -0.8149 0.5795 0.0101
vn 0.0381 0.9993 -0.0056
vn 0.0823 0.9950 0.0573
vn 0.2623 0.9591 0.1068
vn 0.2224 0.9749 -0.0029
vn 0.0323 0.9995 -0.0029
vn 0.4252 0.8917 0.1551
vn 0.3968 0.9179 0.0003
vn 0.8398 0.5429 0.0015
vn 0.9474 0.3202 -0.0037
vn 0.9985 0.0541 -0.0046
vn 0.9979 0.0638 -0.0100
vn 0.1255 0.9861 0.1093
vn 0.3120 0.9274 0.2063
vn 0.4463 0.8517 0.2747
vn 0.4568 -0.8881 0.0521
vn 0.1602 -0.9861 0.0451
vn 0.1630 -0.8991 0.4062
vn 0.1796 -0.9499 -0.2557
vn 0.2858 -0.9575 -0.0388
vn 0.5079 -0.8333 0.2182
vn 0.2798 -0.8990 0.3369
vn 0.3842 -0.8017 0.4580
vn 0.2088 -0.7504 0.6272
vn 0.1513 -0.6714 0.7255
vn 0.0946 -0.4820 0.8710
vn 0.0981 -0.3704 0.9237
vn 0.0221 -0.1593 0.9870
vn 0.0383 -0.1121 0.9930
vn 0.0587 -0.0578 0.9966
vn 0.0203 -0.0083 0.9998
vn 0.0278 0.0144 0.9995
vn 0.0906 0.0188 0.9957
vn 0.0090 -0.0184 0.9998
vn 0.0046 -0.0020 1.0000
vn 0.0069 0.0003 1.0000
vn 0.0030 -0.0235 0.9997
vn 0.0062 0.0001 1.0000
vn 0.0128 0.0004 0.9999
vn 0.0057 -0.0000 1.0000
vn 0.0136 0.0070 0.9999
vn 0.0301 0.0029 0.9995
vn 0.0318 -0.0031 0.9995
vn 0.0139 -0.0011 0.9999
vn 0.1085 -0.0058 0.9941
vn 0.1015 0.0027 0.9948
vn 0.1412 0.0007 0.9900
vn 0.2015 0.0004 0.9795
vn 0.0175 -0.0031 0.9998
vn 0.1596 0.0002 0.9872
vn 0.2246 0.0052 0.9744
vn 0.3545 0.0060 0.9350
vn 0.3986 0.0007 0.9171
vn 0.2034 -0.0006 0.9791
vn 0.8841 0.0201 0.4668
vn 0.8927 0.0044 0.4506
vn 0.9373 -0.0009 0.3487
vn 0.9294 0.0161 0.3686
vn 0.9136 -0.0050 0.4066
vn 0.8531 -0.0058 0.5217
vn 0.8989 -0.0088 0.4382
vn 0.8193 -0.0083 0.5734
vn 0.9853 0.0081 0.1708
vn 0.9813 -0.0062 0.1922
vn 0.9798 -0.0066 0.1997
vn 0.9755 0.0019 0.2200
vn 0.8708 0.0051 0.4916
vn 1.0000 -0.0058 -0.0069
vn 1.0000 -0.0041 -0.0055
vn 1.0000 0.0006 0.0024
vn 0.9997 0.0006 0.0225
vn 0.9673 0.0015 0.2537
vn 0.9676 -0.0017 -0.2524
vn 0.9662 0.0014 -0.2577
vn 0.9649 0.0010 -0.2625
vn 0.9682 0.0042 -0.2503
vn 0.9992 0.0073 0.0397
vn 0.9153 0.0021 -0.4028
vn 0.9053 0.0023 -0.4248
vn 0.9081 0.0016 -0.4189
vn 0.2521 -0.0061 -0.9677
vn 0.2541 -0.0040 -0.9672
vn 0.1701 -0.0039 -0.9854
vn 0.2678 -0.0018 -0.9635
vn 0.1904 -0.0006 -0.9817
vn 0.0767 0.0008 -0.9971
vn 0.2107 -0.0015 -0.9776
vn 0.0875 -0.0008 -0.9962
vn 0.0338 -0.0006 -0.9994
vn 0.0129 -0.0004 -0.9999
vn 0.2438 0.0032 -0.9698
vn 0.2938 -0.0020 -0.9559
vn 0.3549 0.0008 -0.9349
vn 0.4793 0.0003 -0.8776
vn 0.9101 -0.0091 -0.4144
vn 0.9200 -0.0070 -0.3918
vn 0.9683 -0.0060 -0.2499
vn 0.9636 -0.0054 -0.2674
vn 0.9997 0.0018 -0.0234
vn 0.9986 -0.0137 -0.0510
vn 0.9890 -0.0063 0.1475
vn 0.9908 -0.0345 0.1309
vn 0.9309 -0.0300 0.3641
vn 0.9184 -0.0929 0.3846
vn 0.9882 -0.1077 0.1093
vn 0.8785 -0.3007 0.3712
vn 0.9355 -0.3424 0.0872
vn 0.6782 -0.6440 0.3539
vn 0.7599 -0.6405 0.1109
vn 0.7967 -0.2509 0.5498
vn 0.7505 -0.3873 0.5355
vn 0.3713 -0.7904 0.4873
vn 0.2684 -0.7599 0.5920
vn 0.8414 -0.0822 0.5342
vn 0.2007 -0.0255 0.9793
vn 0.8718 -0.0300 0.4889
vn 0.9203 -0.0005 -0.3913
vn 0.9598 0.0074 0.2807
vn 0.9163 0.0071 0.4004
vn 0.8131 0.0057 0.5821
vn 0.6409 0.0092 0.7675
vn 0.7623 0.0084 0.6472
vn 0.0898 -0.0075 0.9959
vn 0.1254 -0.0041 0.9921
vn 0.2641 -0.0096 0.9645
vn 0.0094 0.0003 1.0000
vn 0.0094 -0.0010 1.0000
vn 0.0059 -0.0003 1.0000
vn 0.0025 0.0004 1.0000
vn 0.0057 0.0059 1.0000
vn 0.0151 0.0441 0.9989
vn 0.0502 0.1026 0.9935
vn -0.1998 -0.7943 -0.5738
vn -0.0032 -0.0038 1.0000
vn -0.0678 -0.0701 0.9952
vn -0.1576 -0.1106 0.9813
vn -0.0312 0.0001 0.9995
vn -0.0005 0.0002 1.0000
vn -0.0000 0.0058 1.0000
vn -0.0016 0.0473 0.9989
vn 0.0001 0.0498 0.9988
vn -0.0050 0.1023 0.9947
vn -0.0084 0.1986 0.9800
vn 0.0059 0.6267 0.7792
vn 0.0013 0.4994 0.8664
vn -0.7528 -0.6580 -0.0199
vn -0.4954 0.8256 -0.2703
vn -0.5112 0.8244 -0.2430
vn 0.2816 0.3373 0.8983
vn -0.8171 -0.5756 -0.0316
vn -0.9008 0.0941 -0.4239
vn -0.9106 0.1510 -0.3848
vn 0.0854 0.7994 0.5947
vn 0.9456 -0.0192 -0.3249
vn 0.8823 0.0922 -0.4615
vn -0.8387 -0.0933 -0.5365
vn 0.7770 -0.5537 0.2995
vn 0.6437 -0.5986 0.4768
vt 0.384973 0.719148
vt 0.385998 0.716188
vt 0.389141 0.716311
vt 0.388695 0.719146
vt 0.391328 0.401227
vt 0.394572 0.400926
vt 0.394999 0.403723
vt 0.392326 0.404266
vt 0.640359 0.778916
vt 0.644038 0.779042
vt 0.643661 0.781985
vt 0.640992 0.782159
vt 0.848456 0.720384
vt 0.851058 0.720931
vt 0.851068 0.723435
vt 0.848049 0.723314
vt 0.120281 0.773072
vt 0.119481 0.770985
vt 0.123493 0.770029
vt 0.124201 0.773022
vt 0.016338 0.786744
vt 0.013786 0.789015
vt 0.014036 0.785235
vt 0.017208 0.785017
vt 0.827790 0.838920
vt 0.824421 0.838742
vt 0.825990 0.833088
vt 0.829458 0.832702
vt 0.118424 0.773749
vt 0.121993 0.775215
vt 0.122861 0.777313
vt 0.120349 0.776905
vt 0.119256 0.779333
vt 0.122641 0.779422
vt 0.848481 0.839590
vt 0.847910 0.833982
vt 0.850940 0.833642
vt 0.851107 0.839304
vt 0.645720 0.898245
vt 0.649116 0.899776
vt 0.647624 0.903726
vt 0.643920 0.903758
vt 0.639261 0.905104
vt 0.640657 0.899008
vt 0.640596 0.893242
vt 0.644494 0.892671
vt 0.517513 0.401277
vt 0.515993 0.404095
vt 0.511239 0.403526
vt 0.511422 0.400784
vt 0.000208 0.402090
vt 0.004853 0.401583
vt 0.003650 0.404778
vt 0.000000 0.404925
vt 0.043047 0.780250
vt 0.043047 0.788520
vt 0.040269 0.786396
vt 0.040247 0.782403
vt 0.200482 0.756280
vt 0.209351 0.761577
vt 0.214638 0.761660
vt 0.194530 0.762171
vt 0.088097 0.424681
vt 0.084405 0.423063
vt 0.082654 0.417621
vt 0.096985 0.419384
vt 0.102237 0.419257
vt 0.096219 0.414629
vt 0.105418 0.414978
vt 0.082873 0.780250
vt 0.085936 0.780250
vt 0.085520 0.783312
vt 0.084469 0.783895
vt 0.217665 0.772060
vt 0.205268 0.773583
vt 0.205877 0.770314
vt 0.215449 0.769947
vt 0.105236 0.408852
vt 0.101740 0.407565
vt 0.101600 0.404072
vt 0.107104 0.404772
vt 0.023962 0.780533
vt 0.024159 0.784891
vt 0.020677 0.784544
vt 0.021948 0.780250
vt 0.221282 0.775708
vt 0.220884 0.779680
vt 0.214108 0.779916
vt 0.215105 0.776929
vt 0.024159 0.788432
vt 0.020280 0.786471
vt 0.746453 0.899255
vt 0.746672 0.903593
vt 0.739522 0.902946
vt 0.739783 0.899734
vt 0.108623 0.401340
vt 0.101342 0.400900
vt 0.216588 0.634019
vt 0.214275 0.618980
vt 0.220013 0.618732
vt 0.217300 0.633267
vt 0.781891 0.006462
vt 0.784343 0.005367
vt 0.784680 0.008008
vt 0.781732 0.009228
vt 0.603303 0.772714
vt 0.607358 0.773282
vt 0.605804 0.774746
vt 0.601940 0.775123
vt 0.178384 0.785864
vt 0.176419 0.787879
vt 0.173760 0.787031
vt 0.173760 0.784824
vt 0.173846 0.782275
vt 0.175801 0.782457
vt 0.898081 0.008321
vt 0.897339 0.011712
vt 0.891071 0.012206
vt 0.891207 0.009052
vt 0.891346 0.006752
vt 0.897626 0.005792
vt 0.119053 0.409357
vt 0.119779 0.406814
vt 0.124013 0.407291
vt 0.123810 0.409869
vt 0.901776 0.009740
vt 0.901282 0.012003
vt 0.472048 0.778939
vt 0.470965 0.783767
vt 0.468135 0.783832
vt 0.468352 0.779651
vt 0.900682 0.014937
vt 0.896413 0.015109
vt 0.116186 0.411864
vt 0.119364 0.411234
vt 0.119204 0.415024
vt 0.115982 0.415239
vt 0.898059 0.001897
vt 0.897453 0.003644
vt 0.891374 0.004415
vt 0.891366 0.002417
vt 0.604022 0.888985
vt 0.605687 0.882344
vt 0.607970 0.882424
vt 0.607339 0.888864
vt 0.119592 0.402036
vt 0.123638 0.400916
vt 0.123951 0.404005
vt 0.120045 0.404422
vt 0.604199 0.893572
vt 0.601405 0.894720
vt 0.601276 0.890667
vt 0.606766 0.893245
vt 0.128952 0.404031
vt 0.127648 0.401020
vt 0.128413 0.407768
vt 0.135612 0.404481
vt 0.134319 0.407870
vt 0.445633 0.800956
vt 0.446470 0.798027
vt 0.450581 0.798091
vt 0.452307 0.800844
vt 0.595188 0.887507
vt 0.597871 0.892339
vt 0.594290 0.893437
vt 0.593964 0.889400
vt 0.199909 0.792908
vt 0.196396 0.794719
vt 0.196411 0.790649
vt 0.198404 0.790072
vt 0.000493 0.779671
vt 0.000208 0.777209
vt 0.002903 0.777388
vt 0.003015 0.779771
vt 0.516039 0.778137
vt 0.512499 0.777953
vt 0.512237 0.775598
vt 0.515406 0.775663
vt 0.610644 0.896782
vt 0.608627 0.896260
vt 0.609205 0.893249
vt 0.610735 0.893238
vt 0.137229 0.400975
vt 0.141559 0.401151
vt 0.141455 0.403743
vt 0.140624 0.406893
vt 0.115900 0.802381
vt 0.115922 0.799479
vt 0.119721 0.799761
vt 0.119726 0.803690
vt 0.019253 0.776427
vt 0.014376 0.775948
vt 0.015305 0.773341
vt 0.021074 0.773506
vt 0.016188 0.777787
vt 0.014540 0.777486
vt 0.405283 0.778939
vt 0.406662 0.781850
vt 0.403717 0.782837
vt 0.401996 0.779777
vt 0.597990 0.897065
vt 0.600960 0.897225
vt 0.598260 0.897848
vt 0.146034 0.779923
vt 0.147445 0.780710
vt 0.147279 0.783028
vt 0.146034 0.783664
vt 0.593966 0.897420
vt 0.596465 0.900810
vt 0.593350 0.901582
vt 0.590031 0.889280
vt 0.590107 0.893862
vt 0.586719 0.894082
vt 0.586326 0.890743
vt 0.590325 0.885359
vt 0.593629 0.885331
vt 0.030350 0.777517
vt 0.030901 0.773908
vt 0.416134 0.778939
vt 0.411772 0.781112
vt 0.036666 0.780063
vt 0.029659 0.780101
vt 0.026034 0.777109
vt 0.589402 0.897682
vt 0.155421 0.779923
vt 0.155623 0.785386
vt 0.152727 0.788023
vt 0.152565 0.784233
vt 0.590034 0.903172
vt 0.586818 0.897456
vt 0.026590 0.780199
vt 0.025033 0.777571
vt 0.594069 0.919095
vt 0.591537 0.919039
vt 0.590776 0.917060
vt 0.593680 0.915849
vt 0.145896 0.801943
vt 0.145606 0.798696
vt 0.146139 0.798119
vt 0.147204 0.801469
vt 0.110133 0.783354
vt 0.111465 0.783575
vt 0.111465 0.785963
vt 0.109511 0.786023
vt 0.153501 0.797364
vt 0.152882 0.795331
vt 0.155798 0.792995
vt 0.155672 0.796480
vt 0.155252 0.799299
vt 0.153020 0.799476
vt 0.409709 0.795792
vt 0.408632 0.797833
vt 0.407879 0.795497
vt 0.409722 0.793731
vt 0.154530 0.801305
vt 0.152565 0.800864
vt 0.404447 0.798026
vt 0.406084 0.797133
vt 0.407071 0.799130
vt 0.404783 0.799118
vt 0.148802 0.800343
vt 0.147963 0.797157
vt 0.402773 0.794695
vt 0.404955 0.793265
vt 0.551789 0.890317
vt 0.554708 0.890518
vt 0.557006 0.892476
vt 0.551554 0.891826
vt 0.186821 0.400832
vt 0.193613 0.401138
vt 0.201311 0.401419
vt 0.192349 0.403565
vt 0.183149 0.401435
vt 0.179562 0.401509
vt 0.379937 0.838378
vt 0.379802 0.832612
vt 0.382092 0.831895
vt 0.380043 0.836057
vt 0.548191 0.889760
vt 0.549146 0.887435
vt 0.837221 0.807889
vt 0.838359 0.803769
vt 0.843009 0.804288
vt 0.844010 0.809989
vt 0.073388 0.777540
vt 0.080194 0.774531
vt 0.095002 0.776782
vt 0.086515 0.777652
vt 0.049921 0.777085
vt 0.050259 0.774277
vt 0.090139 0.779531
vt 0.081956 0.780250
vt 0.421769 0.781959
vt 0.428659 0.786515
vt 0.421759 0.785477
vt 0.555673 0.897587
vt 0.549235 0.898449
vt 0.550253 0.895069
vt 0.556727 0.895014
vt 0.548943 0.901540
vt 0.548742 0.902120
vt 0.543319 0.889530
vt 0.541887 0.895092
vt 0.536015 0.895395
vt 0.536750 0.892000
vt 0.545215 0.889685
vt 0.545030 0.894874
vt 0.543490 0.883768
vt 0.544869 0.884129
vt 0.099725 0.779245
vt 0.543724 0.899975
vt 0.544888 0.899535
vt 0.544772 0.903393
vt 0.541934 0.904245
vt 0.536599 0.897728
vt 0.428042 0.790943
vt 0.422131 0.789173
vt 0.416134 0.799455
vt 0.417084 0.797819
vt 0.419324 0.797335
vt 0.418899 0.799859
vt 0.549052 0.916631
vt 0.546981 0.917007
vt 0.546773 0.915734
vt 0.548968 0.914769
vt 0.035327 0.790620
vt 0.035309 0.787243
vt 0.037217 0.786743
vt 0.037417 0.789846
vt 0.421143 0.801729
vt 0.422715 0.798717
vt 0.543950 0.916837
vt 0.543400 0.916037
vt 0.543894 0.912950
vt 0.546818 0.912181
vt 0.224475 0.401592
vt 0.222121 0.405404
vt 0.212100 0.405433
vt 0.212174 0.402626
vt 0.517513 0.891366
vt 0.527110 0.890885
vt 0.527312 0.892659
vt 0.518872 0.894679
vt 0.183974 0.779923
vt 0.184410 0.783331
vt 0.181895 0.787727
vt 0.179806 0.781583
vt 0.836466 0.731992
vt 0.840891 0.731410
vt 0.840036 0.735742
vt 0.836468 0.735744
vt 0.837232 0.727401
vt 0.840408 0.727249
vt 0.382373 0.760109
vt 0.381073 0.763884
vt 0.379069 0.763867
vt 0.379111 0.759591
vt 0.549661 0.811453
vt 0.547650 0.811006
vt 0.547561 0.806942
vt 0.550304 0.806965
vt 0.097368 0.780846
vt 0.097304 0.783387
vt 0.095030 0.783557
vt 0.095030 0.780250
vt 0.545371 0.800713
vt 0.545903 0.799884
vt 0.544673 0.798453
vt 0.547343 0.800227
vt 0.547804 0.803177
vt 0.544730 0.803212
vt 0.389945 0.719005
vt 0.389522 0.716769
vt 0.389795 0.715660
vt 0.391320 0.715783
vt 0.390713 0.714197
vt 0.389522 0.714334
vt 0.637711 0.772714
vt 0.638359 0.772969
vt 0.638482 0.774254
vt 0.637711 0.774411
vt 0.103379 0.780249
vt 0.104746 0.780655
vt 0.104746 0.782491
vt 0.103100 0.781508
vt 0.548449 0.800662
vt 0.549749 0.803251
vt 0.838761 0.721150
vt 0.841620 0.720384
vt 0.841119 0.723689
vt 0.837472 0.723720
vt 0.544260 0.806718
vt 0.844010 0.727180
vt 0.844004 0.731333
vt 0.843517 0.723672
vt 0.544154 0.810866
vt 0.843001 0.735796
vt 0.548045 0.815281
vt 0.544772 0.815315
vt 0.355635 0.764427
vt 0.355921 0.770475
vt 0.352871 0.770309
vt 0.352931 0.764263
vt 0.548548 0.821341
vt 0.545134 0.821380
vt 0.548405 0.830987
vt 0.545065 0.830771
vt 0.379252 0.769933
vt 0.381039 0.769916
vt 0.381224 0.779761
vt 0.379551 0.779587
vt 0.381599 0.791218
vt 0.379521 0.791251
vt 0.836937 0.751622
vt 0.836536 0.741774
vt 0.840088 0.741787
vt 0.840348 0.751337
vt 0.841252 0.763062
vt 0.837397 0.763086
vt 0.841777 0.774987
vt 0.837849 0.775177
vt 0.352765 0.791603
vt 0.352920 0.779865
vt 0.355597 0.779864
vt 0.356252 0.791607
vt 0.356252 0.803636
vt 0.353216 0.803548
vt 0.355891 0.814448
vt 0.353377 0.814450
vt 0.543665 0.854510
vt 0.543543 0.842470
vt 0.547662 0.842652
vt 0.547582 0.854548
vt 0.547403 0.865416
vt 0.543916 0.865337
vt 0.547794 0.874004
vt 0.544412 0.873847
vt 0.380019 0.814029
vt 0.379449 0.803147
vt 0.381486 0.803311
vt 0.382176 0.814061
vt 0.382219 0.821800
vt 0.379851 0.822616
vt 0.382373 0.827782
vt 0.379858 0.828090
vt 0.838708 0.793678
vt 0.838284 0.785939
vt 0.842354 0.785875
vt 0.842952 0.794201
vt 0.842817 0.799830
vt 0.838674 0.799663
vt 0.353711 0.828422
vt 0.353665 0.822793
vt 0.355949 0.822936
vt 0.355658 0.828521
vt 0.355313 0.833197
vt 0.353830 0.832886
vt 0.544791 0.879447
vt 0.547986 0.879476
vt 0.547877 0.883999
vt 0.592233 0.788749
vt 0.595362 0.791939
vt 0.599050 0.802572
vt 0.592461 0.803770
vt 0.598740 0.816758
vt 0.595503 0.816938
vt 0.592970 0.816868
vt 0.591768 0.803738
vt 0.590444 0.816822
vt 0.590388 0.803672
vt 0.829543 0.328696
vt 0.829501 0.341831
vt 0.820184 0.341729
vt 0.820231 0.327528
vt 0.825072 0.316874
vt 0.829121 0.313686
vt 0.593222 0.829821
vt 0.590283 0.829747
vt 0.829335 0.354768
vt 0.820980 0.354964
vt 0.829315 0.367011
vt 0.821180 0.367221
vt 0.598142 0.830012
vt 0.597964 0.842281
vt 0.595608 0.842172
vt 0.595858 0.829785
vt 0.592899 0.842110
vt 0.595158 0.854262
vt 0.592677 0.854083
vt 0.589996 0.854000
vt 0.590187 0.841993
vt 0.593156 0.865552
vt 0.590076 0.865491
vt 0.829391 0.379017
vt 0.829543 0.390479
vt 0.826543 0.390855
vt 0.824081 0.379294
vt 0.214771 0.792191
vt 0.214593 0.803745
vt 0.212874 0.803457
vt 0.212874 0.792024
vt 0.213205 0.779923
vt 0.213571 0.780068
vt 0.445633 0.778939
vt 0.448528 0.778940
vt 0.449907 0.787665
vt 0.446170 0.787873
vt 0.595222 0.865657
vt 0.594713 0.874561
vt 0.593618 0.874682
vt 0.196493 0.779998
vt 0.198356 0.779923
vt 0.198373 0.785906
vt 0.196396 0.786068
vt 0.593706 0.880752
vt 0.590355 0.880760
vt 0.590463 0.874716
vt 0.119726 0.789118
vt 0.119658 0.795164
vt 0.116134 0.795105
vt 0.115949 0.789034
vt 0.115918 0.780218
vt 0.118826 0.779923
vt 0.450318 0.793721
vt 0.446944 0.793815
vt 0.529861 0.895344
vt 0.528529 0.897722
vt 0.108694 0.776159
vt 0.111472 0.779230
vt 0.105207 0.773606
vt 0.178384 0.789796
vt 0.178384 0.782437
vt 0.221746 0.407130
vt 0.222836 0.410983
vt 0.213097 0.411134
vt 0.211353 0.408122
vt 0.110461 0.773749
vt 0.105748 0.770912
vt 0.111552 0.769903
vt 0.104659 0.768189
vt 0.112043 0.767060
vt 0.081400 0.771714
vt 0.077956 0.768568
vt 0.075500 0.762934
vt 0.103178 0.763388
vt 0.048810 0.771342
vt 0.047271 0.768136
vt 0.045200 0.763036
vt 0.041655 0.754656
vt 0.071331 0.755454
vt 0.029316 0.767450
vt 0.027834 0.761672
vt 0.025579 0.752945
vt 0.023526 0.735662
vt 0.035433 0.738113
vt 0.019843 0.760643
vt 0.018576 0.751360
vt 0.017699 0.732150
vt 0.017296 0.703091
vt 0.022941 0.704470
vt 0.014707 0.750107
vt 0.014150 0.730552
vt 0.013941 0.702525
vt 0.013744 0.670284
vt 0.017011 0.670473
vt 0.010805 0.729457
vt 0.010682 0.701916
vt 0.010532 0.670002
vt 0.010447 0.637572
vt 0.013790 0.637480
vt 0.007501 0.701437
vt 0.007360 0.669776
vt 0.007176 0.637603
vt 0.007356 0.602148
vt 0.010696 0.601952
vt 0.004236 0.669562
vt 0.004025 0.637558
vt 0.004160 0.602334
vt 0.004722 0.570300
vt 0.008094 0.570048
vt 0.516751 0.601376
vt 0.516792 0.636523
vt 0.514798 0.636345
vt 0.514793 0.601484
vt 0.002542 0.602540
vt 0.002521 0.570437
vt 0.002465 0.538161
vt 0.005018 0.538172
vt 0.515293 0.569442
vt 0.511562 0.601669
vt 0.512111 0.569503
vt 0.512467 0.537126
vt 0.515631 0.537225
vt 0.512644 0.503921
vt 0.515790 0.504122
vt 0.508779 0.569508
vt 0.509063 0.536968
vt 0.509117 0.503726
vt 0.509108 0.471599
vt 0.512697 0.471972
vt 0.505620 0.536876
vt 0.505530 0.503469
vt 0.505472 0.471019
vt 0.505226 0.444128
vt 0.509022 0.445280
vt 0.501860 0.502926
vt 0.501713 0.470615
vt 0.500939 0.442593
vt 0.500176 0.426594
vt 0.504832 0.427871
vt 0.494517 0.469513
vt 0.493260 0.438546
vt 0.492186 0.425911
vt 0.490862 0.419806
vt 0.499839 0.419914
vt 0.480128 0.436397
vt 0.476515 0.425502
vt 0.474513 0.419656
vt 0.473087 0.414937
vt 0.489653 0.415124
vt 0.451118 0.426077
vt 0.451377 0.419652
vt 0.451506 0.414822
vt 0.451461 0.410833
vt 0.472280 0.410924
vt 0.430073 0.420471
vt 0.431560 0.415430
vt 0.432232 0.411294
vt 0.432591 0.407190
vt 0.451331 0.406821
vt 0.418573 0.415865
vt 0.418828 0.411622
vt 0.419014 0.407502
vt 0.419143 0.403444
vt 0.432688 0.403125
vt 0.410955 0.411489
vt 0.410820 0.407529
vt 0.410708 0.403534
vt 0.410634 0.400764
vt 0.419169 0.400958
vt 0.405701 0.407455
vt 0.405406 0.403610
vt 0.405171 0.400874
vt 0.641051 0.792757
vt 0.643917 0.792664
vt 0.644257 0.798156
vt 0.641083 0.798222
vt 0.401568 0.403560
vt 0.401351 0.400879
vt 0.641092 0.788938
vt 0.643788 0.788771
vt 0.847771 0.730100
vt 0.850980 0.730104
vt 0.851235 0.734039
vt 0.848031 0.733996
vt 0.641038 0.785501
vt 0.643711 0.785349
vt 0.847851 0.726677
vt 0.850914 0.726665
vt 0.823741 0.726113
vt 0.823719 0.722886
vt 0.826411 0.723550
vt 0.826346 0.726426
vt 0.826471 0.729798
vt 0.823899 0.729554
vt 0.829513 0.726956
vt 0.829581 0.730155
vt 0.829711 0.733919
vt 0.826672 0.733668
vt 0.823933 0.733493
vt 0.830033 0.738978
vt 0.826973 0.738960
vt 0.823641 0.738947
vt 0.851687 0.739488
vt 0.848490 0.739497
vt 0.827267 0.746768
vt 0.823641 0.747232
vt 0.851892 0.747770
vt 0.848343 0.748050
vt 0.851822 0.761014
vt 0.848381 0.761391
vt 0.644612 0.806702
vt 0.644517 0.820051
vt 0.641091 0.820245
vt 0.641112 0.806754
vt 0.644587 0.838248
vt 0.641073 0.838525
vt 0.432658 0.400723
vt 0.450936 0.400501
vt 0.451150 0.402865
vt 0.638796 0.838729
vt 0.640954 0.858399
vt 0.638500 0.858725
vt 0.471146 0.403015
vt 0.471647 0.406923
vt 0.487833 0.403146
vt 0.488241 0.407081
vt 0.488836 0.411114
vt 0.499089 0.407122
vt 0.499282 0.411094
vt 0.499521 0.415122
vt 0.505486 0.410966
vt 0.505382 0.415165
vt 0.505084 0.420074
vt 0.509647 0.415263
vt 0.509274 0.420297
vt 0.509007 0.428379
vt 0.513396 0.420488
vt 0.513108 0.428899
vt 0.512932 0.445854
vt 0.516393 0.429156
vt 0.516355 0.446200
vt 0.515863 0.472222
vt 0.002063 0.473056
vt 0.002362 0.446965
vt 0.005543 0.446912
vt 0.005188 0.473105
vt 0.005183 0.505105
vt 0.002217 0.505009
vt 0.008938 0.472992
vt 0.008858 0.505158
vt 0.008532 0.538082
vt 0.012426 0.505174
vt 0.011960 0.537988
vt 0.011459 0.569748
vt 0.015427 0.537986
vt 0.014900 0.569523
vt 0.014191 0.601826
vt 0.018701 0.570427
vt 0.017861 0.601955
vt 0.017182 0.637325
vt 0.024325 0.601764
vt 0.023126 0.636962
vt 0.022659 0.670848
vt 0.032731 0.636769
vt 0.032394 0.671530
vt 0.033182 0.706083
vt 0.060250 0.671887
vt 0.062671 0.707244
vt 0.067460 0.740823
vt 0.095504 0.706723
vt 0.100318 0.741379
vt 0.099869 0.756130
vt 0.115591 0.738196
vt 0.115900 0.756519
vt 0.113102 0.763025
vt 0.224398 0.417864
vt 0.227203 0.424372
vt 0.217082 0.425125
vt 0.215562 0.418656
vt 0.214302 0.414321
vt 0.223331 0.413829
vt 0.196256 0.419548
vt 0.193722 0.415064
vt 0.191955 0.411880
vt 0.168316 0.415137
vt 0.167751 0.412225
vt 0.167393 0.410174
vt 0.189752 0.409268
vt 0.168261 0.407642
vt 0.193247 0.406188
vt 0.148711 0.410607
vt 0.149577 0.408710
vt 0.149787 0.406001
vt 0.167880 0.404964
vt 0.149963 0.403055
vt 0.165304 0.402186
vt 0.149622 0.401182
vt 0.164293 0.401126
vt 0.566122 0.890187
vt 0.567519 0.892059
vt 0.579630 0.891364
vt 0.580431 0.894361
vt 0.568350 0.894799
vt 0.581014 0.897523
vt 0.568821 0.897638
vt 0.051397 0.779994
vt 0.067315 0.779963
vt 0.139949 0.409737
vt 0.471459 0.799724
vt 0.469221 0.799147
vt 0.468368 0.793142
vt 0.470865 0.793542
vt 0.133643 0.410060
vt 0.472048 0.809100
vt 0.470230 0.808575
vt 0.468204 0.788144
vt 0.470683 0.788156
vt 0.128191 0.410131
vt 0.127854 0.411764
vt 0.127397 0.414745
vt 0.123218 0.414864
vt 0.123520 0.411620
vt 0.132922 0.411629
vt 0.132111 0.414537
vt 0.130961 0.418470
vt 0.126787 0.418986
vt 0.139096 0.411046
vt 0.138220 0.413733
vt 0.136490 0.417559
vt 0.135212 0.423221
vt 0.130420 0.424016
vt 0.147554 0.413019
vt 0.147094 0.416082
vt 0.144553 0.421529
vt 0.142734 0.430628
vt 0.134484 0.432851
vt 0.167802 0.419775
vt 0.166597 0.427474
vt 0.162824 0.443105
vt 0.140433 0.449439
vt 0.197427 0.426262
vt 0.199869 0.441190
vt 0.196472 0.473966
vt 0.159413 0.476334
vt 0.217596 0.443154
vt 0.216614 0.474329
vt 0.211219 0.508986
vt 0.188417 0.508977
vt 0.226945 0.442703
vt 0.227047 0.474005
vt 0.224875 0.508143
vt 0.223154 0.546513
vt 0.210120 0.546813
vt 0.113303 0.672756
vt 0.115608 0.706905
vt 0.096421 0.670401
vt 0.092196 0.635595
vt 0.111465 0.634395
vt 0.095215 0.597662
vt 0.109533 0.595081
vt 0.060426 0.636578
vt 0.065373 0.600089
vt 0.075050 0.565888
vt 0.096941 0.562090
vt 0.034944 0.600847
vt 0.040160 0.568624
vt 0.051107 0.537861
vt 0.088425 0.537630
vt 0.026129 0.569000
vt 0.028582 0.537682
vt 0.031370 0.505386
vt 0.063549 0.505618
vt 0.020080 0.538964
vt 0.021613 0.505368
vt 0.022831 0.471953
vt 0.035320 0.471684
vt 0.016071 0.505199
vt 0.016378 0.472771
vt 0.017069 0.444407
vt 0.024329 0.440506
vt 0.012593 0.472783
vt 0.013027 0.445806
vt 0.013609 0.429095
vt 0.018012 0.428299
vt 0.009270 0.446499
vt 0.009781 0.429586
vt 0.009917 0.421491
vt 0.013829 0.421384
vt 0.005941 0.429822
vt 0.006168 0.421523
vt 0.006372 0.416351
vt 0.009956 0.416389
vt 0.002539 0.429876
vt 0.002726 0.421408
vt 0.003005 0.416268
vt 0.003294 0.412120
vt 0.006597 0.412054
vt 0.516478 0.415603
vt 0.516440 0.420716
vt 0.513741 0.415399
vt 0.514156 0.411304
vt 0.516616 0.411482
vt 0.515042 0.407632
vt 0.517110 0.407829
vt 0.510192 0.411065
vt 0.510773 0.407250
vt 0.505621 0.407072
vt 0.505743 0.403260
vt 0.505654 0.400774
vt 0.498903 0.403194
vt 0.498606 0.400858
vt 0.640650 0.886192
vt 0.644208 0.885820
vt 0.487528 0.400880
vt 0.640821 0.875113
vt 0.644390 0.874922
vt 0.847858 0.816236
vt 0.851443 0.816138
vt 0.851364 0.826772
vt 0.847771 0.827125
vt 0.644506 0.858173
vt 0.847956 0.799497
vt 0.851423 0.799343
vt 0.847926 0.779581
vt 0.851513 0.779266
vt 0.825149 0.798798
vt 0.824603 0.778722
vt 0.828119 0.778271
vt 0.828897 0.798708
vt 0.829769 0.815604
vt 0.825628 0.815594
vt 0.875551 0.312758
vt 0.858661 0.312701
vt 0.858845 0.309450
vt 0.875710 0.309461
vt 0.885937 0.309439
vt 0.885990 0.312861
vt 0.829955 0.826045
vt 0.825834 0.826225
vt 0.892471 0.309404
vt 0.892652 0.313251
vt 0.886038 0.305762
vt 0.892109 0.305566
vt 0.897168 0.305209
vt 0.897815 0.309335
vt 0.898881 0.313686
vt 0.901385 0.304574
vt 0.902027 0.307750
vt 0.013786 0.780250
vt 0.017808 0.781769
vt 0.118440 0.766649
vt 0.117548 0.762275
vt 0.122035 0.762110
vt 0.122723 0.766322
vt 0.126468 0.762043
vt 0.126941 0.766175
vt 0.127481 0.769840
vt 0.127934 0.773080
vt 0.131854 0.766108
vt 0.132152 0.769755
vt 0.132413 0.773085
vt 0.132612 0.775427
vt 0.128220 0.775295
vt 0.139279 0.769838
vt 0.139651 0.773218
vt 0.140031 0.775729
vt 0.152377 0.773515
vt 0.153044 0.776200
vt 0.153567 0.779168
vt 0.140331 0.778731
vt 0.132635 0.778324
vt 0.658838 0.898546
vt 0.666519 0.898636
vt 0.666855 0.901980
vt 0.658853 0.901612
vt 0.654391 0.901018
vt 0.654393 0.898572
vt 0.128185 0.778050
vt 0.651233 0.900519
vt 0.651365 0.898628
vt 0.125179 0.777683
vt 0.124972 0.775302
vt 0.124746 0.779544
vt 0.654030 0.904429
vt 0.650553 0.904090
vt 0.011543 0.401521
vt 0.015032 0.401380
vt 0.014705 0.404705
vt 0.010870 0.404496
vt 0.007428 0.404424
vt 0.008589 0.401541
vt 0.010433 0.408287
vt 0.006844 0.408247
vt 0.003441 0.408452
vt 0.010111 0.412110
vt 0.014450 0.408538
vt 0.014178 0.412367
vt 0.013947 0.416510
vt 0.019130 0.412785
vt 0.018840 0.416758
vt 0.018478 0.421450
vt 0.027093 0.417035
vt 0.026417 0.421688
vt 0.025591 0.427674
vt 0.040634 0.421639
vt 0.039640 0.427511
vt 0.037787 0.438823
vt 0.064680 0.428028
vt 0.065810 0.440153
vt 0.067858 0.469461
vt 0.089182 0.444248
vt 0.107068 0.466702
vt 0.107615 0.508239
vt 0.219694 0.672691
vt 0.219293 0.714220
vt 0.194220 0.707888
vt 0.190630 0.670750
vt 0.182433 0.642260
vt 0.155056 0.672223
vt 0.149848 0.642359
vt 0.144761 0.611206
vt 0.171182 0.613663
vt 0.203126 0.617949
vt 0.208528 0.640921
vt 0.158929 0.579921
vt 0.191652 0.582151
vt 0.208968 0.584766
vt 0.185996 0.544893
vt 0.221348 0.585833
vt 0.152911 0.543440
vt 0.153076 0.510278
vt 0.139782 0.544056
vt 0.139451 0.510940
vt 0.140259 0.479057
vt 0.133389 0.511560
vt 0.133735 0.480901
vt 0.134282 0.452245
vt 0.128881 0.482151
vt 0.129474 0.454400
vt 0.129886 0.434440
vt 0.125273 0.455880
vt 0.125615 0.435766
vt 0.126160 0.424821
vt 0.121594 0.436676
vt 0.122087 0.425261
vt 0.122734 0.419385
vt 0.118116 0.425571
vt 0.118689 0.419681
vt 0.115900 0.425761
vt 0.115909 0.419873
vt 0.900059 0.018853
vt 0.899499 0.023784
vt 0.895068 0.023917
vt 0.895835 0.019063
vt 0.889958 0.023785
vt 0.890297 0.019019
vt 0.890791 0.015082
vt 0.883362 0.018689
vt 0.883284 0.014990
vt 0.882918 0.012210
vt 0.870684 0.014466
vt 0.869841 0.011862
vt 0.869322 0.009040
vt 0.882761 0.009253
vt 0.868805 0.006294
vt 0.882559 0.006525
vt 0.868337 0.003806
vt 0.882299 0.004090
vt 0.867945 0.001751
vt 0.882073 0.002064
vt 0.605642 0.873045
vt 0.605096 0.858890
vt 0.607769 0.858532
vt 0.608078 0.872872
vt 0.610274 0.872732
vt 0.610146 0.882366
vt 0.610252 0.858201
vt 0.477433 0.778564
vt 0.477224 0.776961
vt 0.491916 0.777106
vt 0.491964 0.778726
vt 0.607823 0.840535
vt 0.610397 0.840073
vt 0.459288 0.778939
vt 0.458870 0.776992
vt 0.458495 0.773972
vt 0.477136 0.774031
vt 0.440182 0.778740
vt 0.439649 0.776771
vt 0.439048 0.773760
vt 0.438357 0.770833
vt 0.458143 0.771023
vt 0.423810 0.776700
vt 0.423290 0.773588
vt 0.422738 0.770569
vt 0.422089 0.767562
vt 0.437562 0.767936
vt 0.413418 0.773446
vt 0.413242 0.770422
vt 0.413063 0.767401
vt 0.412996 0.764248
vt 0.421179 0.764455
vt 0.407145 0.770328
vt 0.407194 0.767410
vt 0.407348 0.764303
vt 0.407610 0.760128
vt 0.412841 0.760113
vt 0.403723 0.767446
vt 0.403919 0.764308
vt 0.404093 0.760082
vt 0.404224 0.753934
vt 0.407769 0.754205
vt 0.400623 0.764170
vt 0.400756 0.759937
vt 0.400793 0.753631
vt 0.400732 0.741077
vt 0.404126 0.741932
vt 0.397579 0.759768
vt 0.397436 0.753421
vt 0.397374 0.740487
vt 0.397229 0.719288
vt 0.400469 0.719967
vt 0.394024 0.753335
vt 0.393809 0.740123
vt 0.393961 0.718892
vt 0.393887 0.693056
vt 0.397017 0.693308
vt 0.392779 0.739994
vt 0.393233 0.718740
vt 0.388408 0.400832
vt 0.389141 0.401035
vt 0.388715 0.426854
vt 0.387867 0.426702
vt 0.388650 0.455353
vt 0.387852 0.455240
vt 0.782569 0.074127
vt 0.782681 0.052533
vt 0.785335 0.051910
vt 0.785203 0.073558
vt 0.785185 0.097271
vt 0.782390 0.097734
vt 0.785314 0.122984
vt 0.782504 0.123414
vt 0.788279 0.073197
vt 0.788295 0.097096
vt 0.788427 0.122850
vt 0.788451 0.149406
vt 0.785314 0.149547
vt 0.791398 0.096988
vt 0.791536 0.122789
vt 0.791600 0.149329
vt 0.791582 0.176145
vt 0.788408 0.176208
vt 0.794654 0.122742
vt 0.794777 0.149296
vt 0.794784 0.176108
vt 0.794486 0.202727
vt 0.791330 0.202752
vt 0.798171 0.149389
vt 0.798191 0.176094
vt 0.797825 0.202603
vt 0.798082 0.228633
vt 0.794670 0.228507
vt 0.802932 0.176227
vt 0.802742 0.203013
vt 0.803096 0.229131
vt 0.803395 0.254608
vt 0.798302 0.253648
vt 0.809416 0.203169
vt 0.809764 0.229697
vt 0.810025 0.255561
vt 0.810581 0.279718
vt 0.803836 0.277609
vt 0.827852 0.230446
vt 0.829093 0.257364
vt 0.831754 0.283702
vt 0.834374 0.295739
vt 0.813200 0.294118
vt 0.866443 0.257802
vt 0.864932 0.283377
vt 0.861561 0.296268
vt 0.860025 0.301837
vt 0.835891 0.301511
vt 0.879288 0.279982
vt 0.878000 0.295343
vt 0.877167 0.301454
vt 0.876184 0.305924
vt 0.859166 0.306055
vt 0.886011 0.294256
vt 0.886090 0.301201
vt 0.891671 0.293447
vt 0.891753 0.300923
vt 0.896459 0.292891
vt 0.896752 0.300650
vt 0.900675 0.292219
vt 0.901010 0.300108
vt 0.117464 0.756888
vt 0.117387 0.747415
vt 0.120953 0.747302
vt 0.121535 0.756711
vt 0.125417 0.747364
vt 0.126166 0.756653
vt 0.130188 0.747851
vt 0.131091 0.756726
vt 0.131564 0.762167
vt 0.137210 0.757009
vt 0.138278 0.762357
vt 0.138872 0.766242
vt 0.149569 0.762738
vt 0.150679 0.766568
vt 0.151586 0.770143
vt 0.168824 0.766772
vt 0.169309 0.770333
vt 0.170007 0.773574
vt 0.170561 0.776818
vt 0.189465 0.770328
vt 0.189583 0.773635
vt 0.189675 0.777063
vt 0.204650 0.777198
vt 0.204377 0.779923
vt 0.189878 0.779680
vt 0.171045 0.779923
vt 0.697124 0.899478
vt 0.715746 0.899535
vt 0.716073 0.902940
vt 0.697565 0.902715
vt 0.680200 0.902251
vt 0.679697 0.899006
vt 0.697782 0.905104
vt 0.680295 0.904708
vt 0.666795 0.904964
vt 0.028055 0.402303
vt 0.041751 0.402686
vt 0.041966 0.406072
vt 0.027994 0.405688
vt 0.019563 0.405201
vt 0.019678 0.401905
vt 0.658560 0.905071
vt 0.027775 0.409365
vt 0.019408 0.408943
vt 0.027469 0.413158
vt 0.042060 0.409611
vt 0.041982 0.413266
vt 0.041492 0.417009
vt 0.061192 0.413309
vt 0.062008 0.416917
vt 0.063436 0.421566
vt 0.084474 0.430227
vt 0.080727 0.413723
vt 0.079497 0.410105
vt 0.093910 0.410693
vt 0.060538 0.409790
vt 0.059978 0.406387
vt 0.078760 0.406649
vt 0.078117 0.403277
vt 0.092391 0.403564
vt 0.092909 0.407119
vt 0.059471 0.403083
vt 0.103085 0.411198
vt 0.091929 0.400832
vt 0.077698 0.401209
vt 0.730212 0.902791
vt 0.730144 0.899658
vt 0.716210 0.904824
vt 0.190383 0.766769
vt 0.208102 0.766479
vt 0.214682 0.767061
vt 0.168849 0.762875
vt 0.147891 0.757494
vt 0.170101 0.757459
vt 0.145265 0.749783
vt 0.166196 0.751180
vt 0.194500 0.750370
vt 0.142265 0.731460
vt 0.161572 0.735117
vt 0.192087 0.735693
vt 0.157402 0.704742
vt 0.201470 0.736738
vt 0.196805 0.750774
vt 0.140235 0.702996
vt 0.138747 0.673398
vt 0.133191 0.702256
vt 0.132169 0.673678
vt 0.131512 0.643184
vt 0.137569 0.643016
vt 0.130699 0.610694
vt 0.136188 0.611011
vt 0.129583 0.577005
vt 0.134581 0.577515
vt 0.141681 0.578218
vt 0.133497 0.543882
vt 0.128760 0.543624
vt 0.128658 0.511966
vt 0.124697 0.543428
vt 0.124586 0.512229
vt 0.124775 0.482950
vt 0.120633 0.512466
vt 0.120776 0.483561
vt 0.121249 0.456859
vt 0.117244 0.483933
vt 0.117641 0.457447
vt 0.117700 0.437233
vt 0.901985 0.032414
vt 0.902089 0.049367
vt 0.898821 0.050069
vt 0.899044 0.033438
vt 0.902094 0.022425
vt 0.894756 0.049964
vt 0.894732 0.033247
vt 0.890297 0.049469
vt 0.889922 0.032600
vt 0.885041 0.048459
vt 0.884322 0.031548
vt 0.883978 0.023313
vt 0.875363 0.029891
vt 0.873571 0.022466
vt 0.872097 0.017907
vt 0.854694 0.021384
vt 0.853422 0.017016
vt 0.852385 0.013803
vt 0.831200 0.016560
vt 0.831530 0.013510
vt 0.831547 0.010777
vt 0.851749 0.011212
vt 0.831580 0.007974
vt 0.851318 0.008430
vt 0.831477 0.005319
vt 0.850879 0.005683
vt 0.831245 0.002782
vt 0.850415 0.003209
vt 0.830924 0.000564
vt 0.850012 0.001039
vt 0.605236 0.840954
vt 0.605303 0.821857
vt 0.607880 0.821450
vt 0.610177 0.820969
vt 0.604783 0.805780
vt 0.607649 0.805455
vt 0.610193 0.805062
vt 0.424267 0.778848
vt 0.607697 0.794615
vt 0.610371 0.794487
vt 0.413686 0.778939
vt 0.413563 0.776603
vt 0.407163 0.778737
vt 0.407131 0.776296
vt 0.407115 0.773225
vt 0.403368 0.775928
vt 0.403396 0.773031
vt 0.403536 0.770261
vt 0.400091 0.772818
vt 0.400209 0.770174
vt 0.400404 0.767457
vt 0.396972 0.770008
vt 0.397183 0.767277
vt 0.397459 0.763961
vt 0.393755 0.766917
vt 0.394227 0.763705
vt 0.394342 0.759677
vt 0.393347 0.763549
vt 0.393282 0.759527
vt 0.392180 0.753294
vt 0.781785 0.023320
vt 0.782921 0.017963
vt 0.785446 0.017664
vt 0.784954 0.022860
vt 0.785158 0.034120
vt 0.782325 0.034552
vt 0.788472 0.022770
vt 0.788474 0.033666
vt 0.788486 0.051440
vt 0.791801 0.033191
vt 0.791705 0.050908
vt 0.791424 0.072871
vt 0.794968 0.050172
vt 0.794601 0.072470
vt 0.794529 0.096844
vt 0.797821 0.071901
vt 0.797711 0.096453
vt 0.797960 0.122679
vt 0.802549 0.096461
vt 0.802715 0.122498
vt 0.802855 0.149076
vt 0.809263 0.122332
vt 0.809579 0.149071
vt 0.809759 0.176268
vt 0.825535 0.149261
vt 0.826000 0.176390
vt 0.826318 0.203512
vt 0.865554 0.177153
vt 0.866278 0.204570
vt 0.866488 0.231483
vt 0.879614 0.204954
vt 0.880069 0.231623
vt 0.880047 0.256671
vt 0.886713 0.231569
vt 0.886868 0.255779
vt 0.886445 0.278379
vt 0.891937 0.255029
vt 0.891794 0.277411
vt 0.896301 0.254602
vt 0.896394 0.276841
vt 0.900412 0.254266
vt 0.900590 0.276376
vt 0.117311 0.728439
vt 0.117053 0.701857
vt 0.119448 0.701724
vt 0.120155 0.728252
vt 0.123600 0.701656
vt 0.124489 0.728451
vt 0.128035 0.701797
vt 0.129091 0.728753
vt 0.134528 0.729625
vt 0.135946 0.748616
vt 0.122945 0.674218
vt 0.127251 0.673954
vt 0.122463 0.643630
vt 0.126750 0.643415
vt 0.122004 0.610234
vt 0.126175 0.610446
vt 0.121385 0.576326
vt 0.125340 0.576626
vt 0.120741 0.543289
vt 0.117929 0.576149
vt 0.117173 0.543273
vt 0.117243 0.512682
vt 0.902668 0.095823
vt 0.902504 0.121466
vt 0.899288 0.121625
vt 0.899424 0.096111
vt 0.899234 0.072129
vt 0.902488 0.071757
vt 0.895618 0.096257
vt 0.895344 0.072110
vt 0.891479 0.096271
vt 0.891119 0.071871
vt 0.886469 0.096214
vt 0.886025 0.071401
vt 0.879647 0.096145
vt 0.878941 0.070658
vt 0.877359 0.046787
vt 0.863884 0.069715
vt 0.860668 0.043554
vt 0.856970 0.027679
vt 0.825445 0.042632
vt 0.828645 0.027066
vt 0.830471 0.020971
vt 0.811587 0.028518
vt 0.812685 0.021343
vt 0.813648 0.016770
vt 0.803719 0.021693
vt 0.803880 0.017192
vt 0.803853 0.013653
vt 0.814499 0.013532
vt 0.803855 0.010554
vt 0.814813 0.010682
vt 0.803914 0.007674
vt 0.815051 0.007870
vt 0.803920 0.004989
vt 0.815133 0.005259
vt 0.803883 0.002404
vt 0.815056 0.002648
vt 0.803798 0.000228
vt 0.814875 0.000490
vt 0.797311 0.002223
vt 0.797148 0.000135
vt 0.604761 0.794697
vt 0.604873 0.788047
vt 0.607889 0.788000
vt 0.610485 0.787961
vt 0.605168 0.783844
vt 0.608274 0.784061
vt 0.610749 0.784149
vt 0.403355 0.778613
vt 0.609021 0.780489
vt 0.610886 0.780862
vt 0.400087 0.777818
vt 0.400096 0.775418
vt 0.397056 0.777435
vt 0.396965 0.774967
vt 0.396922 0.772467
vt 0.393792 0.774431
vt 0.394039 0.771885
vt 0.393790 0.769682
vt 0.394140 0.776793
vt 0.610726 0.777822
vt 0.609640 0.777599
vt 0.609601 0.775665
vt 0.610253 0.774891
vt 0.605620 0.780037
vt 0.607003 0.777185
vt 0.608120 0.774951
vt 0.604337 0.777300
vt 0.603865 0.780636
vt 0.789780 0.002070
vt 0.790299 0.004680
vt 0.787216 0.004881
vt 0.786430 0.002531
vt 0.789117 0.000083
vt 0.792937 -0.000000
vt 0.793106 0.002026
vt 0.793413 0.004702
vt 0.793784 0.007513
vt 0.790660 0.007508
vt 0.797508 0.004799
vt 0.797670 0.007546
vt 0.797805 0.010432
vt 0.794075 0.010358
vt 0.794445 0.013619
vt 0.791337 0.013654
vt 0.791035 0.010394
vt 0.798028 0.013630
vt 0.798400 0.017363
vt 0.794777 0.017431
vt 0.795084 0.022407
vt 0.791717 0.022645
vt 0.791571 0.017458
vt 0.798935 0.022127
vt 0.798901 0.031638
vt 0.795216 0.032583
vt 0.803727 0.029885
vt 0.803337 0.047781
vt 0.798379 0.049165
vt 0.810181 0.045666
vt 0.809139 0.070225
vt 0.802696 0.071209
vt 0.823820 0.069556
vt 0.824702 0.095949
vt 0.808906 0.096024
vt 0.864531 0.096284
vt 0.865119 0.122927
vt 0.824709 0.122544
vt 0.879521 0.122853
vt 0.879363 0.149816
vt 0.864998 0.149674
vt 0.886241 0.122515
vt 0.886015 0.149573
vt 0.885874 0.177432
vt 0.879333 0.177394
vt 0.891233 0.122111
vt 0.890994 0.149296
vt 0.890900 0.177440
vt 0.891205 0.205596
vt 0.886140 0.205225
vt 0.895258 0.149080
vt 0.895239 0.177395
vt 0.895541 0.205723
vt 0.896016 0.231608
vt 0.891720 0.231611
vt 0.899493 0.177356
vt 0.899765 0.205701
vt 0.900135 0.231474
vt 0.902657 0.204809
vt 0.902647 0.230310
vt 0.117022 0.674610
vt 0.118960 0.674471
vt 0.118579 0.643757
vt 0.902716 0.176754
vt 0.118291 0.610053
vt 0.899391 0.148992
vt 0.902787 0.148574
vt 0.895419 0.121822
vt 0.788518 0.017553
vt 0.788387 0.013760
vt 0.785459 0.013929
vt 0.785192 0.010880
vt 0.788125 0.010523
vt 0.787770 0.007629
vt 0.783003 0.014591
vt 0.782321 0.011651
vt 0.175589 0.790234
vt 0.174811 0.793247
vt 0.173936 0.793038
vt 0.173877 0.789810
vt 0.601970 0.778000
vt 0.837689 0.309163
vt 0.836978 0.305818
vt 0.818904 0.308552
vt 0.817656 0.305012
vt 0.815637 0.300541
vt 0.805647 0.304622
vt 0.805007 0.299991
vt 0.804293 0.292515
vt 0.798771 0.299733
vt 0.798966 0.291576
vt 0.799030 0.276130
vt 0.795026 0.290730
vt 0.795123 0.274970
vt 0.794841 0.252904
vt 0.791609 0.274244
vt 0.791535 0.252488
vt 0.791494 0.228346
vt 0.788254 0.252185
vt 0.788343 0.228246
vt 0.788183 0.202820
vt 0.785234 0.228241
vt 0.785061 0.202903
vt 0.785254 0.176292
vt 0.782326 0.203300
vt 0.782275 0.176430
vt 0.782463 0.149985
vt 0.387675 0.517863
vt 0.387816 0.549933
vt 0.385867 0.550063
vt 0.386909 0.517881
vt 0.387470 0.486030
vt 0.388189 0.486086
vt 0.393923 0.633873
vt 0.393886 0.602072
vt 0.397052 0.602050
vt 0.397119 0.633910
vt 0.397069 0.664744
vt 0.393830 0.664601
vt 0.400234 0.633992
vt 0.400167 0.664954
vt 0.400146 0.693743
vt 0.403313 0.665242
vt 0.403308 0.694358
vt 0.403696 0.720954
vt 0.406523 0.695159
vt 0.407010 0.722276
vt 0.407577 0.743091
vt 0.411128 0.723925
vt 0.412038 0.745030
vt 0.412540 0.754694
vt 0.417808 0.746967
vt 0.418913 0.755379
vt 0.420085 0.760703
vt 0.432964 0.756470
vt 0.435131 0.761495
vt 0.436666 0.764980
vt 0.457293 0.762133
vt 0.457495 0.765392
vt 0.457817 0.768250
vt 0.477594 0.765550
vt 0.477294 0.768327
vt 0.477161 0.771057
vt 0.492266 0.768590
vt 0.492066 0.771374
vt 0.491940 0.774298
vt 0.501496 0.772014
vt 0.501548 0.774851
vt 0.501547 0.777437
vt 0.507623 0.775349
vt 0.507841 0.777774
vt 0.507937 0.778779
vt 0.501599 0.778811
vt 0.609661 0.888702
vt 0.610886 0.888576
vt 0.507348 0.772575
vt 0.511834 0.772782
vt 0.511237 0.769880
vt 0.514580 0.769776
vt 0.515221 0.772810
vt 0.507029 0.769684
vt 0.506440 0.766523
vt 0.510382 0.766811
vt 0.501467 0.769226
vt 0.501427 0.766077
vt 0.501252 0.762367
vt 0.505782 0.762673
vt 0.492531 0.765701
vt 0.492873 0.762290
vt 0.493317 0.757352
vt 0.500942 0.757344
vt 0.478336 0.762293
vt 0.479751 0.757582
vt 0.481608 0.750450
vt 0.493779 0.749745
vt 0.456802 0.757414
vt 0.456384 0.750496
vt 0.456411 0.735066
vt 0.484387 0.733782
vt 0.430271 0.749207
vt 0.426377 0.731753
vt 0.424504 0.699403
vt 0.455475 0.700634
vt 0.416443 0.726758
vt 0.415660 0.697585
vt 0.415459 0.666717
vt 0.424011 0.667307
vt 0.410324 0.696014
vt 0.410225 0.666320
vt 0.410293 0.634412
vt 0.415550 0.634651
vt 0.406446 0.665621
vt 0.406476 0.634224
vt 0.406452 0.602075
vt 0.410226 0.602097
vt 0.403353 0.634098
vt 0.403318 0.602065
vt 0.403510 0.569755
vt 0.406676 0.569708
vt 0.400182 0.602055
vt 0.400345 0.569807
vt 0.400334 0.537914
vt 0.403476 0.537753
vt 0.397170 0.569847
vt 0.397208 0.538068
vt 0.397302 0.507528
vt 0.400413 0.507134
vt 0.393889 0.569905
vt 0.394063 0.538238
vt 0.394047 0.507853
vt 0.393911 0.479270
vt 0.396992 0.478806
vt 0.385647 0.612284
vt 0.385987 0.581835
vt 0.386925 0.581814
vt 0.387241 0.612165
vt 0.385695 0.640631
vt 0.384420 0.640854
vt 0.386380 0.666560
vt 0.383976 0.666762
vt 0.781803 0.252636
vt 0.781862 0.228224
vt 0.784976 0.252054
vt 0.784754 0.273588
vt 0.781855 0.273698
vt 0.784841 0.289845
vt 0.781895 0.290347
vt 0.788151 0.273806
vt 0.788152 0.289897
vt 0.787852 0.299673
vt 0.784706 0.299812
vt 0.791528 0.290185
vt 0.791122 0.299575
vt 0.790536 0.305010
vt 0.787390 0.305012
vt 0.794598 0.299583
vt 0.794146 0.304959
vt 0.793860 0.308720
vt 0.790097 0.308811
vt 0.798863 0.304812
vt 0.798916 0.308416
vt 0.806148 0.308279
vt 0.830304 0.746212
vt 0.819777 0.311532
vt 0.806730 0.311337
vt 0.827602 0.759817
vt 0.824057 0.760475
vt 0.838228 0.312071
vt 0.786898 0.308831
vt 0.784144 0.308715
vt 0.784468 0.305102
vt 0.781732 0.308881
vt 0.781733 0.305470
vt 0.781799 0.300323
vt 0.385898 0.698424
vt 0.386373 0.704970
vt 0.385480 0.705080
vt 0.384899 0.698545
vt 0.384855 0.686373
vt 0.385716 0.686238
vt 0.393659 0.433918
vt 0.393626 0.421784
vt 0.396696 0.421654
vt 0.396830 0.433522
vt 0.396635 0.452887
vt 0.393320 0.453399
vt 0.400156 0.432998
vt 0.400024 0.452144
vt 0.400233 0.478182
vt 0.403451 0.451121
vt 0.403519 0.477379
vt 0.403557 0.506697
vt 0.406824 0.476382
vt 0.406707 0.506166
vt 0.406627 0.537549
vt 0.410375 0.505397
vt 0.410156 0.537210
vt 0.410394 0.569867
vt 0.415620 0.537157
vt 0.415615 0.569628
vt 0.415427 0.601902
vt 0.423532 0.569203
vt 0.423421 0.600249
vt 0.423791 0.634954
vt 0.452189 0.602035
vt 0.453296 0.635232
vt 0.454442 0.667818
vt 0.485333 0.635454
vt 0.485723 0.668043
vt 0.485628 0.700981
vt 0.495741 0.667948
vt 0.495369 0.700630
vt 0.494550 0.732001
vt 0.501692 0.700295
vt 0.500756 0.729093
vt 0.500577 0.748039
vt 0.504541 0.727907
vt 0.504448 0.747215
vt 0.505064 0.757257
vt 0.508044 0.746675
vt 0.508720 0.757204
vt 0.509530 0.762787
vt 0.512349 0.757235
vt 0.513058 0.762895
vt 0.513643 0.766938
vt 0.515433 0.763186
vt 0.515424 0.767329
vt 0.001570 0.768378
vt 0.003167 0.768673
vt 0.002749 0.771675
vt 0.000446 0.771293
vt 0.005992 0.769121
vt 0.005928 0.772246
vt 0.005885 0.774946
vt 0.002621 0.774544
vt 0.000000 0.774363
vt 0.005879 0.777505
vt 0.008841 0.775272
vt 0.008826 0.777617
vt 0.008785 0.779640
vt 0.005826 0.779741
vt 0.606292 0.896167
vt 0.603791 0.896402
vt 0.011779 0.777483
vt 0.011809 0.779064
vt 0.011769 0.775597
vt 0.014904 0.778820
vt 0.011887 0.772951
vt 0.008888 0.772588
vt 0.008915 0.769501
vt 0.011972 0.769870
vt 0.011980 0.765741
vt 0.015524 0.766210
vt 0.015679 0.770314
vt 0.008862 0.765314
vt 0.008602 0.759313
vt 0.011797 0.759688
vt 0.005850 0.764886
vt 0.005428 0.759005
vt 0.004624 0.748004
vt 0.008030 0.748460
vt 0.003094 0.764526
vt 0.002693 0.758831
vt 0.001670 0.747819
vt 0.002296 0.727957
vt 0.004260 0.728193
vt 0.514384 0.746424
vt 0.515254 0.757477
vt 0.511517 0.746407
vt 0.511338 0.726701
vt 0.514513 0.726640
vt 0.511750 0.699610
vt 0.514941 0.699680
vt 0.508002 0.727134
vt 0.508520 0.699725
vt 0.508787 0.667924
vt 0.511986 0.668061
vt 0.505178 0.699933
vt 0.505485 0.667842
vt 0.505181 0.635869
vt 0.508387 0.636045
vt 0.502112 0.667856
vt 0.501965 0.635704
vt 0.501815 0.602292
vt 0.505101 0.602048
vt 0.495468 0.635549
vt 0.495143 0.602453
vt 0.495242 0.569531
vt 0.502021 0.569700
vt 0.484922 0.602132
vt 0.484649 0.569435
vt 0.484499 0.536451
vt 0.495381 0.536360
vt 0.451230 0.569358
vt 0.450368 0.536500
vt 0.449954 0.503187
vt 0.484037 0.502853
vt 0.423498 0.537454
vt 0.423739 0.504766
vt 0.423937 0.470809
vt 0.449743 0.469015
vt 0.415681 0.504883
vt 0.415898 0.473367
vt 0.416634 0.445634
vt 0.424804 0.441417
vt 0.410582 0.475144
vt 0.411037 0.448203
vt 0.411474 0.430011
vt 0.417583 0.428724
vt 0.406936 0.449824
vt 0.407107 0.431420
vt 0.406840 0.421337
vt 0.411367 0.421228
vt 0.403550 0.432308
vt 0.403300 0.421436
vt 0.402793 0.415250
vt 0.406365 0.415370
vt 0.399932 0.421545
vt 0.399467 0.415222
vt 0.398982 0.410980
vt 0.402317 0.411134
vt 0.396402 0.415229
vt 0.396118 0.410985
vt 0.395639 0.407264
vt 0.398506 0.407159
vt 0.393584 0.415313
vt 0.393482 0.411010
vt 0.393222 0.407625
vt 0.386124 0.712838
vt 0.385664 0.709409
vt 0.386749 0.709350
vt 0.387714 0.712888
vt 0.827228 0.721144
vt 0.830066 0.721793
vt 0.829605 0.724202
vt 0.824080 0.720384
vt 0.398141 0.403509
vt 0.401890 0.407278
vt 0.405982 0.411341
vt 0.411106 0.415748
vt 0.418134 0.421039
vt 0.427849 0.427415
vt 0.449917 0.437329
vt 0.482929 0.468876
vt 0.495024 0.502894
vt 0.502149 0.536704
vt 0.505416 0.569489
vt 0.508341 0.601891
vt 0.511573 0.636221
vt 0.515139 0.668196
vt 0.516990 0.668477
vt 0.516685 0.699969
vt 0.004384 0.701106
vt 0.007542 0.728661
vt 0.002764 0.700915
vt 0.011311 0.749191
vt 0.015214 0.760100
vt 0.020987 0.766815
vt 0.030330 0.771108
vt 0.021518 0.770740
vt 0.397915 0.400920
vt 0.638497 0.875410
vt 0.001116 0.408397
vt 0.099773 0.542150
vt 0.105339 0.547664
vt 0.108108 0.562198
vt 0.543017 0.888464
vt 0.546903 0.909065
vt 0.549126 0.908454
vt 0.548971 0.911856
vt 0.543839 0.909968
vt 0.544097 0.906459
vt 0.546948 0.905863
vt 0.037383 0.783765
vt 0.034985 0.784088
vt 0.034904 0.781478
vt 0.037417 0.780249
vt 0.542236 0.907632
vt 0.425845 0.793755
vt 0.424392 0.795990
vt 0.420086 0.794621
vt 0.421009 0.792111
vt 0.011214 0.786622
vt 0.011054 0.789301
vt 0.008557 0.790562
vt 0.008507 0.787160
vt 0.008449 0.784226
vt 0.011288 0.783472
vt 0.008449 0.780824
vt 0.009394 0.780250
vt 0.549062 0.905520
vt 0.546893 0.902648
vt 0.546795 0.898889
vt 0.547252 0.894823
vt 0.011110 0.792103
vt 0.008686 0.793475
vt 0.404684 0.789343
vt 0.407590 0.787940
vt 0.407615 0.791699
vt 0.402863 0.790700
vt 0.402668 0.786940
vt 0.404381 0.785746
vt 0.147537 0.793177
vt 0.145938 0.794352
vt 0.145945 0.790588
vt 0.147330 0.789443
vt 0.145985 0.787073
vt 0.147220 0.786172
vt 0.595507 0.907737
vt 0.595592 0.911500
vt 0.593220 0.912659
vt 0.592939 0.909060
vt 0.592925 0.905495
vt 0.595672 0.904220
vt 0.590081 0.910780
vt 0.590001 0.907304
vt 0.155825 0.789513
vt 0.152827 0.791680
vt 0.410022 0.790091
vt 0.410380 0.786446
vt 0.590275 0.914258
vt 0.595565 0.915266
vt 0.148438 0.782295
vt 0.148465 0.785236
vt 0.402616 0.783657
vt 0.407376 0.784541
vt 0.410615 0.782659
vt 0.148802 0.780773
vt 0.174002 0.779923
vt 0.175325 0.780756
vt 0.176405 0.780201
vt 0.177883 0.782138
vt 0.096518 0.540019
vt 0.067021 0.784731
vt 0.063935 0.784540
vt 0.064211 0.782563
vt 0.067021 0.780249
vt 0.217802 0.765954
vt 0.608710 0.773864
vt 0.383520 0.772800
vt 0.382575 0.769358
vt 0.383624 0.768218
vt 0.383624 0.769620
vt 0.389264 0.539238
vt 0.389191 0.537428
vt 0.389835 0.536949
vt 0.389835 0.538306
vt 0.046638 0.790656
vt 0.046951 0.791635
vt 0.045011 0.784183
vt 0.046951 0.780250
vt 0.073648 0.780250
vt 0.074296 0.783498
vt 0.071797 0.785439
vt 0.071797 0.782402
vt 0.389835 0.541721
vt 0.389835 0.543150
vt 0.389178 0.543112
vt 0.389168 0.541842
vt 0.115900 0.780250
vt 0.115900 0.784764
vt 0.113556 0.781541
vt 0.108290 0.780250
vt 0.108764 0.781896
vt 0.108764 0.784762
vt 0.106932 0.782592
vt 0.357133 0.768948
vt 0.357657 0.770698
vt 0.357657 0.772629
vt 0.356458 0.771089
vt 0.383713 0.772800
vt 0.383601 0.773804
vt 0.382575 0.775314
vt 0.382575 0.773073
vt 0.104466 0.784752
vt 0.103015 0.781613
vt 0.758754 0.410688
vt 0.757769 0.406799
vt 0.761744 0.405627
vt 0.761390 0.408476
vt 0.441995 0.779259
vt 0.445568 0.782019
vt 0.442864 0.782434
vt 0.002242 0.780249
vt 0.002966 0.788224
vt 0.000074 0.789492
vt 0.000450 0.783595
vt 0.755859 0.411243
vt 0.754882 0.414365
vt 0.748352 0.413518
vt 0.747897 0.410455
vt 0.210738 0.789898
vt 0.208019 0.789869
vt 0.208852 0.787425
vt 0.211074 0.786027
vt 0.492331 0.779442
vt 0.490778 0.783023
vt 0.487786 0.782155
vt 0.489607 0.779362
vt 0.206717 0.787795
vt 0.206374 0.785100
vt 0.208527 0.784054
vt 0.493252 0.778939
vt 0.493476 0.783068
vt 0.368239 0.707717
vt 0.369863 0.708500
vt 0.367831 0.711321
vt 0.364685 0.709813
vt 0.485112 0.784699
vt 0.487642 0.786530
vt 0.100981 0.780250
vt 0.100981 0.783567
vt 0.099161 0.783843
vt 0.099251 0.780794
vt 0.077546 0.783993
vt 0.074299 0.781513
vt 0.074296 0.780250
vt 0.077546 0.780605
vt 0.363028 0.707710
vt 0.364931 0.707494
vt 0.254563 0.773121
vt 0.257792 0.773367
vt 0.257197 0.775607
vt 0.253885 0.776291
vt 0.000000 0.794558
vt 0.002966 0.794217
vt 0.742259 0.405985
vt 0.742029 0.409883
vt 0.736230 0.409053
vt 0.736368 0.405407
vt 0.068555 0.786031
vt 0.067021 0.782388
vt 0.069402 0.780249
vt 0.069402 0.783334
vt 0.485786 0.791478
vt 0.485182 0.788591
vt 0.490023 0.787827
vt 0.737070 0.402478
vt 0.742025 0.402159
vt 0.359374 0.710097
vt 0.358998 0.707212
vt 0.363034 0.712796
vt 0.359734 0.712285
vt 0.365779 0.712694
vt 0.256325 0.778418
vt 0.260590 0.775691
vt 0.260064 0.778344
vt 0.259521 0.781168
vt 0.256864 0.781147
vt 0.253283 0.779276
vt 0.090257 0.780250
vt 0.092599 0.781945
vt 0.093153 0.782524
vt 0.090257 0.783597
vt 0.365386 0.715703
vt 0.362172 0.715522
vt 0.102922 0.780250
vt 0.102922 0.783476
vt 0.101617 0.783359
vt 0.100981 0.781525
vt 0.445481 0.824947
vt 0.443096 0.802593
vt 0.445534 0.805489
vt 0.752549 0.454041
vt 0.748756 0.453460
vt 0.746086 0.439967
vt 0.751431 0.445614
vt 0.761043 0.449819
vt 0.763145 0.431200
vt 0.767547 0.432742
vt 0.764091 0.453877
vt 0.757968 0.447278
vt 0.758409 0.430867
vt 0.753520 0.458905
vt 0.750515 0.464742
vt 0.756683 0.493922
vt 0.746822 0.474746
vt 0.741883 0.451491
vt 0.715037 0.401627
vt 0.728162 0.404312
vt 0.728339 0.408027
vt 0.714535 0.406615
vt 0.717801 0.401054
vt 0.729153 0.401962
vt 0.693011 0.406349
vt 0.696111 0.401906
vt 0.196396 0.779923
vt 0.196396 0.798879
vt 0.193479 0.792206
vt 0.194399 0.780190
vt 0.249953 0.806067
vt 0.250748 0.806485
vt 0.252309 0.802638
vt 0.251476 0.808301
vt 0.249580 0.817740
vt 0.247042 0.816610
vt 0.244973 0.815763
vt 0.248044 0.803021
vt 0.369863 0.759864
vt 0.367544 0.761694
vt 0.366428 0.761741
vt 0.366543 0.753349
vt 0.245862 0.824592
vt 0.242256 0.830091
vt 0.247834 0.826729
vt 0.753287 0.496099
vt 0.747156 0.498692
vt 0.252020 0.820088
vt 0.250721 0.828928
vt 0.055674 0.780250
vt 0.055674 0.788965
vt 0.054243 0.787844
vt 0.053272 0.780368
vt 0.249966 0.836882
vt 0.247357 0.835479
vt 0.761235 0.480358
vt 0.770488 0.478274
vt 0.766434 0.505413
vt 0.757621 0.505509
vt 0.756825 0.525975
vt 0.748772 0.534299
vt 0.245906 0.841218
vt 0.246576 0.834108
vt 0.246270 0.844132
vt 0.496256 0.778939
vt 0.495739 0.781764
vt 0.495572 0.784261
vt 0.493721 0.783430
vt 0.367564 0.776290
vt 0.363871 0.775113
vt 0.363609 0.767810
vt 0.366902 0.769241
vt 0.367118 0.780765
vt 0.363983 0.780603
vt 0.248985 0.844967
vt 0.247782 0.852374
vt 0.245433 0.851977
vt 0.243470 0.851718
vt 0.243348 0.846139
vt 0.495327 0.789743
vt 0.493476 0.789863
vt 0.438708 0.829668
vt 0.439535 0.825120
vt 0.441995 0.825359
vt 0.441895 0.830132
vt 0.641220 0.408501
vt 0.642414 0.405048
vt 0.645712 0.405639
vt 0.645743 0.408499
vt 0.988994 0.028710
vt 0.991282 0.031547
vt 0.991054 0.034458
vt 0.986389 0.031962
vt 0.984818 0.027336
vt 0.985424 0.023739
vt 0.989182 0.025153
vt 0.984021 0.028968
vt 0.640698 0.410552
vt 0.645465 0.410486
vt 0.645330 0.413764
vt 0.640712 0.413404
vt 0.642266 0.400637
vt 0.645807 0.400595
vt 0.645737 0.402869
vt 0.642523 0.402820
vt 0.990532 0.020954
vt 0.989756 0.022998
vt 0.986791 0.021956
vt 0.986841 0.020182
vt 0.235919 0.877583
vt 0.233268 0.877559
vt 0.233484 0.873822
vt 0.235514 0.873952
vt 0.236023 0.881619
vt 0.233237 0.881416
vt 0.238962 0.877910
vt 0.238444 0.882524
vt 0.981429 0.026504
vt 0.981276 0.023642
vt 0.369092 0.813309
vt 0.365187 0.812881
vt 0.364812 0.809795
vt 0.367641 0.809669
vt 0.493854 0.816014
vt 0.494162 0.812335
vt 0.496079 0.812339
vt 0.496073 0.816032
vt 0.990148 0.038280
vt 0.986678 0.037015
vt 0.037417 0.784881
vt 0.038525 0.780250
vt 0.040247 0.781468
vt 0.040055 0.785475
vt 0.040247 0.789031
vt 0.037508 0.787110
vt 0.237749 0.877411
vt 0.239342 0.873947
vt 0.240598 0.874304
vt 0.243451 0.874963
vt 0.242448 0.878809
vt 0.241624 0.882804
vt 0.967859 0.765235
vt 0.969367 0.761657
vt 0.972424 0.763280
vt 0.972341 0.767094
vt 0.968519 0.770583
vt 0.963779 0.768731
vt 0.964009 0.765764
vt 0.972976 0.771459
vt 0.467107 0.778939
vt 0.467649 0.782835
vt 0.464215 0.782424
vt 0.464099 0.779477
vt 0.227203 0.884224
vt 0.227509 0.881083
vt 0.230453 0.881319
vt 0.229904 0.884470
vt 0.979976 0.772061
vt 0.976646 0.771984
vt 0.976221 0.768170
vt 0.979319 0.768427
vt 0.880337 0.401153
vt 0.880674 0.404561
vt 0.877546 0.404175
vt 0.877191 0.401175
vt 0.235746 0.885437
vt 0.236738 0.888518
vt 0.232669 0.884489
vt 0.088326 0.781955
vt 0.087747 0.784789
vt 0.085936 0.784777
vt 0.976252 0.021456
vt 0.977231 0.025104
vt 0.971582 0.021612
vt 0.970662 0.018368
vt 0.359713 0.813010
vt 0.361089 0.809834
vt 0.080776 0.783770
vt 0.077546 0.783770
vt 0.079237 0.780250
vt 0.080766 0.780465
vt 0.970626 0.016214
vt 0.975814 0.018104
vt 0.247803 0.879384
vt 0.245337 0.879285
vt 0.245934 0.875360
vt 0.247481 0.875426
vt 0.247818 0.883110
vt 0.244663 0.883069
vt 0.252512 0.880896
vt 0.252521 0.883192
vt 0.954768 0.761808
vt 0.957549 0.763196
vt 0.954105 0.768026
vt 0.942958 0.770775
vt 0.375763 0.833047
vt 0.371529 0.814966
vt 0.379069 0.818717
vt 0.374962 0.835602
vt 0.240694 0.887544
vt 0.239824 0.891672
vt 0.236379 0.891507
vt 0.438664 0.780508
vt 0.438660 0.783504
vt 0.434866 0.783489
vt 0.435117 0.781034
vt 0.246285 0.887521
vt 0.243685 0.887453
vt 0.244713 0.892289
vt 0.242763 0.891884
vt 0.251966 0.885695
vt 0.250755 0.887714
vt 0.243663 0.889433
vt 0.069402 0.780250
vt 0.071797 0.782499
vt 0.071490 0.785720
vt 0.069402 0.785191
vt 0.430026 0.780117
vt 0.430922 0.783363
vt 0.958150 0.770369
vt 0.951715 0.772896
vt 0.952742 0.771068
vt 0.958962 0.769170
vt 0.431049 0.778939
vt 0.435865 0.779388
vt 0.005491 0.783597
vt 0.005734 0.780249
vt 0.007050 0.780340
vt 0.008163 0.782975
vt 0.244286 0.898831
vt 0.241582 0.899330
vt 0.242292 0.895446
vt 0.244291 0.895453
vt 0.008449 0.789123
vt 0.005491 0.789123
vt 0.242698 0.904188
vt 0.240689 0.903672
vt 0.237666 0.906179
vt 0.235049 0.907471
vt 0.234585 0.902840
vt 0.238136 0.903204
vt 0.239464 0.907378
vt 0.237619 0.910216
vt 0.434076 0.797900
vt 0.430428 0.799427
vt 0.428928 0.794864
vt 0.433990 0.794588
vt 0.438157 0.794971
vt 0.436810 0.799425
vt 0.106932 0.783938
vt 0.105840 0.783069
vt 0.104746 0.780836
vt 0.106932 0.780250
vt 0.241460 0.907995
vt 0.005619 0.793065
vt 0.007836 0.793648
vt 0.877306 0.468513
vt 0.871034 0.470246
vt 0.863243 0.455036
vt 0.871452 0.459501
vt 0.357876 0.711657
vt 0.356332 0.722293
vt 0.356332 0.707212
vt 0.356814 0.707859
vt 0.878308 0.472415
vt 0.877421 0.472280
vt 0.881490 0.473769
vt 0.880894 0.507566
vt 0.848802 0.507161
vt 0.850132 0.476205
vt 0.878718 0.473219
vt 0.870607 0.445142
vt 0.875056 0.449790
vt 0.878421 0.479928
vt 0.978911 0.685961
vt 0.977121 0.687716
vt 0.977064 0.644178
vt 0.979976 0.644833
vt 0.765158 0.566452
vt 0.763607 0.593084
vt 0.759752 0.582133
vt 0.767809 0.574315
vt 0.291949 0.888232
vt 0.288924 0.885677
vt 0.292066 0.881186
vt 0.293133 0.881966
vt 0.287071 0.894714
vt 0.277098 0.891419
vt 0.278513 0.888820
vt 0.295937 0.881667
vt 0.295104 0.886216
vt 0.294478 0.893894
vt 0.291225 0.896729
vt 0.917783 0.005573
vt 0.937172 0.008145
vt 0.935388 0.009307
vt 0.916183 0.006223
vt 0.814885 0.828974
vt 0.813603 0.830291
vt 0.817296 0.827297
vt 0.821971 0.829661
vt 0.292734 0.877180
vt 0.293714 0.877585
vt 0.820865 0.825424
vt 0.823641 0.830291
vt 0.298284 0.888689
vt 0.297063 0.884250
vt 0.297055 0.886690
vt 0.308320 0.889101
vt 0.306261 0.890025
vt 0.019975 0.783769
vt 0.020280 0.788723
vt 0.018068 0.787626
vt 0.019200 0.780250
vt 0.298504 0.893162
vt 0.295215 0.897356
vt 0.303697 0.892158
vt 0.286426 0.908914
vt 0.287201 0.907823
vt 0.289195 0.908370
vt 0.288880 0.909630
vt 0.125841 0.793958
vt 0.122162 0.793958
vt 0.121630 0.792617
vt 0.124908 0.792598
vt 0.618263 0.772828
vt 0.617667 0.795305
vt 0.618700 0.792840
vt 0.614045 0.772714
vt 0.819675 0.720384
vt 0.818839 0.725057
vt 0.815216 0.725248
vt 0.816087 0.721870
vt 0.307787 0.777293
vt 0.310786 0.779078
vt 0.310078 0.782442
vt 0.308122 0.782077
vt 0.758637 0.712902
vt 0.762382 0.712065
vt 0.762634 0.715164
vt 0.758663 0.715569
vt 0.050985 0.782606
vt 0.050841 0.783714
vt 0.046951 0.783161
vt 0.755237 0.772869
vt 0.751310 0.772334
vt 0.751623 0.769728
vt 0.755355 0.769874
vt 0.754908 0.775274
vt 0.751164 0.774840
vt 0.758538 0.710199
vt 0.761660 0.709658
vt 0.835825 0.720384
vt 0.836465 0.723174
vt 0.834396 0.723687
vt 0.833970 0.720893
vt 0.049461 0.785024
vt 0.046985 0.785585
vt 0.228832 0.583005
vt 0.230151 0.581531
vt 0.230817 0.580653
vt 0.229945 0.585067
vt 0.340641 0.770323
vt 0.340907 0.767993
vt 0.341548 0.768730
vt 0.341548 0.771274
vt 0.389262 0.540615
vt 0.389362 0.539238
vt 0.389835 0.539986
vt 0.341187 0.765511
vt 0.341439 0.766238
vt 0.870749 0.692778
vt 0.870287 0.686439
vt 0.876851 0.685162
vt 0.876688 0.689917
vt 0.876333 0.692702
vt 0.873044 0.696179
vt 0.865694 0.698552
vt 0.975673 0.423689
vt 0.976389 0.426000
vt 0.976006 0.434181
vt 0.974362 0.434618
vt 0.971402 0.434100
vt 0.972506 0.422795
vt 0.974400 0.415093
vt 0.978144 0.415419
vt 0.978611 0.419974
vt 0.978503 0.424295
vt 0.876942 0.694775
vt 0.876313 0.700321
vt 0.871135 0.701262
vt 0.640143 0.772041
vt 0.640238 0.768662
vt 0.643805 0.768777
vt 0.644077 0.772144
vt 0.644180 0.775294
vt 0.640038 0.773554
vt 0.908106 0.384052
vt 0.904838 0.384644
vt 0.905817 0.379862
vt 0.909248 0.380866
vt 0.643873 0.778478
vt 0.639605 0.778534
vt 0.340615 0.759697
vt 0.342168 0.764776
vt 0.336824 0.764050
vt 0.336420 0.761037
vt 0.830911 0.838733
vt 0.831360 0.834474
vt 0.834933 0.835175
vt 0.835176 0.840259
vt 0.383976 0.724519
vt 0.390253 0.719148
vt 0.388666 0.728364
vt 0.385018 0.729907
vt 0.874165 0.720384
vt 0.875727 0.718026
vt 0.880641 0.717945
vt 0.880586 0.717049
vt 0.111710 0.780409
vt 0.113556 0.780250
vt 0.113556 0.784866
vt 0.111465 0.785255
vt 0.902787 0.380796
vt 0.903225 0.377987
vt 0.805140 0.390160
vt 0.808210 0.391912
vt 0.808086 0.396168
vt 0.805301 0.394434
vt 0.968590 0.400899
vt 0.973776 0.400924
vt 0.973282 0.403133
vt 0.969187 0.402765
vt 0.804917 0.387382
vt 0.808204 0.388057
vt 0.801379 0.390984
vt 0.801840 0.387776
vt 0.638497 0.401696
vt 0.634797 0.403029
vt 0.628985 0.402617
vt 0.629097 0.401057
vt 0.024159 0.791815
vt 0.024597 0.780250
vt 0.026724 0.780508
vt 0.026780 0.791815
vt 0.801629 0.372233
vt 0.804338 0.370494
vt 0.805304 0.378330
vt 0.804210 0.377837
vt 0.805567 0.381701
vt 0.802662 0.381610
vt 0.228388 0.762583
vt 0.228628 0.756852
vt 0.235052 0.754086
vt 0.234440 0.761522
vt 0.233403 0.765511
vt 0.227203 0.764804
vt 0.459982 0.801609
vt 0.457819 0.804198
vt 0.457774 0.801002
vt 0.459693 0.795862
vt 0.058523 0.781652
vt 0.056427 0.787520
vt 0.055674 0.785099
vt 0.455172 0.800154
vt 0.458894 0.797085
vt 0.455172 0.803286
vt 0.517513 0.405383
vt 0.530316 0.405584
vt 0.529202 0.412949
vt 0.518590 0.407840
vt 0.457023 0.778939
vt 0.228095 0.739667
vt 0.235294 0.740553
vt 0.518849 0.426082
vt 0.527989 0.426103
vt 0.253399 0.797622
vt 0.255250 0.798556
vt 0.254706 0.803394
vt 0.223817 0.789016
vt 0.222639 0.793133
vt 0.220427 0.792408
vt 0.220427 0.787503
vt 0.220539 0.783420
vt 0.222962 0.783919
vt 0.253699 0.810453
vt 0.256889 0.804649
vt 0.255745 0.812354
vt 0.254308 0.822190
vt 0.257795 0.813910
vt 0.256482 0.824205
vt 0.255058 0.831739
vt 0.253117 0.830580
vt 0.253696 0.839164
vt 0.252039 0.838130
vt 0.252146 0.846019
vt 0.250821 0.845608
vt 0.211074 0.779923
vt 0.212419 0.780171
vt 0.212732 0.787259
vt 0.211277 0.787196
vt 0.249606 0.852777
vt 0.212851 0.794997
vt 0.211236 0.794926
vt 0.248455 0.860421
vt 0.246651 0.860071
vt 0.247467 0.866336
vt 0.245494 0.866058
vt 0.242978 0.865582
vt 0.244527 0.859753
vt 0.241111 0.865336
vt 0.242212 0.859320
vt 0.496203 0.797422
vt 0.496136 0.803545
vt 0.493968 0.803609
vt 0.493684 0.797573
vt 0.367155 0.794910
vt 0.366779 0.800960
vt 0.364192 0.800979
vt 0.364210 0.795063
vt 0.364075 0.787289
vt 0.366670 0.787208
vt 0.361351 0.795114
vt 0.361288 0.787356
vt 0.361110 0.780466
vt 0.360510 0.774033
vt 0.358579 0.787395
vt 0.358443 0.780302
vt 0.358200 0.773273
vt 0.360255 0.766564
vt 0.358196 0.765707
vt 0.357876 0.758047
vt 0.360084 0.759139
vt 0.363638 0.760545
vt 0.360161 0.749206
vt 0.363757 0.750829
vt 0.360034 0.739763
vt 0.363768 0.740609
vt 0.366840 0.741303
vt 0.013715 0.785606
vt 0.011288 0.785310
vt 0.011499 0.780250
vt 0.013786 0.780872
vt 0.360381 0.735033
vt 0.363637 0.735708
vt 0.013786 0.795052
vt 0.011852 0.793568
vt 0.358358 0.734340
vt 0.358205 0.730405
vt 0.360323 0.731103
vt 0.363756 0.731623
vt 0.358126 0.727153
vt 0.360581 0.727650
vt 0.363970 0.728126
vt 0.360733 0.724310
vt 0.364457 0.724679
vt 0.366626 0.725028
vt 0.365777 0.728557
vt 0.220822 0.779923
vt 0.222739 0.780361
vt 0.253982 0.794105
vt 0.253607 0.790478
vt 0.256066 0.791249
vt 0.255783 0.794734
vt 0.258459 0.792403
vt 0.258079 0.795751
vt 0.257592 0.799655
vt 0.260291 0.796832
vt 0.259652 0.800722
vt 0.258925 0.805731
vt 0.260543 0.793557
vt 0.258629 0.789047
vt 0.260374 0.790229
vt 0.256074 0.787481
vt 0.256313 0.785566
vt 0.258745 0.786290
vt 0.253094 0.787168
vt 0.367428 0.721844
vt 0.364388 0.721537
vt 0.360970 0.721167
vt 0.361472 0.718299
vt 0.364661 0.718603
vt 0.368278 0.718926
vt 0.368820 0.715944
vt 0.360164 0.717788
vt 0.359787 0.715082
vt 0.359624 0.720733
vt 0.358952 0.723872
vt 0.260288 0.787054
vt 0.258977 0.783661
vt 0.260292 0.784086
vt 0.260900 0.781427
vt 0.256591 0.783334
vt 0.342108 0.774150
vt 0.340641 0.774150
vt 0.340674 0.771274
vt 0.342037 0.771350
vt 0.358185 0.747663
vt 0.358520 0.795134
vt 0.361389 0.801016
vt 0.358537 0.801030
vt 0.361432 0.805804
vt 0.358700 0.805854
vt 0.212874 0.800894
vt 0.212548 0.805726
vt 0.211074 0.805647
vt 0.211192 0.800922
vt 0.246531 0.870977
vt 0.248123 0.871251
vt 0.244376 0.870680
vt 0.241803 0.870195
vt 0.240357 0.869859
vt 0.496256 0.808128
vt 0.493898 0.808206
vt 0.366997 0.805552
vt 0.364419 0.805700
vt 0.358849 0.810068
vt 0.541398 0.414913
vt 0.539007 0.425628
vt 0.536579 0.444297
vt 0.527040 0.443755
vt 0.519234 0.442915
vt 0.525444 0.463271
vt 0.519151 0.461667
vt 0.228497 0.722841
vt 0.228438 0.704091
vt 0.234203 0.704727
vt 0.235070 0.723598
vt 0.241062 0.704655
vt 0.242557 0.724958
vt 0.243202 0.740746
vt 0.242968 0.751421
vt 0.251514 0.726631
vt 0.253833 0.742005
vt 0.254873 0.750423
vt 0.255036 0.757484
vt 0.242619 0.759506
vt 0.275746 0.742556
vt 0.276747 0.749968
vt 0.276596 0.756899
vt 0.275836 0.762923
vt 0.254685 0.763389
vt 0.306676 0.751114
vt 0.304806 0.758640
vt 0.302787 0.763909
vt 0.384444 0.763649
vt 0.389166 0.764391
vt 0.388242 0.791503
vt 0.384042 0.790484
vt 0.316256 0.760790
vt 0.314915 0.765174
vt 0.386176 0.751453
vt 0.390048 0.751548
vt 0.605699 0.400985
vt 0.606493 0.405853
vt 0.593058 0.405933
vt 0.592666 0.400501
vt 0.387099 0.745694
vt 0.390576 0.745824
vt 0.611594 0.401818
vt 0.612266 0.405673
vt 0.613425 0.407254
vt 0.608164 0.413414
vt 0.616029 0.402066
vt 0.616420 0.405745
vt 0.808210 0.378336
vt 0.808189 0.381739
vt 0.620099 0.402185
vt 0.620160 0.405787
vt 0.808198 0.384817
vt 0.805294 0.384597
vt 0.802290 0.385027
vt 0.329208 0.761016
vt 0.329067 0.763948
vt 0.325234 0.763710
vt 0.325497 0.760383
vt 0.332784 0.760662
vt 0.333010 0.763995
vt 0.385062 0.733693
vt 0.388232 0.733290
vt 0.388045 0.737355
vt 0.385072 0.737606
vt 0.390744 0.737447
vt 0.390788 0.741464
vt 0.387706 0.741390
vt 0.385282 0.741434
vt 0.390858 0.733405
vt 0.624198 0.402322
vt 0.624078 0.405803
vt 0.390933 0.728702
vt 0.628739 0.405822
vt 0.384774 0.745474
vt 0.321275 0.762864
vt 0.320710 0.765282
vt 0.318869 0.753517
vt 0.322167 0.759317
vt 0.594476 0.414949
vt 0.562045 0.415438
vt 0.563889 0.406079
vt 0.565306 0.400566
vt 0.543205 0.405847
vt 0.544683 0.400505
vt 0.531789 0.400767
vt 0.388121 0.811928
vt 0.388695 0.824744
vt 0.385023 0.823734
vt 0.383976 0.811375
vt 0.389423 0.834242
vt 0.386105 0.832159
vt 0.241929 0.765395
vt 0.522378 0.402008
vt 0.593273 0.426255
vt 0.558798 0.425930
vt 0.583510 0.444460
vt 0.552182 0.444218
vt 0.556413 0.498847
vt 0.540441 0.476181
vt 0.532455 0.466597
vt 0.529966 0.524766
vt 0.527984 0.484334
vt 0.523219 0.476830
vt 0.522537 0.489428
vt 0.520864 0.483775
vt 0.518946 0.482619
vt 0.519003 0.475116
vt 0.228309 0.690642
vt 0.228263 0.683140
vt 0.230595 0.682659
vt 0.232569 0.690460
vt 0.234489 0.678950
vt 0.238147 0.688344
vt 0.237454 0.659000
vt 0.243344 0.680405
vt 0.249051 0.703010
vt 0.249792 0.651247
vt 0.265353 0.698381
vt 0.272645 0.728575
vt 0.293838 0.687193
vt 0.306076 0.724045
vt 0.307729 0.740249
vt 0.319651 0.723825
vt 0.319502 0.740128
vt 0.324135 0.709767
vt 0.610386 0.442060
vt 0.603040 0.453543
vt 0.608066 0.426946
vt 0.610262 0.425757
vt 0.579378 0.537665
vt 0.517859 0.631894
vt 0.541824 0.593400
vt 0.517921 0.615029
vt 0.517933 0.612655
vt 0.518524 0.514902
vt 0.519316 0.497604
vt 0.520070 0.490495
vt 0.518581 0.496940
vt 0.518666 0.492203
vt 0.518751 0.490995
vt 0.519420 0.487977
vt 0.005437 0.780861
vt 0.004888 0.783838
vt 0.003962 0.783640
vt 0.004070 0.780250
vt 0.518945 0.487388
vt 0.003329 0.783813
vt 0.002966 0.780592
vt 0.228271 0.678369
vt 0.229125 0.678065
vt 0.228409 0.674801
vt 0.228627 0.672940
vt 0.231257 0.676298
vt 0.228508 0.661819
vt 0.232974 0.670019
vt 0.243180 0.613823
vt 0.228575 0.623103
vt 0.238839 0.605762
vt 0.243074 0.568486
vt 0.255525 0.596764
vt 0.227422 0.550735
vt 0.261376 0.536871
vt 0.291107 0.448623
vt 0.313625 0.427638
vt 0.308155 0.450785
vt 0.063504 0.781422
vt 0.063817 0.784724
vt 0.061520 0.784402
vt 0.061715 0.781175
vt 0.063140 0.780250
vt 0.613865 0.691486
vt 0.613672 0.693470
vt 0.590413 0.685861
vt 0.614399 0.614935
vt 0.614773 0.499511
vt 0.591550 0.696461
vt 0.596697 0.724823
vt 0.547886 0.727973
vt 0.517513 0.750760
vt 0.517520 0.740782
vt 0.227203 0.424981
vt 0.227210 0.415004
vt 0.299508 0.418119
vt 0.285354 0.424521
vt 0.282527 0.407891
vt 0.299701 0.413490
vt 0.193479 0.796949
vt 0.190621 0.799392
vt 0.190621 0.792340
vt 0.193348 0.779923
vt 0.594319 0.746154
vt 0.595723 0.735755
vt 0.598497 0.715085
vt 0.603934 0.738241
vt 0.590025 0.752398
vt 0.541955 0.761911
vt 0.545212 0.758158
vt 0.549921 0.750966
vt 0.517669 0.763650
vt 0.517665 0.760675
vt 0.227378 0.405087
vt 0.227387 0.402112
vt 0.278741 0.402741
vt 0.280335 0.404752
vt 0.536722 0.764839
vt 0.572841 0.757971
vt 0.570644 0.761106
vt 0.569048 0.763115
vt 0.531620 0.767343
vt 0.534469 0.766250
vt 0.518064 0.769870
vt 0.517730 0.768932
vt 0.517654 0.767455
vt 0.517670 0.764929
vt 0.832899 0.394765
vt 0.831421 0.394673
vt 0.831977 0.370255
vt 0.833479 0.367706
vt 0.835427 0.334906
vt 0.835427 0.394777
vt 0.632142 0.772714
vt 0.635169 0.831882
vt 0.631936 0.833408
vt 0.631936 0.823440
vt 0.227390 0.400832
vt 0.278454 0.401509
vt 0.579111 0.766512
vt 0.568289 0.769548
vt 0.543959 0.772714
vt 0.531618 0.769078
vt 0.530564 0.768002
vt 0.568760 0.764347
vt 0.518739 0.771764
vt 0.518401 0.770817
vt 0.838618 0.393559
vt 0.838540 0.393351
vt 0.835427 0.377906
vt 0.836904 0.373059
vt 0.829543 0.393982
vt 0.830934 0.373478
vt 0.831336 0.372158
vt 0.830487 0.394329
vt 0.837779 0.325643
vt 0.838618 0.313686
vt 0.832450 0.313686
vt 0.833388 0.321411
vt 0.833905 0.326455
vt 0.376645 0.807750
vt 0.375969 0.820388
vt 0.370522 0.794288
vt 0.370474 0.795443
vt 0.508177 0.788619
vt 0.506073 0.801733
vt 0.504142 0.796494
vt 0.504142 0.778939
vt 0.923293 0.765214
vt 0.924759 0.762944
vt 0.933630 0.761151
vt 0.941349 0.762121
vt 0.577526 0.765514
vt 0.585959 0.767118
vt 0.142461 0.803114
vt 0.142461 0.784711
vt 0.143580 0.779923
vt 0.145606 0.789761
vt 0.894405 0.766156
vt 0.881490 0.768122
vt 0.910932 0.763139
vt 0.891755 0.766550
vt 0.917488 0.766609
vt 0.895502 0.767962
vt 0.916369 0.766946
vt 0.895215 0.769234
vt 0.611888 0.806071
vt 0.611856 0.806291
vt 0.611713 0.794567
vt 0.619778 0.795765
vt 0.911433 0.768788
vt 0.895566 0.770162
vt 0.610887 0.778675
vt 0.619234 0.791209
vt 0.906654 0.002696
vt 0.902787 -0.000000
vt 0.620439 0.805903
vt 0.620472 0.806097
vt 0.382373 0.759591
vt 0.383419 0.759759
vt 0.382373 0.768155
vt 0.916014 0.007192
vt 0.934215 0.010649
vt 0.932813 0.011772
vt 0.913921 0.007655
vt 0.930005 0.012639
vt 0.906142 0.006406
vt 0.959263 0.015197
vt 0.959278 0.017112
vt 0.959371 0.020094
vt 0.974615 0.027384
vt 0.959591 0.013487
vt 0.261857 0.882288
vt 0.261553 0.883847
vt 0.281144 0.884487
vt 0.280707 0.885034
vt 0.261097 0.885788
vt 0.279367 0.887119
vt 0.260067 0.887627
vt 0.295841 0.885174
vt 0.290144 0.885171
vt 0.940997 0.773485
vt 0.941771 0.772617
vt 0.258682 0.889161
vt 0.919767 0.773277
vt 0.920954 0.772102
vt 0.509283 0.782510
vt 0.517415 0.788308
vt 0.517513 0.790613
vt 0.509121 0.788672
vt 0.379069 0.764161
vt 0.378935 0.788656
vt 0.377465 0.779756
vt 0.370971 0.759591
vt 0.370752 0.764905
vt 0.371281 0.789443
vt 0.325205 0.834007
vt 0.324964 0.822939
vt 0.324964 0.778763
vt 0.332293 0.786079
vt 0.517513 0.778939
vt 0.517416 0.790722
vt 0.309682 0.888641
vt 0.475139 0.778939
vt 0.475494 0.794863
vt 0.475494 0.809562
vt 0.474707 0.799936
vt 0.318881 0.897475
vt 0.301067 0.895169
vt 0.307106 0.894742
vt 0.324069 0.894618
vt 0.473147 0.807124
vt 0.472048 0.804761
vt 0.472819 0.794212
vt 0.474568 0.812227
vt 0.171695 0.791674
vt 0.169080 0.788018
vt 0.173760 0.779923
vt 0.173482 0.788565
vt 0.173760 0.793408
vt 0.172194 0.794047
vt 0.124645 0.783625
vt 0.124348 0.786029
vt 0.120319 0.784927
vt 0.120088 0.779923
vt 0.289237 0.901670
vt 0.290826 0.901561
vt 0.290496 0.903382
vt 0.288921 0.903283
vt 0.124236 0.787670
vt 0.120615 0.787438
vt 0.124218 0.789319
vt 0.120957 0.789231
vt 0.020280 0.791153
vt 0.020164 0.792846
vt 0.018054 0.792393
vt 0.017808 0.790453
vt 0.293381 0.904129
vt 0.292506 0.905890
vt 0.289960 0.905172
vt 0.293917 0.901349
vt 0.291903 0.907636
vt 0.289681 0.906827
vt 0.287836 0.906399
vt 0.288523 0.904874
vt 0.124560 0.791014
vt 0.121360 0.790907
vt 0.119727 0.792356
vt 0.119954 0.790747
vt 0.019998 0.794404
vt 0.018345 0.794288
vt 0.120503 0.793633
vt 0.291545 0.909221
vt 0.290639 0.910216
vt 0.611543 0.815722
vt 0.610887 0.809319
vt 0.907513 0.770786
vt 0.905041 0.770089
vt 0.370721 0.789143
vt 0.328817 0.765511
vt 0.331217 0.777821
vt 0.305374 0.430141
vt 0.306333 0.441074
vt 0.317932 0.446534
vt 0.614314 0.709840
vt 0.608270 0.719353
vt 0.061520 0.787993
vt 0.063935 0.786676
vt 0.546067 0.569021
vt 0.533576 0.597282
vt 0.236849 0.575246
vt 0.235366 0.559786
vt 0.227434 0.554065
vt 0.232368 0.559025
vt 0.227451 0.558106
vt 0.227464 0.560725
vt 0.227459 0.559692
vt 0.229741 0.559708
vt 0.228864 0.560708
vt 0.229994 0.560382
vt 0.229748 0.560698
vt 0.389141 0.401993
vt 0.389205 0.401933
vt 0.389141 0.400832
vt 0.389267 0.401111
vt 0.230656 0.561222
vt 0.231015 0.561018
vt 0.230681 0.563017
vt 0.232437 0.563532
vt 0.230840 0.573896
vt 0.230237 0.559306
vt 0.029698 0.784791
vt 0.029328 0.786636
vt 0.028542 0.785390
vt 0.030522 0.782023
vt 0.233994 0.566629
vt 0.026780 0.787898
vt 0.026780 0.780250
vt 0.229158 0.566118
vt 0.236666 0.581269
vt 0.233881 0.577029
vt 0.232961 0.586078
vt 0.227777 0.594333
vt 0.233163 0.593509
vt 0.228318 0.598365
vt 0.227454 0.558660
vt 0.002966 0.796777
vt 0.002978 0.785681
vt 0.003250 0.786321
vt 0.003645 0.786316
vt 0.004112 0.786311
vt 0.004679 0.786305
vt 0.005486 0.785038
vt 0.005491 0.786296
vt 0.518602 0.493466
vt 0.356362 0.743943
vt 0.356332 0.722292
vt 0.357171 0.733522
vt 0.356332 0.743404
vt 0.633894 0.405849
vt 0.972627 0.405967
vt 0.968953 0.405590
vt 0.978162 0.400501
vt 0.977797 0.403169
vt 0.976256 0.406201
vt 0.975795 0.410031
vt 0.971484 0.410352
vt 0.877896 0.709103
vt 0.877446 0.710782
vt 0.873225 0.710474
vt 0.874407 0.707965
vt 0.978505 0.405988
vt 0.978465 0.409949
vt 0.875299 0.704695
vt 0.868644 0.708112
vt 0.869552 0.705080
vt 0.861334 0.708567
vt 0.861979 0.705825
vt 0.863148 0.702745
vt 0.850456 0.706539
vt 0.851074 0.703970
vt 0.852952 0.700546
vt 0.831617 0.704751
vt 0.832137 0.701499
vt 0.833153 0.697165
vt 0.856216 0.695552
vt 0.834485 0.689998
vt 0.858136 0.688560
vt 0.835692 0.666510
vt 0.859912 0.668157
vt 0.872164 0.668206
vt 0.862184 0.635927
vt 0.873703 0.637050
vt 0.880287 0.639206
vt 0.880687 0.668913
vt 0.978237 0.453035
vt 0.979268 0.487870
vt 0.976296 0.485971
vt 0.976767 0.454955
vt 0.978298 0.433459
vt 0.974193 0.484300
vt 0.974679 0.454885
vt 0.971723 0.482520
vt 0.971672 0.454200
vt 0.969700 0.480795
vt 0.969351 0.453040
vt 0.969134 0.433292
vt 0.969542 0.421891
vt 0.390271 0.609591
vt 0.390109 0.589867
vt 0.390956 0.590984
vt 0.391166 0.610479
vt 0.391328 0.622027
vt 0.390281 0.620945
vt 0.391241 0.628955
vt 0.389835 0.628281
vt 0.907598 0.363396
vt 0.910559 0.352228
vt 0.913562 0.354311
vt 0.910841 0.364920
vt 0.908809 0.371300
vt 0.905674 0.370051
vt 0.912909 0.366050
vt 0.911446 0.372266
vt 0.910373 0.376955
vt 0.907221 0.375888
vt 0.904144 0.375031
vt 0.969152 0.408668
vt 0.970566 0.414482
vt 0.969492 0.413865
vt 0.640115 0.764592
vt 0.640285 0.759794
vt 0.643893 0.760197
vt 0.643691 0.764831
vt 0.648017 0.760752
vt 0.648019 0.765145
vt 0.648142 0.768880
vt 0.653391 0.765445
vt 0.653716 0.768934
vt 0.653895 0.772180
vt 0.648277 0.772208
vt 0.653868 0.775520
vt 0.648243 0.775613
vt 0.653797 0.778118
vt 0.648111 0.778078
vt 0.831234 0.830226
vt 0.831027 0.824534
vt 0.834189 0.824669
vt 0.834550 0.830505
vt 0.865965 0.718386
vt 0.860126 0.718543
vt 0.860353 0.716244
vt 0.866424 0.715932
vt 0.871541 0.715569
vt 0.870639 0.718171
vt 0.867031 0.713260
vt 0.872339 0.712912
vt 0.876927 0.712801
vt 0.876700 0.715015
vt 0.803091 0.400262
vt 0.803415 0.398243
vt 0.881490 0.716089
vt 0.867752 0.710800
vt 0.860607 0.713631
vt 0.860880 0.711182
vt 0.849843 0.714164
vt 0.849893 0.711628
vt 0.850074 0.709119
vt 0.832180 0.712218
vt 0.831919 0.709756
vt 0.831706 0.707275
vt 0.810314 0.709604
vt 0.809387 0.707020
vt 0.808294 0.704356
vt 0.790874 0.706456
vt 0.789828 0.703690
vt 0.788296 0.700181
vt 0.806578 0.700992
vt 0.786473 0.695740
vt 0.804616 0.697050
vt 0.783455 0.684031
vt 0.800750 0.688865
vt 0.781254 0.659611
vt 0.796589 0.663093
vt 0.779736 0.629888
vt 0.796517 0.632482
vt 0.838233 0.634803
vt 0.799202 0.599023
vt 0.843533 0.603441
vt 0.867973 0.604967
vt 0.847579 0.569890
vt 0.875239 0.569108
vt 0.880292 0.576914
vt 0.880280 0.609761
vt 0.979393 0.522997
vt 0.979713 0.562065
vt 0.976691 0.556063
vt 0.977037 0.521572
vt 0.879928 0.612238
vt 0.389264 0.705405
vt 0.389423 0.670990
vt 0.391214 0.674736
vt 0.391214 0.707957
vt 0.975591 0.519070
vt 0.975504 0.552353
vt 0.973175 0.549284
vt 0.973426 0.516573
vt 0.970294 0.546482
vt 0.970810 0.514187
vt 0.968850 0.543672
vt 0.969352 0.511838
vt 0.928115 0.274695
vt 0.934972 0.243602
vt 0.936591 0.246828
vt 0.928997 0.277434
vt 0.390053 0.531177
vt 0.391095 0.533549
vt 0.390813 0.563905
vt 0.389835 0.562143
vt 0.921280 0.306815
vt 0.931123 0.280395
vt 0.923515 0.309234
vt 0.917709 0.335339
vt 0.914955 0.333191
vt 0.925201 0.311631
vt 0.919609 0.337720
vt 0.915271 0.356146
vt 0.640317 0.743257
vt 0.639519 0.724359
vt 0.642565 0.726607
vt 0.643963 0.744796
vt 0.644256 0.754118
vt 0.640470 0.753422
vt 0.648036 0.746517
vt 0.648270 0.754977
vt 0.652283 0.748597
vt 0.652606 0.755891
vt 0.653054 0.761376
vt 0.659767 0.757214
vt 0.660897 0.762235
vt 0.661843 0.765810
vt 0.675751 0.763346
vt 0.676828 0.766479
vt 0.677771 0.769568
vt 0.662387 0.769045
vt 0.678623 0.772584
vt 0.662751 0.772223
vt 0.679286 0.775605
vt 0.663148 0.775554
vt 0.679875 0.778186
vt 0.663485 0.778345
vt 0.830819 0.814843
vt 0.830457 0.798438
vt 0.833146 0.797953
vt 0.833804 0.814570
vt 0.835990 0.797500
vt 0.836465 0.814379
vt 0.836275 0.824852
vt 0.849875 0.716317
vt 0.832968 0.717371
vt 0.832523 0.714858
vt 0.812382 0.717484
vt 0.811779 0.714871
vt 0.811094 0.712164
vt 0.793197 0.714557
vt 0.792532 0.711805
vt 0.791734 0.709146
vt 0.779770 0.711769
vt 0.779475 0.709138
vt 0.779139 0.706456
vt 0.772226 0.709394
vt 0.772082 0.706698
vt 0.771697 0.703575
vt 0.778629 0.703529
vt 0.771457 0.699513
vt 0.777887 0.699744
vt 0.770878 0.692591
vt 0.776998 0.694136
vt 0.770085 0.677951
vt 0.775784 0.680638
vt 0.769104 0.655005
vt 0.774777 0.656821
vt 0.765774 0.626476
vt 0.771087 0.627175
vt 0.764851 0.676202
vt 0.763778 0.653658
vt 0.760303 0.626384
vt 0.758997 0.654023
vt 0.757060 0.635103
vt 0.739160 0.624889
vt 0.739485 0.652803
vt 0.725455 0.653101
vt 0.723820 0.625739
vt 0.721069 0.602746
vt 0.737937 0.606251
vt 0.718068 0.574082
vt 0.737384 0.579554
vt 0.684774 0.624775
vt 0.681461 0.597691
vt 0.678813 0.566737
vt 0.678943 0.529393
vt 0.719348 0.531388
vt 0.658878 0.592945
vt 0.658444 0.561156
vt 0.658730 0.527050
vt 0.660221 0.491163
vt 0.681785 0.492914
vt 0.651208 0.557828
vt 0.651476 0.524511
vt 0.652682 0.488607
vt 0.655020 0.457103
vt 0.662431 0.457796
vt 0.646374 0.521349
vt 0.647757 0.486358
vt 0.650018 0.456482
vt 0.650551 0.434695
vt 0.655966 0.434608
vt 0.644654 0.484649
vt 0.646078 0.455169
vt 0.646134 0.434591
vt 0.642677 0.453752
vt 0.642072 0.433757
vt 0.641512 0.422567
vt 0.645835 0.422936
vt 0.650633 0.423390
vt 0.656007 0.423616
vt 0.645391 0.417705
vt 0.650632 0.418191
vt 0.656517 0.418713
vt 0.657007 0.414545
vt 0.669880 0.414715
vt 0.668840 0.418831
vt 0.667280 0.424259
vt 0.650696 0.414192
vt 0.650756 0.410838
vt 0.657417 0.411188
vt 0.670333 0.411576
vt 0.441938 0.813417
vt 0.441900 0.820075
vt 0.439515 0.820158
vt 0.439262 0.813380
vt 0.439069 0.800189
vt 0.441694 0.800510
vt 0.670697 0.409556
vt 0.671172 0.406760
vt 0.691943 0.409101
vt 0.438708 0.778939
vt 0.441049 0.779396
vt 0.657501 0.409374
vt 0.657448 0.406444
vt 0.657545 0.403127
vt 0.672044 0.403186
vt 0.650711 0.408904
vt 0.650642 0.406050
vt 0.650560 0.402911
vt 0.650452 0.400529
vt 0.657351 0.400568
vt 0.237262 0.862544
vt 0.235124 0.862417
vt 0.237229 0.849518
vt 0.239201 0.849247
vt 0.670777 0.401205
vt 0.236174 0.869356
vt 0.234074 0.869223
vt 0.230840 0.873676
vt 0.231426 0.869055
vt 0.232433 0.862309
vt 0.230010 0.862258
vt 0.232265 0.849815
vt 0.234600 0.849572
vt 0.229003 0.868969
vt 0.228353 0.873559
vt 0.865003 0.401726
vt 0.869636 0.401603
vt 0.869928 0.404466
vt 0.865358 0.404622
vt 0.858627 0.404578
vt 0.858220 0.401704
vt 0.846301 0.404561
vt 0.845574 0.401834
vt 0.865735 0.407813
vt 0.859095 0.407740
vt 0.847136 0.407499
vt 0.848109 0.410637
vt 0.830183 0.409825
vt 0.829310 0.406971
vt 0.828486 0.404298
vt 0.859602 0.411083
vt 0.866133 0.411367
vt 0.866542 0.415172
vt 0.860188 0.414535
vt 0.849390 0.413720
vt 0.851371 0.417832
vt 0.833046 0.416013
vt 0.831255 0.412648
vt 0.860923 0.419304
vt 0.866982 0.420234
vt 0.867861 0.428820
vt 0.861975 0.426184
vt 0.853327 0.423693
vt 0.857169 0.435547
vt 0.840092 0.430167
vt 0.835403 0.421189
vt 0.864413 0.439810
vt 0.806274 0.427340
vt 0.808764 0.419320
vt 0.809306 0.414635
vt 0.789644 0.419672
vt 0.790827 0.414886
vt 0.792211 0.411499
vt 0.809814 0.411447
vt 0.792912 0.408767
vt 0.809866 0.408887
vt 0.793465 0.405958
vt 0.809899 0.406198
vt 0.793947 0.403468
vt 0.809851 0.403796
vt 0.794443 0.401158
vt 0.809801 0.401463
vt 0.827683 0.401753
vt 0.235408 0.832202
vt 0.239018 0.814682
vt 0.241086 0.815063
vt 0.237699 0.831858
vt 0.243173 0.815467
vt 0.240152 0.831485
vt 0.244325 0.800703
vt 0.246493 0.801778
vt 0.246768 0.789714
vt 0.249180 0.790750
vt 0.250144 0.791834
vt 0.248600 0.782348
vt 0.251928 0.782900
vt 0.249428 0.776855
vt 0.253000 0.776024
vt 0.246415 0.776607
vt 0.246990 0.772370
vt 0.249607 0.772784
vt 0.252345 0.772952
vt 0.245525 0.781795
vt 0.776283 0.400593
vt 0.775940 0.402951
vt 0.770806 0.402870
vt 0.771019 0.400501
vt 0.244257 0.788743
vt 0.783345 0.400864
vt 0.782845 0.403234
vt 0.782312 0.405843
vt 0.775630 0.405520
vt 0.775193 0.408504
vt 0.770130 0.408298
vt 0.770520 0.405375
vt 0.781945 0.408759
vt 0.781404 0.411687
vt 0.774690 0.411575
vt 0.774006 0.415264
vt 0.769282 0.415078
vt 0.769727 0.411383
vt 0.780664 0.415285
vt 0.779847 0.420139
vt 0.773354 0.420300
vt 0.772179 0.432690
vt 0.768667 0.420288
vt 0.778439 0.431150
vt 0.775879 0.453565
vt 0.768717 0.454491
vt 0.787897 0.428907
vt 0.784979 0.451766
vt 0.780179 0.477307
vt 0.804725 0.450774
vt 0.805893 0.477469
vt 0.805186 0.506979
vt 0.778311 0.506601
vt 0.845068 0.452594
vt 0.805754 0.538606
vt 0.780060 0.537574
vt 0.803419 0.570145
vt 0.778185 0.569782
vt 0.854944 0.542514
vt 0.777134 0.596488
vt 0.765714 0.535630
vt 0.757311 0.563734
vt 0.757228 0.534472
vt 0.757817 0.478912
vt 0.763971 0.419932
vt 0.764491 0.414872
vt 0.759399 0.419516
vt 0.759817 0.414682
vt 0.760325 0.411097
vt 0.765007 0.411245
vt 0.765550 0.408327
vt 0.766011 0.405454
vt 0.762580 0.403253
vt 0.766458 0.403024
vt 0.763164 0.400928
vt 0.766747 0.400646
vt 0.758808 0.403637
vt 0.759842 0.401373
vt 0.247408 0.768806
vt 0.247860 0.765511
vt 0.249967 0.767084
vt 0.249541 0.769414
vt 0.250365 0.766499
vt 0.251622 0.769555
vt 0.210656 0.782839
vt 0.207831 0.782024
vt 0.209098 0.780504
vt 0.445608 0.786307
vt 0.445633 0.792066
vt 0.443090 0.791364
vt 0.442981 0.786133
vt 0.754811 0.418053
vt 0.754934 0.423273
vt 0.749461 0.422059
vt 0.748898 0.417347
vt 0.743609 0.420820
vt 0.742918 0.416345
vt 0.742307 0.412405
vt 0.736981 0.414958
vt 0.736472 0.410997
vt 0.227203 0.779923
vt 0.227203 0.785760
vt 0.223818 0.786288
vt 0.224239 0.780439
vt 0.729054 0.413468
vt 0.728684 0.410599
vt 0.227196 0.793576
vt 0.224662 0.794118
vt 0.714319 0.412259
vt 0.714350 0.409853
vt 0.691459 0.411612
vt 0.729683 0.417411
vt 0.714256 0.415866
vt 0.690848 0.415002
vt 0.714229 0.420412
vt 0.690183 0.419278
vt 0.715195 0.426141
vt 0.689128 0.424720
vt 0.717326 0.437404
vt 0.686793 0.433525
vt 0.664945 0.434010
vt 0.684343 0.459205
vt 0.721150 0.463294
vt 0.722088 0.495139
vt 0.734871 0.469395
vt 0.737610 0.497143
vt 0.737349 0.531452
vt 0.748466 0.581758
vt 0.733236 0.444895
vt 0.731218 0.429596
vt 0.739732 0.434702
vt 0.738725 0.424557
vt 0.744631 0.427050
vt 0.730176 0.422556
vt 0.737699 0.419169
vt 0.750116 0.430486
vt 0.755290 0.434490
vt 0.756643 0.456704
vt 0.242199 0.799649
vt 0.871253 0.421118
vt 0.872219 0.431302
vt 0.875169 0.422054
vt 0.876444 0.433650
vt 0.878808 0.452899
vt 0.878391 0.484095
vt 0.978631 0.711026
vt 0.978415 0.734119
vt 0.978021 0.731622
vt 0.975003 0.707407
vt 0.971901 0.673215
vt 0.974275 0.676569
vt 0.971615 0.636602
vt 0.973848 0.638844
vt 0.971463 0.704098
vt 0.969547 0.669989
vt 0.969484 0.634357
vt 0.969735 0.604397
vt 0.972040 0.606196
vt 0.390781 0.461444
vt 0.390708 0.497014
vt 0.390134 0.493859
vt 0.390174 0.459222
vt 0.390391 0.429537
vt 0.391037 0.431556
vt 0.390686 0.400832
vt 0.391328 0.403467
vt 0.949138 0.186613
vt 0.956256 0.157752
vt 0.958043 0.160463
vt 0.950773 0.189228
vt 0.943637 0.217675
vt 0.942146 0.214489
vt 0.952554 0.192039
vt 0.945436 0.220981
vt 0.938539 0.250089
vt 0.946788 0.224127
vt 0.939920 0.253132
vt 0.932690 0.283147
vt 0.638988 0.668334
vt 0.639094 0.637510
vt 0.641545 0.640080
vt 0.641357 0.670616
vt 0.640879 0.699829
vt 0.638497 0.697763
vt 0.643985 0.672902
vt 0.643601 0.702134
vt 0.646186 0.729287
vt 0.647394 0.704912
vt 0.650711 0.732356
vt 0.653361 0.707776
vt 0.656920 0.735783
vt 0.658781 0.750583
vt 0.667406 0.740203
vt 0.671731 0.752678
vt 0.673994 0.758609
vt 0.696295 0.753267
vt 0.697069 0.759155
vt 0.697899 0.763742
vt 0.720225 0.758363
vt 0.719405 0.763124
vt 0.719243 0.766335
vt 0.698313 0.766768
vt 0.719015 0.769372
vt 0.698804 0.769759
vt 0.719046 0.772247
vt 0.699283 0.772562
vt 0.719035 0.775068
vt 0.699741 0.775434
vt 0.719203 0.777672
vt 0.700268 0.778564
vt 0.830304 0.778042
vt 0.830328 0.759090
vt 0.832697 0.758687
vt 0.833095 0.777501
vt 0.835557 0.758272
vt 0.835824 0.776921
vt 0.832505 0.744976
vt 0.835350 0.744784
vt 0.793738 0.717101
vt 0.780248 0.717054
vt 0.780049 0.714470
vt 0.772377 0.717299
vt 0.772382 0.714636
vt 0.772326 0.711918
vt 0.767015 0.714904
vt 0.766928 0.712073
vt 0.766743 0.709542
vt 0.761335 0.707067
vt 0.766510 0.706793
vt 0.761061 0.703705
vt 0.766541 0.703573
vt 0.760679 0.699450
vt 0.766256 0.699428
vt 0.760376 0.690850
vt 0.765675 0.691556
vt 0.759494 0.675226
vt 0.637711 0.821135
vt 0.637535 0.839871
vt 0.635872 0.839652
vt 0.635169 0.820901
vt 0.635601 0.795817
vt 0.637709 0.795539
vt 0.636481 0.774277
vt 0.755601 0.704048
vt 0.756145 0.729097
vt 0.751785 0.729451
vt 0.751245 0.704228
vt 0.751314 0.676409
vt 0.755104 0.682501
vt 0.746644 0.730600
vt 0.746250 0.705506
vt 0.746695 0.677599
vt 0.741220 0.732693
vt 0.740985 0.707023
vt 0.742557 0.678158
vt 0.735091 0.735662
vt 0.735338 0.709523
vt 0.736118 0.681858
vt 0.748788 0.649850
vt 0.726298 0.711363
vt 0.725651 0.681768
vt 0.693098 0.712626
vt 0.689962 0.681367
vt 0.686819 0.652536
vt 0.661451 0.679851
vt 0.660803 0.650864
vt 0.659710 0.622507
vt 0.652799 0.648155
vt 0.651973 0.619484
vt 0.651140 0.589441
vt 0.646617 0.615962
vt 0.645970 0.585885
vt 0.646230 0.555071
vt 0.643096 0.582822
vt 0.643485 0.552311
vt 0.643606 0.519137
vt 0.641135 0.549942
vt 0.641137 0.516836
vt 0.642008 0.482657
vt 0.638991 0.514584
vt 0.639611 0.480505
vt 0.639571 0.452092
vt 0.638548 0.432873
vt 0.982244 0.072218
vt 0.976579 0.100189
vt 0.975374 0.097441
vt 0.980021 0.069807
vt 0.982698 0.051306
vt 0.985605 0.053162
vt 0.043738 0.780250
vt 0.045011 0.781666
vt 0.045011 0.791843
vt 0.043047 0.790433
vt 0.984111 0.041079
vt 0.986861 0.042474
vt 0.976738 0.067102
vt 0.982697 0.049980
vt 0.968782 0.725043
vt 0.972068 0.727137
vt 0.974050 0.744364
vt 0.970643 0.743088
vt 0.973270 0.094147
vt 0.351127 0.791129
vt 0.352458 0.764263
vt 0.352765 0.767212
vt 0.352765 0.793527
vt 0.389631 0.527945
vt 0.391328 0.531177
vt 0.970095 0.700946
vt 0.975268 0.729309
vt 0.972459 0.090853
vt 0.966031 0.127484
vt 0.964376 0.124024
vt 0.967687 0.130647
vt 0.959805 0.163158
vt 0.968578 0.133375
vt 0.960847 0.165664
vt 0.953789 0.194799
vt 0.638708 0.577658
vt 0.638964 0.547728
vt 0.640761 0.580143
vt 0.641135 0.610450
vt 0.638817 0.607758
vt 0.643704 0.613155
vt 0.644240 0.642660
vt 0.647484 0.645286
vt 0.647276 0.675302
vt 0.652787 0.677710
vt 0.662740 0.711309
vt 0.695394 0.742709
vt 0.724481 0.740731
vt 0.721418 0.752229
vt 0.734423 0.750585
vt 0.733817 0.757620
vt 0.741466 0.749468
vt 0.741432 0.757408
vt 0.741087 0.762651
vt 0.733127 0.762649
vt 0.740935 0.766329
vt 0.732991 0.766144
vt 0.741034 0.769429
vt 0.732994 0.769271
vt 0.741122 0.772169
vt 0.732935 0.772120
vt 0.741236 0.774805
vt 0.733069 0.774927
vt 0.741361 0.777629
vt 0.733225 0.777734
vt 0.830668 0.745076
vt 0.830595 0.736934
vt 0.832419 0.736903
vt 0.830876 0.731523
vt 0.832344 0.731576
vt 0.835140 0.731577
vt 0.835297 0.736921
vt 0.832305 0.727411
vt 0.834891 0.727346
vt 0.767029 0.717445
vt 0.762793 0.717645
vt 0.832580 0.724621
vt 0.759128 0.717943
vt 0.750945 0.778901
vt 0.750997 0.777414
vt 0.754639 0.777294
vt 0.753741 0.778852
vt 0.746782 0.778917
vt 0.746776 0.777501
vt 0.746817 0.774741
vt 0.746801 0.772227
vt 0.746912 0.769632
vt 0.746970 0.766594
vt 0.751882 0.766761
vt 0.751858 0.763109
vt 0.755762 0.763570
vt 0.755796 0.767090
vt 0.747071 0.762787
vt 0.746844 0.757433
vt 0.751901 0.757687
vt 0.751891 0.747853
vt 0.756187 0.747742
vt 0.755977 0.758047
vt 0.746698 0.748347
vt 0.757952 0.700122
vt 0.757758 0.691581
vt 0.758166 0.704570
vt 0.758117 0.707630
vt 0.978204 0.746882
vt 0.976772 0.745685
vt 0.881038 0.424986
vt 0.879133 0.423155
vt 0.878533 0.416219
vt 0.881054 0.416924
vt 0.977784 0.754662
vt 0.975193 0.754067
vt 0.978633 0.760117
vt 0.975784 0.759593
vt 0.972458 0.758718
vt 0.971491 0.753183
vt 0.975810 0.764133
vt 0.969824 0.757636
vt 0.969952 0.752064
vt 0.978725 0.764401
vt 0.880833 0.408257
vt 0.877807 0.407707
vt 0.880629 0.411886
vt 0.877855 0.411727
vt 0.874373 0.411582
vt 0.874150 0.407748
vt 0.874642 0.415988
vt 0.870875 0.415639
vt 0.870550 0.411422
vt 0.870233 0.407797
vt 0.873863 0.404320
vt 0.873526 0.401380
vt 0.227898 0.877429
vt 0.230552 0.877520
vt 0.879784 0.436031
vt 0.638497 0.422278
vt 0.985252 0.035637
vt 0.988996 0.043404
vt 0.969970 0.576242
vt 0.972459 0.578486
vt 0.969117 0.573655
vt 0.974415 0.580748
vt 0.974203 0.607738
vt 0.975090 0.585776
vt 0.975916 0.609552
vt 0.975884 0.641619
vt 0.746672 0.834705
vt 0.747091 0.802701
vt 0.749127 0.805134
vt 0.748408 0.837339
vt 0.975673 0.680636
vt 0.977501 0.611883
vt 0.979966 0.609396
vt 0.749233 0.785982
vt 0.746672 0.778916
vt 0.690178 0.401158
vt 0.641030 0.417326
vt 0.746408 0.606978
vt 0.978322 0.427753
vt 0.312518 0.779718
vt 0.313003 0.783099
vt 0.852021 0.720660
vt 0.853852 0.720384
vt 0.854129 0.723750
vt 0.851892 0.723938
vt 0.311783 0.790353
vt 0.308717 0.789869
vt 0.854409 0.731258
vt 0.851972 0.731294
vt 0.854574 0.741959
vt 0.852145 0.742720
vt 0.815334 0.732759
vt 0.819087 0.732589
vt 0.819086 0.743703
vt 0.815455 0.743461
vt 0.819369 0.755656
vt 0.815505 0.755745
vt 0.305008 0.800449
vt 0.306670 0.789466
vt 0.306718 0.800807
vt 0.304706 0.812530
vt 0.302944 0.812220
vt 0.302488 0.824288
vt 0.301311 0.824080
vt 0.309775 0.801603
vt 0.307896 0.813044
vt 0.305363 0.824682
vt 0.303360 0.836471
vt 0.300637 0.836129
vt 0.852488 0.766201
vt 0.852027 0.754311
vt 0.854559 0.754246
vt 0.853909 0.766195
vt 0.854024 0.778164
vt 0.852509 0.778157
vt 0.853624 0.789946
vt 0.852571 0.790040
vt 0.815618 0.779651
vt 0.815635 0.767681
vt 0.819260 0.767631
vt 0.819222 0.779601
vt 0.819069 0.791429
vt 0.815857 0.791421
vt 0.819175 0.802774
vt 0.815845 0.802873
vt 0.389606 0.640769
vt 0.390133 0.628955
vt 0.391328 0.628958
vt 0.390686 0.640813
vt 0.390606 0.652148
vt 0.389264 0.652110
vt 0.391196 0.660923
vt 0.389379 0.660940
vt 0.296293 0.858896
vt 0.298383 0.847757
vt 0.301282 0.848175
vt 0.299173 0.859354
vt 0.297581 0.867999
vt 0.294897 0.867569
vt 0.297026 0.873666
vt 0.294169 0.873240
vt 0.852916 0.810198
vt 0.852873 0.801412
vt 0.854118 0.801389
vt 0.854104 0.810222
vt 0.853953 0.815853
vt 0.852238 0.815874
vt 0.853496 0.820004
vt 0.851893 0.820147
vt 0.815702 0.817333
vt 0.815966 0.811703
vt 0.819467 0.811599
vt 0.819601 0.817316
vt 0.819866 0.821439
vt 0.815194 0.821480
vt 0.389341 0.666660
vt 0.391272 0.666633
vt 0.391328 0.670990
vt 0.389630 0.670791
vt 0.296519 0.877915
vt 0.852557 0.823651
vt 0.851892 0.823944
vt 0.297245 0.881543
vt 0.814815 0.825113
vt 0.814548 0.827825
vt 0.299560 0.835914
vt 0.880853 0.537206
vt 0.311482 0.892769
vt 0.324964 0.890553
vt 0.924632 0.769014
vt 0.936674 0.762887
vt 0.434013 0.790203
vt 0.438708 0.790865
vt 0.428659 0.788692
vt 0.235157 0.898778
vt 0.235914 0.894852
vt 0.239260 0.895185
vt 0.238665 0.899135
vt 0.434458 0.786519
vt 0.438708 0.786868
vt 0.430870 0.786104
vt 0.429010 0.785877
vt 0.429477 0.782684
vt 0.959811 0.766809
vt 0.468135 0.787147
vt 0.464403 0.785699
vt 0.468135 0.792969
vt 0.464226 0.788814
vt 0.460083 0.787186
vt 0.460476 0.782769
vt 0.459982 0.793720
vt 0.461020 0.779313
vt 0.260850 0.773776
vt 0.261929 0.776531
vt 0.261309 0.778656
vt 0.485152 0.781316
vt 0.486838 0.778939
vt 0.206374 0.782031
vt 0.206795 0.779923
vt 0.391320 0.714197
vt 0.389264 0.711269
vt 0.389940 0.707957
vt 0.391320 0.710121
vt 0.756963 0.595078
vt 0.749159 0.599181
vt 0.292158 0.895649
vt 0.831508 0.723672
vt 0.877753 0.692468
vt 0.802149 0.378236
vt 0.080776 0.785623
vt 0.080815 0.782474
vt 0.080776 0.780250
vt 0.082873 0.781616
vt 0.094511 0.780250
vt 0.095030 0.783951
vt 0.093153 0.785388
vt 0.093153 0.783236
vt 0.433411 0.801631
vt 0.099161 0.781200
vt 0.097368 0.784407
vt 0.097368 0.780250
vt 0.098937 0.780827
vt 0.090257 0.783487
vt 0.089447 0.785757
vt 0.088326 0.781656
vt 0.730125 0.400501
vt 0.738283 0.400571
vt 0.452307 0.827790
vt 0.452357 0.799405
vt 0.452307 0.778939
vt 0.455172 0.821405
vt 0.753859 0.670800
vt 0.757060 0.680860
vt 0.748390 0.670866
vt 0.743075 0.671623
vt 0.754494 0.617390
vt 0.750560 0.629431
vt 0.747982 0.628951
vt 0.979569 0.571353
vt 0.880316 0.552641
vt 0.877598 0.559559
vt 0.389271 0.401787
vt 0.389280 0.405820
vt 0.389272 0.407404
vt 0.389267 0.408434
vt 0.517978 0.605039
vt 0.389267 0.400832
vt 0.389729 0.531177
vt 0.389835 0.533720
vt 0.389835 0.536213
vt 0.389236 0.534480
vt 0.389616 0.536949
vt 0.356332 0.743943
vt 0.357167 0.750118
vt 0.356944 0.753916
vt 0.356332 0.762851
vt 0.357197 0.777052
vt 0.356458 0.775890
vt 0.357197 0.772629
vt 0.614864 0.456136
vt 0.227384 0.533870
vt 0.050985 0.785729
vt 0.051301 0.781687
vt 0.051665 0.780250
vt 0.053082 0.781156
vt 0.053272 0.784976
vt 0.053272 0.789451
vt 0.389450 0.400832
vt 0.389307 0.406461
vt 0.389630 0.402816
vt 0.389631 0.479358
vt 0.323943 0.456071
vt 0.356332 0.764776
vt 0.357657 0.762851
vt 0.356703 0.768948
vt 0.357657 0.767219
vt 0.230117 0.580647
vt 0.880459 0.536470
vt 0.389307 0.400832
vt 0.389307 0.401295
vt 0.389307 0.402158
vt 0.386957 0.388939
vt 0.388917 0.389892
vt 0.386824 0.392530
vt 0.385106 0.390392
vt 0.387643 0.386383
vt 0.390429 0.386133
vt 0.385192 0.387235
vt 0.380015 0.384821
vt 0.375138 0.390296
vt 0.372378 0.388662
vt 0.376471 0.383521
vt 0.380200 0.390307
vt 0.376414 0.393056
vt 0.381556 0.374149
vt 0.384269 0.373537
vt 0.383802 0.383277
vt 0.383213 0.388401
vt 0.378796 0.374618
vt 0.776956 0.008121
vt 0.774158 0.008223
vt 0.775039 0.005438
vt 0.778075 0.006645
vt 0.777185 0.011746
vt 0.773819 0.012070
vt 0.779743 0.010863
vt 0.810245 0.359932
vt 0.806680 0.358690
vt 0.806840 0.357085
vt 0.810136 0.356994
vt 0.814066 0.356990
vt 0.814389 0.359549
vt 0.133622 0.780919
vt 0.133622 0.784618
vt 0.131434 0.784993
vt 0.130848 0.781947
vt 0.814905 0.363408
vt 0.812343 0.363612
vt 0.368118 0.400832
vt 0.367541 0.398191
vt 0.368946 0.396118
vt 0.370432 0.397912
vt 0.760338 0.002506
vt 0.765213 0.003185
vt 0.765127 0.005466
vt 0.761409 0.005744
vt 0.806516 0.344070
vt 0.806228 0.347238
vt 0.802947 0.347917
vt 0.802104 0.345897
vt 0.810752 0.343506
vt 0.810326 0.346708
vt 0.757284 0.006294
vt 0.756530 0.004450
vt 0.796755 0.399655
vt 0.793302 0.396809
vt 0.793987 0.393257
vt 0.796854 0.394370
vt 0.810152 0.338858
vt 0.812126 0.338963
vt 0.356069 0.393935
vt 0.358017 0.390096
vt 0.363152 0.390387
vt 0.361821 0.393398
vt 0.133622 0.779923
vt 0.139396 0.779923
vt 0.138246 0.782597
vt 0.134810 0.782300
vt 0.347400 0.392573
vt 0.349234 0.389376
vt 0.357725 0.396435
vt 0.356188 0.400020
vt 0.353050 0.397397
vt 0.345776 0.395538
vt 0.745816 0.005628
vt 0.752738 0.006339
vt 0.753015 0.009051
vt 0.746391 0.009022
vt 0.735589 0.010121
vt 0.734749 0.007055
vt 0.733791 0.004278
vt 0.742590 0.003239
vt 0.746628 0.002633
vt 0.748303 0.004692
vt 0.620472 0.802894
vt 0.622930 0.800377
vt 0.627105 0.800440
vt 0.627434 0.802894
vt 0.336005 0.812209
vt 0.335289 0.809234
vt 0.337376 0.809315
vt 0.338815 0.810783
vt 0.332323 0.811773
vt 0.332370 0.809140
vt 0.334636 0.815908
vt 0.332293 0.815594
vt 0.339497 0.814187
vt 0.337713 0.816972
vt 0.757060 0.998772
vt 0.758724 0.995856
vt 0.761099 0.995148
vt 0.760538 0.998544
vt 0.336094 0.795834
vt 0.335756 0.799265
vt 0.332383 0.798807
vt 0.332398 0.795614
vt 0.745820 0.000000
vt 0.741095 0.001430
vt 0.335274 0.791137
vt 0.338394 0.790628
vt 0.338683 0.794172
vt 0.332386 0.791286
vt 0.814152 0.315657
vt 0.817244 0.316628
vt 0.817631 0.320230
vt 0.814932 0.320123
vt 0.800945 0.371380
vt 0.799625 0.375482
vt 0.796129 0.374850
vt 0.796935 0.370494
vt 0.199909 0.779923
vt 0.204266 0.780439
vt 0.201732 0.783559
vt 0.199909 0.783478
vt 0.339192 0.765939
vt 0.340130 0.768688
vt 0.337374 0.768935
vt 0.336906 0.766284
vt 0.623849 0.772962
vt 0.625249 0.772714
vt 0.627173 0.775192
vt 0.624300 0.775758
vt 0.206374 0.786106
vt 0.204124 0.787629
vt 0.201989 0.787568
vt 0.204107 0.784589
vt 0.334613 0.768943
vt 0.334777 0.765511
vt 0.819836 0.313686
vt 0.819934 0.316823
vt 0.816419 0.314067
vt 0.333083 0.765715
vt 0.332603 0.768844
vt 0.200275 0.786661
vt 0.379554 0.038065
vt 0.379881 0.039795
vt 0.377105 0.040189
vt 0.377396 0.037875
vt 0.380796 0.036834
vt 0.382096 0.038818
vt 0.377996 0.035666
vt 0.770776 0.362645
vt 0.771075 0.360588
vt 0.773195 0.361301
vt 0.772075 0.363806
vt 0.768643 0.362619
vt 0.768287 0.359896
vt 0.769484 0.364774
vt 0.033666 0.397265
vt 0.042018 0.397011
vt 0.042620 0.399759
vt 0.034895 0.400101
vt 0.033061 0.394308
vt 0.041190 0.394173
vt 0.026991 0.396312
vt 0.027147 0.395198
vt 0.483471 0.790730
vt 0.480113 0.787310
vt 0.480823 0.783270
vt 0.483096 0.784260
vt 0.498448 0.781027
vt 0.501545 0.778939
vt 0.500428 0.783376
vt 0.496768 0.784285
vt 0.787771 0.737286
vt 0.791800 0.737845
vt 0.791456 0.742936
vt 0.788693 0.742957
vt 0.426551 0.000831
vt 0.433271 0.000768
vt 0.432788 0.002299
vt 0.424600 0.003603
vt 0.787784 0.733192
vt 0.791827 0.734067
vt 0.755821 0.810415
vt 0.752362 0.808371
vt 0.750737 0.804314
vt 0.753771 0.805123
vt 0.782782 0.734160
vt 0.783144 0.732455
vt 0.432033 0.005704
vt 0.424133 0.006664
vt 0.418520 0.006618
vt 0.418681 0.004866
vt 0.401996 0.808722
vt 0.396322 0.807439
vt 0.395840 0.804304
vt 0.399642 0.804633
vt 0.801152 0.737636
vt 0.799403 0.744037
vt 0.797199 0.743474
vt 0.797568 0.737796
vt 0.797858 0.734645
vt 0.801061 0.734811
vt 0.804643 0.735174
vt 0.805756 0.736755
vt 0.413514 0.005847
vt 0.418317 0.010117
vt 0.413812 0.009972
vt 0.408830 0.006721
vt 0.407219 0.004276
vt 0.410407 0.002800
vt 0.409652 0.010073
vt 0.391328 0.809092
vt 0.392439 0.807117
vt 0.396392 0.809244
vt 0.412314 0.001201
vt 0.414788 0.004639
vt 0.485112 0.778939
vt 0.485112 0.784578
vt 0.483638 0.780445
vt 0.021461 0.395281
vt 0.021170 0.391507
vt 0.026337 0.392041
vt 0.023274 0.397274
vt 0.020443 0.398999
vt 0.018100 0.397782
vt 0.015617 0.393282
vt 0.016665 0.390451
vt 0.013590 0.395907
vt 0.498991 0.787134
vt 0.502530 0.785606
vt 0.502024 0.788566
vt 0.498492 0.790078
vt 0.503060 0.782061
vt 0.496256 0.786788
vt 0.061520 0.785815
vt 0.058620 0.786598
vt 0.058523 0.785622
vt 0.058952 0.783401
vt 0.059034 0.780250
vt 0.061520 0.782575
vt 0.347733 0.794978
vt 0.349427 0.796017
vt 0.348004 0.798820
vt 0.346713 0.798943
vt 0.347687 0.791000
vt 0.350449 0.790366
vt 0.351047 0.793168
vt 0.343730 0.799000
vt 0.344038 0.795442
vt 0.344181 0.791506
vt 0.404023 0.014393
vt 0.406723 0.013877
vt 0.405288 0.018385
vt 0.402132 0.017716
vt 0.402681 0.012151
vt 0.406132 0.010536
vt 0.399120 0.016639
vt 0.502188 0.790622
vt 0.503910 0.787790
vt 0.504142 0.790640
vt 0.500264 0.790136
vt 0.158616 0.790899
vt 0.155825 0.790519
vt 0.156907 0.788149
vt 0.159410 0.788784
vt 0.346468 0.811096
vt 0.348874 0.813652
vt 0.347830 0.816481
vt 0.344875 0.815271
vt 0.348550 0.809771
vt 0.350077 0.812046
vt 0.342466 0.811308
vt 0.343124 0.808084
vt 0.346316 0.807616
vt 0.342274 0.815044
vt 0.347800 0.807577
vt 0.014616 0.386413
vt 0.017272 0.387192
vt 0.013162 0.388619
vt 0.013095 0.383094
vt 0.016191 0.382544
vt 0.010048 0.384151
vt 0.813358 0.734764
vt 0.810482 0.734761
vt 0.810008 0.732533
vt 0.812229 0.733477
vt 0.108764 0.780340
vt 0.111465 0.780250
vt 0.110980 0.782554
vt 0.108764 0.783354
vt 0.161942 0.781513
vt 0.159520 0.783289
vt 0.158428 0.779923
vt 0.159550 0.780115
vt 0.475494 0.781542
vt 0.476401 0.779639
vt 0.479212 0.780324
vt 0.478203 0.782216
vt 0.159289 0.786566
vt 0.157075 0.785812
vt 0.156708 0.783294
vt 0.155825 0.780437
vt 0.346002 0.821604
vt 0.343353 0.821217
vt 0.344089 0.818477
vt 0.347097 0.819297
vt 0.813603 0.726945
vt 0.812042 0.729549
vt 0.810429 0.728017
vt 0.810804 0.727156
vt 0.399662 0.779227
vt 0.398798 0.782707
vt 0.395023 0.782683
vt 0.395045 0.779517
vt 0.169080 0.779923
vt 0.168273 0.784485
vt 0.165372 0.785127
vt 0.166050 0.780900
vt 0.749976 0.778916
vt 0.752121 0.779275
vt 0.751981 0.782515
vt 0.749375 0.782409
vt 0.391957 0.778939
vt 0.391328 0.782455
vt 0.169080 0.787659
vt 0.165447 0.789201
vt 0.350060 0.765010
vt 0.350021 0.768539
vt 0.347074 0.768422
vt 0.346441 0.764696
vt 0.162926 0.781024
vt 0.161942 0.784856
vt 0.758252 0.727247
vt 0.757166 0.723297
vt 0.761242 0.722826
vt 0.761280 0.726043
vt 0.754781 0.779813
vt 0.755007 0.782945
vt 0.343273 0.764263
vt 0.343606 0.768466
vt 0.757060 0.720384
vt 0.761243 0.720644
vt 0.162277 0.788423
vt 0.430645 0.086767
vt 0.431212 0.093041
vt 0.427213 0.093646
vt 0.426976 0.084853
vt 0.218913 0.787320
vt 0.216326 0.790756
vt 0.216326 0.779923
vt 0.220427 0.779992
vt 0.438353 0.085693
vt 0.438800 0.091572
vt 0.425716 0.084479
vt 0.422065 0.070936
vt 0.435631 0.070935
vt 0.437608 0.078761
vt 0.438014 0.082456
vt 0.148802 0.780256
vt 0.150887 0.779923
vt 0.151581 0.787165
vt 0.149090 0.788423
vt 0.425398 0.094023
vt 0.417422 0.094212
vt 0.416595 0.082941
vt 0.415144 0.070541
vt 0.399561 0.357816
vt 0.399370 0.355994
vt 0.402455 0.355844
vt 0.401839 0.358171
vt 0.401188 0.360244
vt 0.398445 0.359153
vt 0.397040 0.357101
vt 0.004568 0.040132
vt 0.004557 0.042188
vt 0.002970 0.041618
vt 0.003414 0.039081
vt 0.007620 0.039726
vt 0.008179 0.042520
vt 0.006792 0.037014
vt 0.005673 0.034919
vt 0.009564 0.033676
vt 0.010492 0.036415
vt 0.011311 0.039499
vt 0.003126 0.038330
vt 0.354386 0.404831
vt 0.352766 0.404178
vt 0.353319 0.401089
vt 0.355289 0.401587
vt 0.355693 0.405596
vt 0.355651 0.408099
vt 0.354145 0.407587
vt 0.352533 0.407087
vt 0.354438 0.410636
vt 0.352648 0.410227
vt 0.350543 0.410042
vt 0.350588 0.406677
vt 0.350776 0.403791
vt 0.375423 0.402751
vt 0.377465 0.403004
vt 0.377210 0.405907
vt 0.375088 0.405714
vt 0.351054 0.400832
vt 0.348426 0.406480
vt 0.348731 0.403700
vt 0.346250 0.406425
vt 0.346703 0.403850
vt 0.348315 0.410016
vt 0.346098 0.410159
vt 0.348395 0.414040
vt 0.346144 0.414192
vt 0.344087 0.414550
vt 0.344034 0.410488
vt 0.344176 0.406382
vt 0.393127 0.361137
vt 0.394474 0.359982
vt 0.396812 0.362257
vt 0.395680 0.363369
vt 0.382064 0.401425
vt 0.381374 0.404269
vt 0.379492 0.403512
vt 0.379995 0.400832
vt 0.391816 0.356944
vt 0.392959 0.356353
vt 0.391340 0.352846
vt 0.392652 0.352380
vt 0.394792 0.351875
vt 0.394699 0.355550
vt 0.395816 0.358543
vt 0.397779 0.360572
vt 0.396944 0.354525
vt 0.397304 0.351295
vt 0.400103 0.350639
vt 0.399806 0.353727
vt 0.403191 0.350069
vt 0.402883 0.353218
vt 0.406425 0.349697
vt 0.406076 0.352903
vt 0.405624 0.355782
vt 0.405143 0.358337
vt 0.409972 0.352826
vt 0.409479 0.355795
vt 0.408990 0.358466
vt 0.408343 0.361100
vt 0.404504 0.360662
vt 0.414087 0.355913
vt 0.413628 0.358689
vt 0.413078 0.361463
vt 0.412463 0.364119
vt 0.407539 0.363578
vt 0.421170 0.358625
vt 0.420629 0.361505
vt 0.420068 0.364315
vt 0.419485 0.367080
vt 0.411812 0.366663
vt 0.432406 0.360851
vt 0.431839 0.363858
vt 0.431242 0.366904
vt 0.430650 0.369186
vt 0.419062 0.369005
vt 0.445346 0.362923
vt 0.444900 0.366226
vt 0.444398 0.369177
vt 0.460692 0.365249
vt 0.460316 0.368395
vt 0.383443 0.453310
vt 0.383976 0.468960
vt 0.381413 0.468757
vt 0.380801 0.452943
vt 0.380300 0.439281
vt 0.382986 0.439700
vt 0.377630 0.452390
vt 0.377338 0.438745
vt 0.377103 0.427805
vt 0.379848 0.428043
vt 0.382557 0.428203
vt 0.376903 0.420315
vt 0.379490 0.420477
vt 0.382052 0.420607
vt 0.411439 0.368642
vt 0.379397 0.415035
vt 0.381530 0.415297
vt 0.406163 0.368008
vt 0.406746 0.365941
vt 0.401852 0.366933
vt 0.402810 0.365133
vt 0.403703 0.362958
vt 0.399595 0.363975
vt 0.400515 0.362053
vt 0.398480 0.365368
vt 0.381100 0.407322
vt 0.381226 0.410880
vt 0.379343 0.410240
vt 0.379302 0.406561
vt 0.377075 0.409847
vt 0.376954 0.414765
vt 0.374406 0.414566
vt 0.374738 0.409681
vt 0.371949 0.414385
vt 0.372243 0.409688
vt 0.372827 0.405719
vt 0.370038 0.414239
vt 0.370281 0.409982
vt 0.370860 0.405955
vt 0.371717 0.419915
vt 0.369916 0.419527
vt 0.013777 0.033053
vt 0.019082 0.032789
vt 0.019109 0.035552
vt 0.014180 0.035695
vt 0.019192 0.038697
vt 0.014782 0.039024
vt 0.019184 0.042002
vt 0.015033 0.042224
vt 0.011507 0.042435
vt 0.015082 0.045533
vt 0.011643 0.045596
vt 0.008388 0.045556
vt 0.011690 0.049026
vt 0.008468 0.048896
vt 0.005173 0.048498
vt 0.004884 0.045128
vt 0.002184 0.048056
vt 0.002311 0.044453
vt 0.000171 0.047821
vt 0.001266 0.044266
vt 0.356057 0.410886
vt 0.002493 0.052348
vt 0.000239 0.052278
vt 0.355213 0.414112
vt 0.355516 0.418564
vt 0.353283 0.418555
vt 0.352954 0.413938
vt 0.350892 0.418646
vt 0.350673 0.413950
vt 0.348505 0.418791
vt 0.351128 0.424713
vt 0.348598 0.424884
vt 0.346119 0.425053
vt 0.346147 0.418977
vt 0.343833 0.425249
vt 0.344030 0.419211
vt 0.391328 0.348176
vt 0.391507 0.342136
vt 0.393255 0.341992
vt 0.392845 0.347999
vt 0.395741 0.341836
vt 0.395141 0.347739
vt 0.398371 0.341639
vt 0.397680 0.347324
vt 0.401189 0.341414
vt 0.400452 0.346893
vt 0.404177 0.341150
vt 0.403528 0.346483
vt 0.407356 0.340908
vt 0.406730 0.346078
vt 0.411625 0.340663
vt 0.410953 0.345701
vt 0.410451 0.349519
vt 0.416160 0.345367
vt 0.415435 0.349410
vt 0.414679 0.352939
vt 0.422924 0.348883
vt 0.422285 0.352646
vt 0.421701 0.355774
vt 0.434029 0.351385
vt 0.433492 0.354760
vt 0.432954 0.357812
vt 0.446231 0.353013
vt 0.446029 0.356397
vt 0.445725 0.359683
vt 0.461230 0.354962
vt 0.461174 0.358437
vt 0.460983 0.361862
vt 0.480425 0.357415
vt 0.480276 0.360954
vt 0.480018 0.364292
vt 0.479636 0.367709
vt 0.504040 0.362632
vt 0.503539 0.366050
vt 0.502837 0.369097
vt 0.502221 0.370571
vt 0.479154 0.370206
vt 0.528354 0.376462
vt 0.527555 0.379897
vt 0.526533 0.382741
vt 0.553529 0.390428
vt 0.552768 0.393766
vt 0.382481 0.536542
vt 0.383439 0.564055
vt 0.381126 0.563835
vt 0.379924 0.536103
vt 0.378682 0.510367
vt 0.381717 0.510771
vt 0.376513 0.535636
vt 0.375777 0.509658
vt 0.375205 0.486946
vt 0.378650 0.487511
vt 0.381967 0.487877
vt 0.374742 0.467697
vt 0.378067 0.468316
vt 0.374475 0.451688
vt 0.371573 0.466889
vt 0.371478 0.450812
vt 0.371480 0.437256
vt 0.374358 0.438082
vt 0.371557 0.426977
vt 0.374303 0.427491
vt 0.374313 0.420201
vt 0.026376 0.031243
vt 0.036759 0.031221
vt 0.036018 0.033174
vt 0.025929 0.032979
vt 0.369863 0.426275
vt 0.035216 0.036135
vt 0.025508 0.035819
vt 0.034369 0.039155
vt 0.025045 0.038804
vt 0.033508 0.042138
vt 0.024744 0.041901
vt 0.032685 0.045135
vt 0.024595 0.044992
vt 0.019258 0.045341
vt 0.024418 0.048352
vt 0.019220 0.048687
vt 0.015077 0.048974
vt 0.018955 0.052848
vt 0.015009 0.053014
vt 0.011681 0.052975
vt 0.014883 0.057788
vt 0.011689 0.057757
vt 0.008676 0.057764
vt 0.008522 0.052808
vt 0.005752 0.057875
vt 0.005418 0.052568
vt 0.002886 0.057989
vt 0.006257 0.065640
vt 0.003490 0.066059
vt 0.000958 0.066446
vt 0.000410 0.058170
vt 0.355821 0.424454
vt 0.356208 0.432747
vt 0.353931 0.433005
vt 0.353612 0.424582
vt 0.351262 0.433271
vt 0.354134 0.443940
vt 0.351337 0.444331
vt 0.348505 0.444714
vt 0.348566 0.433526
vt 0.345728 0.445067
vt 0.345933 0.433759
vt 0.343222 0.445396
vt 0.343525 0.433990
vt 0.391737 0.333390
vt 0.392025 0.321978
vt 0.394407 0.321772
vt 0.393812 0.333238
vt 0.397382 0.321624
vt 0.396580 0.333113
vt 0.400347 0.321526
vt 0.399401 0.333022
vt 0.403361 0.321469
vt 0.402292 0.332975
vt 0.406444 0.321465
vt 0.405256 0.333014
vt 0.410244 0.321531
vt 0.408519 0.333187
vt 0.415540 0.321751
vt 0.412800 0.333439
vt 0.424820 0.322591
vt 0.418540 0.333693
vt 0.416859 0.340517
vt 0.426457 0.333034
vt 0.424847 0.339969
vt 0.423710 0.344773
vt 0.435315 0.338257
vt 0.434986 0.343138
vt 0.434544 0.347467
vt 0.446256 0.340954
vt 0.446457 0.345297
vt 0.446423 0.349323
vt 0.460408 0.343579
vt 0.460841 0.347550
vt 0.461151 0.351342
vt 0.479917 0.346515
vt 0.480240 0.350271
vt 0.480380 0.353936
vt 0.504058 0.351557
vt 0.504245 0.355535
vt 0.504368 0.359152
vt 0.529407 0.364951
vt 0.529394 0.369268
vt 0.528972 0.372857
vt 0.554850 0.380161
vt 0.554562 0.383645
vt 0.554146 0.387060
vt 0.581960 0.387527
vt 0.581776 0.390995
vt 0.581554 0.394371
vt 0.581249 0.397570
vt 0.609442 0.387596
vt 0.609569 0.391133
vt 0.609648 0.394510
vt 0.609653 0.397299
vt 0.580939 0.400501
vt 0.635826 0.380285
vt 0.636200 0.383548
vt 0.636751 0.386374
vt 0.783907 0.397828
vt 0.781732 0.395643
vt 0.783823 0.370494
vt 0.785903 0.371386
vt 0.788833 0.372372
vt 0.787061 0.399170
vt 0.381026 0.646194
vt 0.377789 0.646482
vt 0.378018 0.620814
vt 0.381573 0.620887
vt 0.374306 0.646344
vt 0.374443 0.620511
vt 0.374270 0.592540
vt 0.377888 0.592801
vt 0.381492 0.592902
vt 0.373672 0.563294
vt 0.377419 0.563633
vt 0.372913 0.535070
vt 0.370380 0.562952
vt 0.370053 0.535022
vt 0.371044 0.508634
vt 0.372768 0.509030
vt 0.369863 0.485291
vt 0.371857 0.486231
vt 0.086179 0.030781
vt 0.085578 0.033113
vt 0.065932 0.033337
vt 0.066676 0.031046
vt 0.084941 0.036498
vt 0.065098 0.036647
vt 0.048743 0.036465
vt 0.049639 0.033322
vt 0.050449 0.031166
vt 0.064165 0.039982
vt 0.047768 0.039615
vt 0.063125 0.043324
vt 0.046683 0.042765
vt 0.061924 0.046719
vt 0.045409 0.045943
vt 0.060720 0.050397
vt 0.043962 0.049436
vt 0.031788 0.048502
vt 0.042510 0.053583
vt 0.030731 0.052822
vt 0.024001 0.052653
vt 0.029749 0.057542
vt 0.023558 0.057464
vt 0.018618 0.057711
vt 0.023252 0.063415
vt 0.018580 0.063787
vt 0.014964 0.064302
vt 0.018932 0.073077
vt 0.015559 0.073905
vt 0.012626 0.074651
vt 0.011994 0.064737
vt 0.009724 0.075388
vt 0.009105 0.065198
vt 0.006857 0.076070
vt 0.010391 0.088991
vt 0.007448 0.089898
vt 0.004494 0.090709
vt 0.004001 0.076696
vt 0.001637 0.091417
vt 0.001297 0.077250
vt 0.356193 0.443551
vt 0.356220 0.457711
vt 0.354290 0.458212
vt 0.356252 0.475587
vt 0.354436 0.476049
vt 0.351468 0.476486
vt 0.351390 0.458685
vt 0.348422 0.476883
vt 0.348428 0.459119
vt 0.345423 0.477225
vt 0.345498 0.459505
vt 0.342846 0.477514
vt 0.342971 0.459858
vt 0.392203 0.307499
vt 0.392306 0.289817
vt 0.395150 0.289692
vt 0.394882 0.307306
vt 0.398347 0.289653
vt 0.398002 0.307189
vt 0.401475 0.289689
vt 0.401070 0.307139
vt 0.404613 0.289808
vt 0.404178 0.307168
vt 0.407931 0.290064
vt 0.407377 0.307339
vt 0.412365 0.290667
vt 0.411668 0.308136
vt 0.417886 0.291482
vt 0.417285 0.308660
vt 0.424993 0.292230
vt 0.424938 0.309375
vt 0.428525 0.293370
vt 0.429161 0.310410
vt 0.428204 0.323531
vt 0.434872 0.312281
vt 0.435153 0.324743
vt 0.435348 0.332188
vt 0.443705 0.325680
vt 0.444768 0.330550
vt 0.445717 0.336059
vt 0.457363 0.330499
vt 0.458892 0.334869
vt 0.459802 0.339395
vt 0.478078 0.334792
vt 0.478978 0.338797
vt 0.479597 0.342697
vt 0.503889 0.339465
vt 0.504341 0.343490
vt 0.503677 0.347325
vt 0.530872 0.346045
vt 0.530683 0.353056
vt 0.529885 0.359771
vt 0.556551 0.359395
vt 0.555643 0.369767
vt 0.555042 0.375793
vt 0.582425 0.373392
vt 0.582339 0.379705
vt 0.582147 0.384088
vt 0.609621 0.375849
vt 0.609563 0.380393
vt 0.609460 0.384060
vt 0.635633 0.368981
vt 0.635499 0.372830
vt 0.635532 0.376580
vt 0.661216 0.361878
vt 0.661273 0.365142
vt 0.661399 0.368250
vt 0.661403 0.369901
vt 0.685776 0.363244
vt 0.685730 0.366289
vt 0.685717 0.369261
vt 0.708296 0.367521
vt 0.708273 0.369914
vt 0.370487 0.735126
vt 0.371321 0.712697
vt 0.373753 0.712478
vt 0.372653 0.734865
vt 0.373379 0.758922
vt 0.371243 0.759108
vt 0.376587 0.712319
vt 0.375652 0.734753
vt 0.376374 0.759083
vt 0.379395 0.712154
vt 0.378602 0.734661
vt 0.378624 0.759117
vt 0.381497 0.734604
vt 0.380818 0.759021
vt 0.791084 0.372434
vt 0.793302 0.372201
vt 0.793302 0.399517
vt 0.790511 0.399725
vt 0.245036 0.012854
vt 0.269977 0.029038
vt 0.269506 0.029639
vt 0.243647 0.016203
vt 0.216727 0.006109
vt 0.217482 0.003053
vt 0.371533 0.646019
vt 0.371145 0.620151
vt 0.188460 0.003556
vt 0.188742 0.000000
vt 0.370869 0.592143
vt 0.160208 0.008721
vt 0.159921 0.004632
vt 0.188134 0.007117
vt 0.160253 0.012469
vt 0.134214 0.025402
vt 0.134037 0.021477
vt 0.133586 0.017644
vt 0.108381 0.037364
vt 0.108693 0.033852
vt 0.108793 0.030593
vt 0.084185 0.039937
vt 0.107889 0.041014
vt 0.083301 0.043388
vt 0.107267 0.044667
vt 0.082376 0.046902
vt 0.106314 0.048735
vt 0.081175 0.050678
vt 0.105433 0.053220
vt 0.080109 0.054838
vt 0.059401 0.054490
vt 0.078913 0.059164
vt 0.057912 0.058954
vt 0.041045 0.058216
vt 0.056102 0.064037
vt 0.039285 0.063462
vt 0.028911 0.063406
vt 0.036919 0.070550
vt 0.028062 0.071433
vt 0.023224 0.072230
vt 0.027418 0.082546
vt 0.023464 0.083976
vt 0.019697 0.085263
vt 0.024588 0.102174
vt 0.020815 0.103668
vt 0.017372 0.104832
vt 0.016346 0.086627
vt 0.014193 0.105896
vt 0.013327 0.087968
vt 0.011113 0.106914
vt 0.014707 0.128603
vt 0.011571 0.129538
vt 0.008446 0.130367
vt 0.008043 0.107828
vt 0.005333 0.131072
vt 0.004980 0.108624
vt 0.002261 0.131664
vt 0.001976 0.109308
vt 0.005562 0.155350
vt 0.002458 0.155760
vt 0.000323 0.156098
vt 0.000198 0.132151
vt 0.000000 0.109892
vt 0.354533 0.498275
vt 0.354583 0.522180
vt 0.351630 0.522399
vt 0.351556 0.498607
vt 0.348554 0.522595
vt 0.348440 0.498894
vt 0.345528 0.522763
vt 0.345369 0.499130
vt 0.342933 0.522910
vt 0.342807 0.499317
vt 0.392263 0.267971
vt 0.392352 0.244343
vt 0.395160 0.244339
vt 0.395214 0.267957
vt 0.398362 0.244406
vt 0.398436 0.268031
vt 0.401490 0.244535
vt 0.401573 0.268189
vt 0.404626 0.244743
vt 0.404707 0.268434
vt 0.407869 0.245143
vt 0.407992 0.268798
vt 0.412378 0.245552
vt 0.412514 0.269297
vt 0.417905 0.246009
vt 0.418015 0.269910
vt 0.424991 0.246689
vt 0.424983 0.270377
vt 0.428378 0.247015
vt 0.428303 0.271600
vt 0.433117 0.247566
vt 0.433165 0.272842
vt 0.433838 0.295039
vt 0.439368 0.274554
vt 0.440299 0.297486
vt 0.441815 0.314542
vt 0.449769 0.300940
vt 0.452734 0.317498
vt 0.455290 0.326693
vt 0.472508 0.320550
vt 0.474921 0.327372
vt 0.476731 0.330590
vt 0.500747 0.328365
vt 0.502051 0.331410
vt 0.503024 0.335440
vt 0.529212 0.332811
vt 0.530114 0.336896
vt 0.530934 0.341241
vt 0.556647 0.337641
vt 0.556854 0.341843
vt 0.556966 0.347729
vt 0.582175 0.342393
vt 0.582563 0.347662
vt 0.582315 0.361021
vt 0.608013 0.347576
vt 0.608251 0.358603
vt 0.609249 0.369586
vt 0.635554 0.351971
vt 0.635694 0.358858
vt 0.635974 0.364353
vt 0.662364 0.351233
vt 0.661896 0.355076
vt 0.661339 0.358634
vt 0.686472 0.354011
vt 0.686129 0.357134
vt 0.685897 0.360165
vt 0.708818 0.358819
vt 0.708559 0.361787
vt 0.708385 0.364721
vt 0.726933 0.363880
vt 0.726867 0.366613
vt 0.726863 0.369129
vt 0.741932 0.368440
vt 0.741976 0.370366
vt 0.370623 0.694401
vt 0.371494 0.679261
vt 0.373815 0.679035
vt 0.372576 0.694079
vt 0.726919 0.370988
vt 0.376333 0.678832
vt 0.375119 0.693901
vt 0.378838 0.678631
vt 0.377798 0.693694
vt 0.381260 0.678441
vt 0.380458 0.693478
vt 0.383415 0.678237
vt 0.382871 0.693278
vt 0.382108 0.712015
vt 0.317536 0.029405
vt 0.336499 0.029583
vt 0.336915 0.031654
vt 0.317879 0.031067
vt 0.383900 0.711928
vt 0.383976 0.734676
vt 0.294856 0.030803
vt 0.318285 0.033750
vt 0.295037 0.033392
vt 0.269501 0.030809
vt 0.383048 0.759591
vt 0.295262 0.036122
vt 0.269217 0.033570
vt 0.242176 0.022391
vt 0.242856 0.019148
vt 0.215483 0.012779
vt 0.216063 0.009441
vt 0.187753 0.010596
vt 0.215050 0.016078
vt 0.187329 0.014108
vt 0.159828 0.020073
vt 0.160107 0.016218
vt 0.133854 0.033564
vt 0.134161 0.029418
vt 0.159581 0.024424
vt 0.133384 0.038320
vt 0.159009 0.030300
vt 0.133065 0.043902
vt 0.158744 0.039320
vt 0.132096 0.050800
vt 0.104310 0.057908
vt 0.131598 0.058144
vt 0.103280 0.062975
vt 0.077474 0.064144
vt 0.101819 0.069037
vt 0.075755 0.069817
vt 0.053908 0.069981
vt 0.073407 0.075111
vt 0.050797 0.077204
vt 0.034354 0.080564
vt 0.046690 0.093578
vt 0.033807 0.098169
vt 0.028829 0.100333
vt 0.034393 0.122377
vt 0.029850 0.123761
vt 0.025346 0.125108
vt 0.030334 0.150385
vt 0.025617 0.151379
vt 0.021637 0.152193
vt 0.021462 0.126371
vt 0.018110 0.152994
vt 0.017950 0.127609
vt 0.014870 0.153668
vt 0.018288 0.178838
vt 0.015059 0.179139
vt 0.011945 0.179440
vt 0.011769 0.154303
vt 0.008841 0.179713
vt 0.008666 0.154867
vt 0.005742 0.179958
vt 0.009104 0.204650
vt 0.006008 0.204652
vt 0.002876 0.204674
vt 0.002621 0.180177
vt 0.000389 0.204719
vt 0.000233 0.180367
vt 0.354620 0.546395
vt 0.354715 0.570707
vt 0.351917 0.570703
vt 0.351738 0.546495
vt 0.348818 0.570776
vt 0.348674 0.546627
vt 0.345764 0.570905
vt 0.345624 0.546771
vt 0.343257 0.571111
vt 0.343134 0.546956
vt 0.392322 0.220253
vt 0.392216 0.196050
vt 0.394897 0.195905
vt 0.395014 0.220185
vt 0.397943 0.195746
vt 0.398098 0.220143
vt 0.401032 0.195560
vt 0.401197 0.220119
vt 0.404116 0.195352
vt 0.404295 0.220114
vt 0.407399 0.195144
vt 0.407575 0.220151
vt 0.411639 0.194811
vt 0.411942 0.220242
vt 0.417385 0.194530
vt 0.417584 0.220426
vt 0.424984 0.194362
vt 0.424985 0.220297
vt 0.428460 0.194029
vt 0.428336 0.220292
vt 0.433324 0.193623
vt 0.433222 0.220325
vt 0.439138 0.193102
vt 0.439112 0.220404
vt 0.439120 0.248277
vt 0.447087 0.220682
vt 0.447339 0.249203
vt 0.448039 0.276632
vt 0.462574 0.250248
vt 0.464681 0.279705
vt 0.468358 0.306548
vt 0.495319 0.282514
vt 0.497272 0.310643
vt 0.499201 0.322546
vt 0.526533 0.312832
vt 0.527337 0.324377
vt 0.528388 0.329972
vt 0.555264 0.325157
vt 0.555837 0.330180
vt 0.556267 0.333390
vt 0.583021 0.330335
vt 0.582839 0.333674
vt 0.582524 0.338032
vt 0.609879 0.333314
vt 0.609042 0.337491
vt 0.608476 0.341844
vt 0.636932 0.337039
vt 0.636040 0.341352
vt 0.635336 0.346116
vt 0.663583 0.340288
vt 0.662812 0.343945
vt 0.662844 0.347384
vt 0.688302 0.343897
vt 0.687594 0.347360
vt 0.686998 0.350718
vt 0.710211 0.349387
vt 0.709686 0.352661
vt 0.709193 0.355800
vt 0.727625 0.355386
vt 0.727313 0.358268
vt 0.727066 0.361087
vt 0.742103 0.360810
vt 0.741997 0.363352
vt 0.741941 0.365916
vt 0.753409 0.365180
vt 0.753398 0.367469
vt 0.753419 0.369540
vt 0.761322 0.368448
vt 0.761439 0.370194
vt 0.370897 0.668048
vt 0.371404 0.660013
vt 0.373289 0.659836
vt 0.372586 0.667773
vt 0.753480 0.371026
vt 0.375537 0.659771
vt 0.374861 0.667618
vt 0.377791 0.659730
vt 0.377229 0.667473
vt 0.380021 0.659711
vt 0.379581 0.667348
vt 0.382311 0.659754
vt 0.381928 0.667311
vt 0.383966 0.659894
vt 0.383843 0.667288
vt 0.362867 0.030269
vt 0.370390 0.030630
vt 0.370354 0.032783
vt 0.363134 0.032508
vt 0.352128 0.032133
vt 0.351718 0.029700
vt 0.363385 0.034862
vt 0.352581 0.034662
vt 0.337413 0.034325
vt 0.353124 0.037197
vt 0.337977 0.036986
vt 0.318781 0.036501
vt 0.338648 0.039663
vt 0.319367 0.039261
vt 0.295564 0.038911
vt 0.320009 0.042004
vt 0.295954 0.041634
vt 0.269110 0.039493
vt 0.269041 0.036533
vt 0.241664 0.029425
vt 0.241713 0.025727
vt 0.214876 0.019928
vt 0.241936 0.034177
vt 0.214644 0.025101
vt 0.186310 0.023441
vt 0.187062 0.018027
vt 0.214731 0.032492
vt 0.186012 0.031948
vt 0.212770 0.045323
vt 0.184232 0.047106
vt 0.158187 0.052187
vt 0.182300 0.058836
vt 0.157118 0.062052
vt 0.130227 0.065351
vt 0.156010 0.069833
vt 0.128419 0.072126
vt 0.099857 0.073902
vt 0.126334 0.083000
vt 0.097451 0.085524
vt 0.069322 0.088750
vt 0.095040 0.113438
vt 0.065046 0.116987
vt 0.043017 0.120066
vt 0.061250 0.146532
vt 0.041655 0.148531
vt 0.034781 0.149537
vt 0.041387 0.176920
vt 0.035146 0.177220
vt 0.030648 0.177707
vt 0.035488 0.205034
vt 0.030884 0.205011
vt 0.026161 0.204912
vt 0.025894 0.178120
vt 0.022105 0.204910
vt 0.021857 0.178581
vt 0.018533 0.204772
vt 0.022520 0.231073
vt 0.018947 0.230532
vt 0.015696 0.230074
vt 0.015314 0.204704
vt 0.012565 0.229741
vt 0.012208 0.204670
vt 0.009446 0.229440
vt 0.012903 0.254353
vt 0.009731 0.253790
vt 0.006568 0.253338
vt 0.006329 0.229204
vt 0.003376 0.253001
vt 0.003166 0.229036
vt 0.000904 0.252756
vt 0.000540 0.228936
vt 0.354836 0.594884
vt 0.354929 0.618679
vt 0.352074 0.618457
vt 0.352036 0.594784
vt 0.348977 0.618372
vt 0.348941 0.594791
vt 0.345901 0.618406
vt 0.345852 0.594896
vt 0.343207 0.618586
vt 0.343266 0.595107
vt 0.392099 0.172004
vt 0.391801 0.148464
vt 0.394792 0.148265
vt 0.394877 0.171804
vt 0.397931 0.147973
vt 0.397932 0.171544
vt 0.401025 0.147595
vt 0.401039 0.171212
vt 0.404117 0.147111
vt 0.404151 0.170829
vt 0.407325 0.146433
vt 0.407437 0.170496
vt 0.411500 0.145960
vt 0.411552 0.169986
vt 0.417266 0.145069
vt 0.417308 0.169184
vt 0.425206 0.143975
vt 0.425065 0.168487
vt 0.428857 0.142565
vt 0.428514 0.167849
vt 0.433898 0.140887
vt 0.433498 0.166901
vt 0.439852 0.138778
vt 0.439491 0.165673
vt 0.447980 0.135929
vt 0.447531 0.164146
vt 0.447014 0.192513
vt 0.462729 0.162175
vt 0.461625 0.191698
vt 0.461578 0.221101
vt 0.493057 0.190962
vt 0.492842 0.221296
vt 0.493634 0.251621
vt 0.524563 0.221466
vt 0.524782 0.252661
vt 0.525529 0.284649
vt 0.554869 0.253338
vt 0.554813 0.285900
vt 0.555008 0.313839
vt 0.584084 0.286415
vt 0.583575 0.314344
vt 0.583183 0.325660
vt 0.612315 0.314048
vt 0.611619 0.325300
vt 0.610763 0.330416
vt 0.640610 0.324746
vt 0.639214 0.330129
vt 0.638101 0.333052
vt 0.667142 0.330029
vt 0.665959 0.332724
vt 0.664729 0.336433
vt 0.691979 0.332842
vt 0.690575 0.336559
vt 0.689326 0.340292
vt 0.712677 0.338275
vt 0.711625 0.342180
vt 0.710807 0.345892
vt 0.729005 0.345585
vt 0.728481 0.349197
vt 0.728002 0.352412
vt 0.742889 0.352664
vt 0.742595 0.355488
vt 0.742276 0.358166
vt 0.753424 0.357674
vt 0.753387 0.360289
vt 0.753394 0.362763
vt 0.760487 0.361437
vt 0.760831 0.363992
vt 0.761104 0.366277
vt 0.765726 0.364637
vt 0.766312 0.366684
vt 0.766679 0.368615
vt 0.770380 0.366391
vt 0.770988 0.367989
vt 0.370474 0.655048
vt 0.370648 0.650869
vt 0.372243 0.650298
vt 0.371783 0.654474
vt 0.767046 0.370090
vt 0.374116 0.649979
vt 0.373792 0.654267
vt 0.376170 0.649800
vt 0.375951 0.654191
vt 0.378339 0.649816
vt 0.378154 0.654235
vt 0.380485 0.649982
vt 0.380330 0.654373
vt 0.382488 0.650276
vt 0.382453 0.654626
vt 0.375608 0.029990
vt 0.380136 0.030897
vt 0.379687 0.032263
vt 0.375369 0.031148
vt 0.383976 0.655041
vt 0.378887 0.034036
vt 0.374971 0.033148
vt 0.374608 0.035378
vt 0.370237 0.035086
vt 0.374171 0.037739
vt 0.370032 0.037458
vt 0.363636 0.037238
vt 0.369795 0.039957
vt 0.363891 0.039754
vt 0.353727 0.039803
vt 0.364174 0.042350
vt 0.354389 0.042446
vt 0.339369 0.042344
vt 0.355121 0.045187
vt 0.340223 0.045083
vt 0.320726 0.044773
vt 0.341689 0.048701
vt 0.321550 0.048145
vt 0.296876 0.047621
vt 0.296436 0.044381
vt 0.269650 0.046472
vt 0.269551 0.042725
vt 0.242032 0.040305
vt 0.269769 0.051532
vt 0.242333 0.048713
vt 0.270006 0.057398
vt 0.241295 0.057693
vt 0.211925 0.056855
vt 0.240324 0.067336
vt 0.211544 0.066174
vt 0.180956 0.066861
vt 0.211181 0.079956
vt 0.181759 0.079502
vt 0.154608 0.080600
vt 0.181395 0.108649
vt 0.153318 0.108768
vt 0.124523 0.110460
vt 0.152021 0.141971
vt 0.122644 0.142993
vt 0.092404 0.144622
vt 0.121105 0.174297
vt 0.090292 0.175050
vt 0.058623 0.175932
vt 0.088927 0.205289
vt 0.057425 0.205370
vt 0.041662 0.205185
vt 0.057305 0.234663
vt 0.042169 0.233749
vt 0.035854 0.233146
vt 0.042682 0.261932
vt 0.035975 0.260349
vt 0.031644 0.259240
vt 0.031198 0.232468
vt 0.027107 0.257908
vt 0.026552 0.231824
vt 0.023172 0.256763
vt 0.027279 0.280950
vt 0.023274 0.279726
vt 0.019611 0.278652
vt 0.019508 0.255823
vt 0.016191 0.277756
vt 0.016117 0.255034
vt 0.012921 0.276930
vt 0.015470 0.295537
vt 0.012284 0.294795
vt 0.009133 0.294181
vt 0.009702 0.276268
vt 0.006013 0.293676
vt 0.006515 0.275725
vt 0.002966 0.293246
vt 0.003341 0.275289
vt 0.000945 0.292889
vt 0.001014 0.274946
vt 0.354794 0.640831
vt 0.354432 0.658734
vt 0.351497 0.658397
vt 0.351889 0.640515
vt 0.348436 0.658173
vt 0.348797 0.640333
vt 0.345368 0.658054
vt 0.345769 0.640273
vt 0.342723 0.658060
vt 0.343079 0.640350
vt 0.392022 0.126674
vt 0.392433 0.108954
vt 0.395234 0.108974
vt 0.394898 0.126582
vt 0.398287 0.108922
vt 0.398044 0.126416
vt 0.401343 0.108797
vt 0.401113 0.126170
vt 0.404409 0.108583
vt 0.404177 0.125827
vt 0.407600 0.108233
vt 0.407325 0.125224
vt 0.411908 0.107365
vt 0.411613 0.124151
vt 0.417557 0.106826
vt 0.417343 0.123362
vt 0.425253 0.106052
vt 0.425271 0.122738
vt 0.428171 0.105389
vt 0.428643 0.121545
vt 0.433058 0.103837
vt 0.433861 0.119588
vt 0.439257 0.101242
vt 0.440068 0.116665
vt 0.450998 0.097368
vt 0.448568 0.112667
vt 0.472363 0.093474
vt 0.468277 0.106183
vt 0.464786 0.132566
vt 0.498338 0.102253
vt 0.496146 0.129204
vt 0.494202 0.160383
vt 0.527460 0.126765
vt 0.525931 0.158997
vt 0.524944 0.190397
vt 0.556598 0.158109
vt 0.555702 0.190030
vt 0.555144 0.221588
vt 0.585918 0.189882
vt 0.585242 0.221637
vt 0.584638 0.253632
vt 0.615270 0.221619
vt 0.614334 0.253550
vt 0.613279 0.286284
vt 0.644387 0.253119
vt 0.643066 0.285517
vt 0.641780 0.313429
vt 0.672827 0.284091
vt 0.670809 0.311950
vt 0.668877 0.323995
vt 0.699571 0.309183
vt 0.695942 0.323354
vt 0.693758 0.329595
vt 0.718977 0.322871
vt 0.716053 0.330497
vt 0.714030 0.334174
vt 0.732703 0.332094
vt 0.730784 0.336997
vt 0.729735 0.341500
vt 0.744195 0.340339
vt 0.743652 0.345066
vt 0.743235 0.349166
vt 0.753502 0.347019
vt 0.753486 0.351399
vt 0.753449 0.354882
vt 0.759648 0.352380
vt 0.759755 0.355886
vt 0.760071 0.358751
vt 0.764511 0.356474
vt 0.764696 0.359311
vt 0.765103 0.362054
vt 0.768068 0.356930
vt 0.764484 0.352832
vt 0.767889 0.353248
vt 0.770922 0.353816
vt 0.771030 0.357515
vt 0.773694 0.354514
vt 0.773492 0.358208
vt 0.776350 0.355132
vt 0.775873 0.358973
vt 0.774792 0.362043
vt 0.773121 0.364691
vt 0.778162 0.359944
vt 0.776674 0.363394
vt 0.774207 0.366012
vt 0.777671 0.364322
vt 0.775280 0.367289
vt 0.771430 0.368894
vt 0.357775 0.703109
vt 0.357768 0.699316
vt 0.359745 0.699476
vt 0.359839 0.703282
vt 0.372030 0.646711
vt 0.374094 0.646482
vt 0.361971 0.699561
vt 0.361946 0.703363
vt 0.361800 0.707157
vt 0.359749 0.706934
vt 0.364218 0.699696
vt 0.364110 0.703459
vt 0.363969 0.707212
vt 0.366414 0.699705
vt 0.366243 0.703353
vt 0.366116 0.707053
vt 0.368413 0.699515
vt 0.368215 0.703248
vt 0.368123 0.706715
vt 0.383920 0.032554
vt 0.386450 0.035360
vt 0.385401 0.036455
vt 0.382978 0.034099
vt 0.383692 0.037677
vt 0.381875 0.035545
vt 0.386805 0.039614
vt 0.384572 0.040602
vt 0.382434 0.041523
vt 0.385192 0.044393
vt 0.382676 0.045034
vt 0.379951 0.045651
vt 0.379914 0.042319
vt 0.377035 0.045971
vt 0.376983 0.042756
vt 0.373684 0.045902
vt 0.373623 0.042861
vt 0.373784 0.040222
vt 0.369592 0.042608
vt 0.369551 0.045577
vt 0.364349 0.045255
vt 0.369702 0.049959
vt 0.364521 0.049599
vt 0.355982 0.049169
vt 0.364601 0.054931
vt 0.356719 0.054395
vt 0.343162 0.053687
vt 0.357013 0.061906
vt 0.344334 0.060145
vt 0.324266 0.058290
vt 0.322735 0.052626
vt 0.297908 0.057249
vt 0.297488 0.052043
vt 0.326399 0.069961
vt 0.299264 0.067988
vt 0.269338 0.067510
vt 0.300396 0.087966
vt 0.269399 0.084528
vt 0.240048 0.081662
vt 0.269960 0.114262
vt 0.239673 0.111596
vt 0.210469 0.109766
vt 0.239880 0.143427
vt 0.210157 0.142322
vt 0.180907 0.141780
vt 0.209937 0.173858
vt 0.180418 0.173678
vt 0.150973 0.173814
vt 0.179961 0.205023
vt 0.150285 0.205099
vt 0.120075 0.205182
vt 0.150009 0.236426
vt 0.119616 0.236086
vt 0.088408 0.235482
vt 0.119734 0.267502
vt 0.088783 0.266127
vt 0.058435 0.264245
vt 0.090027 0.295650
vt 0.061066 0.291876
vt 0.043534 0.287981
vt 0.064185 0.309375
vt 0.044708 0.306189
vt 0.035616 0.302765
vt 0.036059 0.284570
vt 0.030494 0.300457
vt 0.031621 0.282534
vt 0.026075 0.298802
vt 0.028302 0.312080
vt 0.024117 0.311200
vt 0.020619 0.310575
vt 0.022329 0.297549
vt 0.017358 0.310046
vt 0.018784 0.296474
vt 0.014276 0.309581
vt 0.016014 0.321365
vt 0.013125 0.321253
vt 0.010245 0.321134
vt 0.011258 0.309163
vt 0.007371 0.321004
vt 0.008253 0.308772
vt 0.004401 0.320859
vt 0.005240 0.308401
vt 0.001577 0.320714
vt 0.002382 0.308075
vt 0.356165 0.673977
vt 0.355759 0.686539
vt 0.353345 0.686330
vt 0.353959 0.673583
vt 0.356249 0.659215
vt 0.350503 0.686150
vt 0.351007 0.673294
vt 0.347634 0.685999
vt 0.348013 0.673076
vt 0.344872 0.685879
vt 0.345052 0.672936
vt 0.342495 0.685771
vt 0.342785 0.672896
vt 0.392703 0.094108
vt 0.392863 0.081217
vt 0.395675 0.081406
vt 0.395524 0.094208
vt 0.398688 0.081589
vt 0.398528 0.094276
vt 0.401636 0.081778
vt 0.401539 0.094314
vt 0.404618 0.081990
vt 0.404580 0.094331
vt 0.407710 0.082208
vt 0.407772 0.094324
vt 0.411612 0.082462
vt 0.411940 0.094292
vt 0.407222 0.069502
vt 0.410660 0.070081
vt 0.406688 0.054328
vt 0.409798 0.054963
vt 0.414403 0.055389
vt 0.410225 0.037402
vt 0.415251 0.036972
vt 0.422142 0.036454
vt 0.420600 0.055937
vt 0.434350 0.035778
vt 0.433413 0.056642
vt 0.457518 0.034944
vt 0.457127 0.057020
vt 0.456957 0.069945
vt 0.456452 0.075566
vt 0.482872 0.056217
vt 0.481132 0.068291
vt 0.480137 0.074633
vt 0.478866 0.079498
vt 0.455503 0.080561
vt 0.508166 0.066795
vt 0.506889 0.073892
vt 0.505784 0.079311
vt 0.504416 0.083709
vt 0.477053 0.083973
vt 0.535238 0.073388
vt 0.534212 0.078827
vt 0.533247 0.082705
vt 0.844010 0.804831
vt 0.847338 0.805945
vt 0.847771 0.834857
vt 0.844303 0.833242
vt 0.562316 0.078397
vt 0.561577 0.082349
vt 0.844267 0.776830
vt 0.847249 0.777404
vt 0.560663 0.084874
vt 0.559653 0.090332
vt 0.530373 0.090806
vt 0.531807 0.085110
vt 0.844572 0.748896
vt 0.847491 0.748981
vt 0.589367 0.084891
vt 0.588898 0.090263
vt 0.588156 0.099743
vt 0.558910 0.099906
vt 0.618233 0.085000
vt 0.618040 0.090458
vt 0.617807 0.100020
vt 0.617306 0.125049
vt 0.587426 0.124731
vt 0.646788 0.090637
vt 0.647169 0.100882
vt 0.647317 0.126231
vt 0.647058 0.158736
vt 0.616739 0.157952
vt 0.676281 0.102155
vt 0.677242 0.128464
vt 0.677879 0.160106
vt 0.677564 0.190754
vt 0.646479 0.190245
vt 0.708849 0.131641
vt 0.710159 0.161886
vt 0.709798 0.191363
vt 0.708016 0.221173
vt 0.676422 0.221325
vt 0.730734 0.163346
vt 0.731862 0.191685
vt 0.732233 0.221241
vt 0.731501 0.250572
vt 0.705722 0.251368
vt 0.741094 0.190903
vt 0.741778 0.220889
vt 0.741768 0.250536
vt 0.741246 0.277616
vt 0.728729 0.279887
vt 0.747652 0.220674
vt 0.747641 0.249587
vt 0.746972 0.276741
vt 0.746096 0.300650
vt 0.738721 0.302068
vt 0.753042 0.248731
vt 0.752765 0.275957
vt 0.752077 0.299724
vt 0.752809 0.318588
vt 0.745563 0.319656
vt 0.757696 0.275074
vt 0.757206 0.298822
vt 0.757935 0.317827
vt 0.758880 0.332652
vt 0.753204 0.333172
vt 0.761575 0.297832
vt 0.762314 0.316951
vt 0.763460 0.332071
vt 0.764196 0.342361
vt 0.759444 0.342304
vt 0.765813 0.316142
vt 0.766787 0.331411
vt 0.767566 0.342255
vt 0.767883 0.348759
vt 0.764531 0.348372
vt 0.769645 0.330998
vt 0.770449 0.342102
vt 0.770860 0.349221
vt 0.773227 0.341990
vt 0.773699 0.349686
vt 0.775893 0.341915
vt 0.776313 0.350010
vt 0.778530 0.341869
vt 0.778902 0.350229
vt 0.778881 0.355687
vt 0.780753 0.350302
vt 0.780689 0.356074
vt 0.779615 0.360629
vt 0.357623 0.695161
vt 0.357309 0.690762
vt 0.359522 0.690364
vt 0.359591 0.695095
vt 0.361905 0.690278
vt 0.361929 0.695119
vt 0.364282 0.690340
vt 0.364267 0.695203
vt 0.366647 0.690524
vt 0.366520 0.695262
vt 0.368807 0.690999
vt 0.368574 0.695465
vt 0.388337 0.038971
vt 0.389534 0.043536
vt 0.387641 0.043845
vt 0.389897 0.049380
vt 0.387847 0.049383
vt 0.385318 0.049451
vt 0.387526 0.057213
vt 0.384953 0.056971
vt 0.382396 0.056683
vt 0.382788 0.049692
vt 0.379685 0.056453
vt 0.380014 0.050092
vt 0.376866 0.056151
vt 0.377156 0.050281
vt 0.373856 0.055775
vt 0.373935 0.050188
vt 0.369609 0.055352
vt 0.372901 0.065069
vt 0.368765 0.064103
vt 0.363958 0.063087
vt 0.366803 0.078979
vt 0.362004 0.077907
vt 0.355927 0.076211
vt 0.360047 0.097266
vt 0.353847 0.096070
vt 0.347266 0.094662
vt 0.346001 0.073307
vt 0.329119 0.091644
vt 0.347358 0.119865
vt 0.331885 0.118679
vt 0.301629 0.116628
vt 0.333398 0.147504
vt 0.302717 0.146244
vt 0.270721 0.144785
vt 0.303499 0.175128
vt 0.271200 0.174711
vt 0.240069 0.174267
vt 0.271246 0.204489
vt 0.239994 0.204788
vt 0.209744 0.204942
vt 0.239618 0.235440
vt 0.209345 0.236168
vt 0.179713 0.236475
vt 0.208823 0.268254
vt 0.179675 0.268732
vt 0.150300 0.268373
vt 0.179849 0.298695
vt 0.151190 0.298287
vt 0.120325 0.297522
vt 0.152054 0.310761
vt 0.121135 0.310956
vt 0.091438 0.310495
vt 0.121554 0.317710
vt 0.092491 0.317302
vt 0.066597 0.316523
vt 0.093468 0.323601
vt 0.068024 0.322979
vt 0.046307 0.322395
vt 0.045831 0.316123
vt 0.032692 0.321997
vt 0.034076 0.313410
vt 0.026504 0.321782
vt 0.031316 0.331893
vt 0.025223 0.332283
vt 0.021002 0.332545
vt 0.022465 0.321613
vt 0.017580 0.332759
vt 0.019072 0.321485
vt 0.014745 0.332898
vt 0.016578 0.345828
vt 0.013935 0.346153
vt 0.011299 0.346389
vt 0.012078 0.333022
vt 0.008641 0.346563
vt 0.009334 0.333112
vt 0.005963 0.346730
vt 0.006582 0.333176
vt 0.003259 0.346863
vt 0.003748 0.333207
vt 0.001336 0.346962
vt 0.001467 0.333223
vt 0.355309 0.699017
vt 0.354898 0.712722
vt 0.352346 0.712740
vt 0.352843 0.698932
vt 0.349641 0.712791
vt 0.350053 0.698858
vt 0.346941 0.712856
vt 0.347269 0.698783
vt 0.344302 0.712944
vt 0.344599 0.698721
vt 0.342168 0.713051
vt 0.342325 0.698657
vt 0.393011 0.068315
vt 0.393344 0.053914
vt 0.395894 0.053950
vt 0.395775 0.068478
vt 0.398600 0.053996
vt 0.398672 0.068661
vt 0.401291 0.054058
vt 0.401491 0.068883
vt 0.403979 0.054148
vt 0.404331 0.069154
vt 0.401404 0.038344
vt 0.404101 0.038003
vt 0.406821 0.037952
vt 0.405877 0.025285
vt 0.409079 0.025070
vt 0.413376 0.024810
vt 0.411751 0.018453
vt 0.415874 0.018446
vt 0.421280 0.018515
vt 0.418564 0.025020
vt 0.428814 0.018228
vt 0.425927 0.025090
vt 0.439659 0.017594
vt 0.437038 0.024107
vt 0.458966 0.016453
vt 0.457348 0.023009
vt 0.484548 0.015312
vt 0.484114 0.021518
vt 0.483649 0.034084
vt 0.510908 0.020700
vt 0.510361 0.032995
vt 0.509523 0.055001
vt 0.538394 0.032103
vt 0.537272 0.053277
vt 0.536245 0.065903
vt 0.564283 0.051685
vt 0.563837 0.065104
vt 0.563056 0.072826
vt 0.590863 0.064272
vt 0.590696 0.072223
vt 0.590296 0.077989
vt 0.589812 0.082195
vt 0.618492 0.071604
vt 0.618492 0.077549
vt 0.618279 0.082010
vt 0.844871 0.720736
vt 0.847771 0.720384
vt 0.646009 0.076895
vt 0.646134 0.081535
vt 0.646490 0.084890
vt 0.673247 0.081433
vt 0.674388 0.085084
vt 0.675469 0.091100
vt 0.701272 0.085853
vt 0.703273 0.092506
vt 0.706434 0.105055
vt 0.725630 0.094897
vt 0.728354 0.109284
vt 0.729892 0.134472
vt 0.738059 0.113656
vt 0.738415 0.137510
vt 0.739005 0.164380
vt 0.742323 0.139572
vt 0.742509 0.165956
vt 0.745404 0.191628
vt 0.747418 0.166989
vt 0.750012 0.192548
vt 0.752734 0.220854
vt 0.754476 0.193562
vt 0.757130 0.221062
vt 0.757578 0.248282
vt 0.761002 0.221321
vt 0.761531 0.248297
vt 0.761802 0.274494
vt 0.765055 0.248123
vt 0.765308 0.273909
vt 0.765206 0.297178
vt 0.768429 0.273343
vt 0.768393 0.296527
vt 0.768835 0.315585
vt 0.771495 0.296089
vt 0.771821 0.315244
vt 0.772477 0.330706
vt 0.774787 0.314992
vt 0.775303 0.330482
vt 0.777822 0.314815
vt 0.778150 0.330335
vt 0.780521 0.314714
vt 0.780575 0.330257
vt 0.780641 0.341849
vt 0.356928 0.678887
vt 0.356740 0.669225
vt 0.359127 0.668561
vt 0.359245 0.678286
vt 0.359379 0.685295
vt 0.357119 0.685897
vt 0.361803 0.678103
vt 0.361851 0.685098
vt 0.364387 0.678195
vt 0.364302 0.685134
vt 0.366952 0.678544
vt 0.366783 0.685387
vt 0.369170 0.679164
vt 0.368952 0.685924
vt 0.367295 0.669026
vt 0.369636 0.669988
vt 0.389998 0.057418
vt 0.389431 0.068796
vt 0.386936 0.068447
vt 0.388976 0.084328
vt 0.386224 0.083948
vt 0.383323 0.083479
vt 0.384210 0.068011
vt 0.380401 0.082907
vt 0.381472 0.067503
vt 0.377494 0.082229
vt 0.378760 0.066898
vt 0.374487 0.081263
vt 0.375945 0.066050
vt 0.371041 0.080022
vt 0.373244 0.100769
vt 0.369506 0.099749
vt 0.365041 0.098611
vt 0.368526 0.123926
vt 0.364137 0.123621
vt 0.359304 0.122781
vt 0.363462 0.149928
vt 0.358793 0.149806
vt 0.353564 0.149312
vt 0.353583 0.121679
vt 0.347573 0.148609
vt 0.353053 0.175982
vt 0.347061 0.176289
vt 0.334194 0.175359
vt 0.347524 0.203095
vt 0.334547 0.203561
vt 0.303621 0.204056
vt 0.333868 0.231531
vt 0.303097 0.232967
vt 0.270935 0.234327
vt 0.301941 0.262221
vt 0.270363 0.264735
vt 0.238836 0.266793
vt 0.269779 0.294731
vt 0.237820 0.296562
vt 0.208200 0.298104
vt 0.236409 0.310141
vt 0.206721 0.310904
vt 0.179854 0.311020
vt 0.206433 0.316983
vt 0.180285 0.316712
vt 0.152250 0.317224
vt 0.179875 0.322391
vt 0.152448 0.322825
vt 0.121890 0.323406
vt 0.152367 0.329464
vt 0.122288 0.330245
vt 0.094416 0.330696
vt 0.122562 0.340648
vt 0.095462 0.340685
vt 0.069781 0.340980
vt 0.069210 0.330695
vt 0.045939 0.341602
vt 0.046041 0.330922
vt 0.030605 0.343300
vt 0.046783 0.361465
vt 0.031288 0.361288
vt 0.024494 0.361224
vt 0.024368 0.344306
vt 0.019593 0.361281
vt 0.019922 0.345040
vt 0.016236 0.361301
vt 0.021265 0.375285
vt 0.017258 0.375014
vt 0.014191 0.374916
vt 0.013489 0.361464
vt 0.011078 0.375117
vt 0.010788 0.361553
vt 0.008267 0.375403
vt 0.008193 0.361495
vt 0.005448 0.375489
vt 0.005549 0.361600
vt 0.002881 0.375565
vt 0.002984 0.361667
vt 0.356180 0.727499
vt 0.356199 0.741362
vt 0.354391 0.741348
vt 0.354560 0.727448
vt 0.001290 0.361721
vt 0.351688 0.741465
vt 0.351970 0.727459
vt 0.348946 0.741473
vt 0.349265 0.727573
vt 0.346186 0.741509
vt 0.346583 0.727688
vt 0.343673 0.741612
vt 0.344011 0.727896
vt 0.391833 0.038967
vt 0.392004 0.025234
vt 0.394012 0.025219
vt 0.393524 0.038830
vt 0.342246 0.728120
vt 0.396735 0.025192
vt 0.396109 0.038716
vt 0.399641 0.025148
vt 0.398813 0.038598
vt 0.402711 0.025196
vt 0.408406 0.018607
vt 0.409685 0.013847
vt 0.413256 0.013880
vt 0.417503 0.013990
vt 0.423831 0.009989
vt 0.422980 0.013911
vt 0.431363 0.009405
vt 0.430247 0.013403
vt 0.442761 0.009171
vt 0.441585 0.012904
vt 0.461748 0.008885
vt 0.460824 0.012405
vt 0.485967 0.008402
vt 0.485360 0.011679
vt 0.512461 0.008313
vt 0.512093 0.011615
vt 0.512105 0.015160
vt 0.539254 0.011977
vt 0.539518 0.015432
vt 0.539290 0.021007
vt 0.565222 0.016240
vt 0.565286 0.021561
vt 0.564731 0.030840
vt 0.592161 0.021240
vt 0.591874 0.029646
vt 0.591475 0.049287
vt 0.619210 0.028149
vt 0.618850 0.046187
vt 0.618608 0.063345
vt 0.645464 0.042680
vt 0.645384 0.062237
vt 0.646046 0.071043
vt 0.671294 0.060936
vt 0.672126 0.071257
vt 0.672490 0.076500
vt 0.696953 0.070729
vt 0.698129 0.076366
vt 0.699565 0.081877
vt 0.721711 0.076819
vt 0.722956 0.082919
vt 0.724068 0.087948
vt 0.738041 0.084398
vt 0.737754 0.089638
vt 0.737847 0.097670
vt 0.743719 0.091580
vt 0.742774 0.100066
vt 0.742422 0.116621
vt 0.748014 0.102224
vt 0.746858 0.118836
vt 0.746680 0.141323
vt 0.751538 0.120666
vt 0.751226 0.142804
vt 0.751974 0.167998
vt 0.755420 0.144061
vt 0.756188 0.168898
vt 0.758593 0.194336
vt 0.760231 0.169757
vt 0.762440 0.195146
vt 0.764525 0.221573
vt 0.766018 0.195671
vt 0.767769 0.221748
vt 0.768271 0.247939
vt 0.770948 0.221886
vt 0.771408 0.247737
vt 0.771521 0.272871
vt 0.774556 0.247583
vt 0.774621 0.272507
vt 0.774567 0.295748
vt 0.777805 0.272242
vt 0.777716 0.295492
vt 0.780649 0.272064
vt 0.780545 0.295325
vt 0.356634 0.640019
vt 0.356771 0.620504
vt 0.359447 0.619756
vt 0.359198 0.639286
vt 0.359086 0.655598
vt 0.356609 0.656252
vt 0.362171 0.639038
vt 0.361934 0.655378
vt 0.361816 0.668374
vt 0.364833 0.655540
vt 0.364559 0.668522
vt 0.367675 0.656126
vt 0.365198 0.639213
vt 0.368095 0.639859
vt 0.390545 0.084623
vt 0.390504 0.104149
vt 0.388546 0.103847
vt 0.369801 0.657278
vt 0.390554 0.127539
vt 0.388179 0.127281
vt 0.385067 0.126940
vt 0.385573 0.103450
vt 0.381943 0.126485
vt 0.382540 0.102937
vt 0.378812 0.125924
vt 0.379494 0.102302
vt 0.375648 0.125236
vt 0.376432 0.101520
vt 0.372357 0.124585
vt 0.375052 0.150829
vt 0.371613 0.150394
vt 0.367758 0.150242
vt 0.371111 0.176372
vt 0.367205 0.176342
vt 0.362957 0.176216
vt 0.367213 0.202344
vt 0.362956 0.202438
vt 0.358186 0.202561
vt 0.358388 0.176105
vt 0.352680 0.202835
vt 0.358668 0.228822
vt 0.353397 0.229129
vt 0.347663 0.229795
vt 0.354141 0.255653
vt 0.347352 0.257305
vt 0.332227 0.259471
vt 0.346568 0.283813
vt 0.329182 0.287630
vt 0.300203 0.291936
vt 0.325097 0.307542
vt 0.298805 0.308973
vt 0.269096 0.309677
vt 0.297360 0.316410
vt 0.268590 0.316610
vt 0.235721 0.316882
vt 0.268134 0.322607
vt 0.235541 0.322760
vt 0.205985 0.322690
vt 0.235251 0.329825
vt 0.205925 0.329183
vt 0.179633 0.328716
vt 0.206823 0.340846
vt 0.178775 0.340743
vt 0.151600 0.340691
vt 0.178194 0.363800
vt 0.151469 0.363773
vt 0.123457 0.363527
vt 0.151456 0.375671
vt 0.124246 0.375431
vt 0.096931 0.375288
vt 0.096361 0.362596
vt 0.071537 0.375158
vt 0.070825 0.361637
vt 0.048587 0.375595
vt 0.071881 0.382222
vt 0.050647 0.382484
vt 0.037663 0.383270
vt 0.034274 0.375558
vt 0.029091 0.383398
vt 0.026350 0.375295
vt 0.023548 0.383071
vt 0.031166 0.388224
vt 0.025178 0.388167
vt 0.020614 0.387713
vt 0.019388 0.382736
vt 0.032358 0.391830
vt 0.039600 0.387706
vt 0.040652 0.391294
vt 0.052426 0.386691
vt 0.053318 0.390164
vt 0.053923 0.393322
vt 0.073380 0.389689
vt 0.073903 0.392919
vt 0.074245 0.396077
vt 0.054365 0.396453
vt 0.074299 0.399084
vt 0.054681 0.399361
vt 0.798289 0.754143
vt 0.796875 0.770416
vt 0.794872 0.769144
vt 0.796380 0.753085
vt 0.791898 0.768392
vt 0.793487 0.752509
vt 0.794309 0.743173
vt 0.790582 0.752160
vt 0.794656 0.737981
vt 0.794875 0.734417
vt 0.794903 0.731731
vt 0.797929 0.732127
vt 0.791769 0.731350
vt 0.791723 0.728560
vt 0.794897 0.729085
vt 0.787908 0.730696
vt 0.788147 0.727973
vt 0.788193 0.725332
vt 0.791695 0.725839
vt 0.783703 0.730017
vt 0.784074 0.727386
vt 0.784248 0.724806
vt 0.342314 0.791742
vt 0.342286 0.795722
vt 0.779610 0.726794
vt 0.779858 0.724190
vt 0.342230 0.787307
vt 0.344141 0.787241
vt 0.347608 0.787024
vt 0.342190 0.782105
vt 0.344055 0.782155
vt 0.347519 0.782170
vt 0.350529 0.782127
vt 0.350489 0.786715
vt 0.343940 0.776932
vt 0.347344 0.776995
vt 0.350242 0.777014
vt 0.391493 0.790936
vt 0.395106 0.790950
vt 0.395338 0.796070
vt 0.392023 0.796063
vt 0.347225 0.772476
vt 0.350102 0.772534
vt 0.391404 0.786453
vt 0.395024 0.786534
vt 0.398654 0.786570
vt 0.398666 0.790963
vt 0.749540 0.790664
vt 0.752233 0.790598
vt 0.752643 0.795742
vt 0.749782 0.795788
vt 0.398784 0.796091
vt 0.749375 0.786273
vt 0.751996 0.786228
vt 0.755036 0.786212
vt 0.755388 0.790493
vt 0.768528 0.731008
vt 0.768837 0.728658
vt 0.774034 0.729051
vt 0.773701 0.731377
vt 0.755658 0.795662
vt 0.764274 0.730432
vt 0.764586 0.728358
vt 0.764819 0.725748
vt 0.769129 0.725903
vt 0.757060 0.786154
vt 0.756651 0.783547
vt 0.761858 0.728951
vt 0.769461 0.723155
vt 0.774691 0.723625
vt 0.774374 0.726282
vt 0.765054 0.722927
vt 0.342208 0.772442
vt 0.343805 0.772427
vt 0.342168 0.776851
vt 0.765160 0.721193
vt 0.779249 0.729528
vt 0.778797 0.731885
vt 0.756021 0.800768
vt 0.756272 0.805146
vt 0.753065 0.800605
vt 0.750150 0.800438
vt 0.399025 0.800747
vt 0.395550 0.800620
vt 0.392394 0.804312
vt 0.392203 0.800656
vt 0.791536 0.724352
vt 0.794783 0.724668
vt 0.794894 0.726407
vt 0.342168 0.799255
vt 0.797741 0.725001
vt 0.797884 0.726886
vt 0.797917 0.729568
vt 0.800841 0.727486
vt 0.800983 0.730128
vt 0.801030 0.732572
vt 0.804205 0.730766
vt 0.804279 0.733098
vt 0.807317 0.731593
vt 0.807539 0.733585
vt 0.808161 0.735617
vt 0.504142 0.784714
vt 0.807307 0.729194
vt 0.810071 0.730324
vt 0.804092 0.728310
vt 0.803764 0.726119
vt 0.807439 0.726956
vt 0.800583 0.725331
vt 0.811818 0.731717
vt 0.343298 0.805228
vt 0.346114 0.804972
vt 0.343453 0.802255
vt 0.346139 0.802095
vt 0.184560 0.783258
vt 0.186039 0.783096
vt 0.185853 0.786065
vt 0.184410 0.786134
vt 0.184410 0.780088
vt 0.185683 0.779923
vt 0.187957 0.786066
vt 0.187171 0.788682
vt 0.185336 0.788681
vt 0.347426 0.804946
vt 0.188111 0.783129
vt 0.190621 0.783166
vt 0.190590 0.786115
vt 0.187484 0.780144
vt 0.189980 0.780263
vt 0.345415 0.763497
vt 0.345320 0.760391
vt 0.348321 0.760816
vt 0.348303 0.764111
vt 0.402426 0.003956
vt 0.406299 0.002712
vt 0.403337 0.005374
vt 0.398379 0.007582
vt 0.397451 0.006766
vt 0.342658 0.759609
vt 0.342958 0.752438
vt 0.345531 0.752754
vt 0.404722 0.007704
vt 0.400572 0.009796
vt 0.396243 0.015473
vt 0.393680 0.014484
vt 0.348510 0.752952
vt 0.351532 0.753006
vt 0.351374 0.760894
vt 0.354452 0.752623
vt 0.354326 0.760390
vt 0.354031 0.763808
vt 0.351248 0.764263
vt 0.012483 0.397439
vt 0.007418 0.394338
vt 0.008789 0.392943
vt 0.016641 0.398744
vt 0.189856 0.788885
vt 0.004290 0.386321
vt 0.007275 0.385232
vt 0.011070 0.390700
vt 0.002583 0.386864
vt 0.356252 0.752185
vt 0.409405 0.001362
vt 0.019603 0.399817
vt 0.788838 0.768008
vt 0.785784 0.767595
vt 0.787860 0.751003
vt 0.443545 0.000058
vt 0.463757 0.000102
vt 0.463256 0.002121
vt 0.444229 0.002049
vt 0.785170 0.752372
vt 0.785976 0.743091
vt 0.443693 0.005547
vt 0.462592 0.005384
vt 0.486968 0.002096
vt 0.486513 0.005111
vt 0.513274 0.002033
vt 0.512889 0.005004
vt 0.539842 0.002059
vt 0.539627 0.005266
vt 0.539413 0.008645
vt 0.565912 0.005957
vt 0.565655 0.009305
vt 0.565417 0.012697
vt 0.593360 0.009189
vt 0.592965 0.012573
vt 0.592575 0.016073
vt 0.620312 0.012188
vt 0.620012 0.015582
vt 0.619832 0.020328
vt 0.646070 0.015457
vt 0.646302 0.019747
vt 0.646080 0.026852
vt 0.671521 0.019540
vt 0.671729 0.025993
vt 0.671308 0.039260
vt 0.696478 0.025094
vt 0.696772 0.036557
vt 0.697090 0.058193
vt 0.721316 0.033847
vt 0.721780 0.055018
vt 0.720820 0.069597
vt 0.742670 0.051558
vt 0.741042 0.067579
vt 0.738923 0.077394
vt 0.752319 0.065856
vt 0.749467 0.077179
vt 0.746405 0.085192
vt 0.755746 0.076727
vt 0.752837 0.085547
vt 0.750019 0.092998
vt 0.757684 0.085639
vt 0.755088 0.093850
vt 0.752914 0.103883
vt 0.759468 0.094482
vt 0.757294 0.105127
vt 0.755821 0.122067
vt 0.761332 0.106178
vt 0.759886 0.123128
vt 0.759429 0.145116
vt 0.763730 0.124057
vt 0.763299 0.146072
vt 0.764079 0.170520
vt 0.766994 0.146894
vt 0.767737 0.171126
vt 0.769460 0.196099
vt 0.771327 0.171680
vt 0.772868 0.196500
vt 0.774131 0.222015
vt 0.776255 0.196854
vt 0.777348 0.222146
vt 0.777804 0.247487
vt 0.780362 0.222277
vt 0.780953 0.247435
vt 0.356818 0.599735
vt 0.356631 0.579012
vt 0.359258 0.578271
vt 0.359513 0.599182
vt 0.362512 0.578051
vt 0.362668 0.598976
vt 0.362486 0.619523
vt 0.365880 0.599147
vt 0.365601 0.619701
vt 0.368799 0.599893
vt 0.368499 0.620317
vt 0.365784 0.578254
vt 0.368764 0.578997
vt 0.390434 0.152095
vt 0.390586 0.177028
vt 0.387967 0.176926
vt 0.387883 0.151929
vt 0.384752 0.176812
vt 0.384766 0.151712
vt 0.381429 0.176694
vt 0.381542 0.151445
vt 0.378085 0.176573
vt 0.378311 0.151137
vt 0.374693 0.176489
vt 0.378299 0.201990
vt 0.374826 0.202080
vt 0.371175 0.202155
vt 0.375402 0.227471
vt 0.371775 0.227801
vt 0.367783 0.228249
vt 0.373034 0.253075
vt 0.369139 0.253564
vt 0.364707 0.253955
vt 0.363452 0.228372
vt 0.359768 0.254587
vt 0.366042 0.278403
vt 0.361010 0.279858
vt 0.354687 0.281569
vt 0.362109 0.299148
vt 0.355142 0.301322
vt 0.344475 0.304179
vt 0.356302 0.311772
vt 0.342577 0.314852
vt 0.322215 0.315263
vt 0.341514 0.321078
vt 0.320132 0.321857
vt 0.295829 0.322643
vt 0.318411 0.329759
vt 0.294374 0.329710
vt 0.267342 0.329832
vt 0.292730 0.342616
vt 0.266401 0.341944
vt 0.236378 0.341445
vt 0.265541 0.364915
vt 0.236990 0.364995
vt 0.206816 0.364333
vt 0.237363 0.377065
vt 0.206729 0.377308
vt 0.177281 0.376347
vt 0.207231 0.384424
vt 0.177454 0.383225
vt 0.151263 0.382290
vt 0.177910 0.387020
vt 0.151255 0.386395
vt 0.124403 0.386415
vt 0.124497 0.382152
vt 0.097443 0.386536
vt 0.097241 0.382219
vt 0.072797 0.386426
vt 0.097622 0.389711
vt 0.124474 0.389652
vt 0.124510 0.392833
vt 0.097787 0.392866
vt 0.124474 0.395967
vt 0.097894 0.395995
vt 0.124387 0.398886
vt 0.097891 0.398987
vt 0.794862 0.789814
vt 0.792602 0.811595
vt 0.790482 0.810304
vt 0.792876 0.788510
vt 0.787532 0.809433
vt 0.789869 0.787669
vt 0.784533 0.808857
vt 0.786769 0.787188
vt 0.781577 0.808503
vt 0.783644 0.786922
vt 0.487314 0.000071
vt 0.513597 0.000000
vt 0.782122 0.830512
vt 0.779293 0.830149
vt 0.776538 0.830897
vt 0.779078 0.809081
vt 0.779420 0.852472
vt 0.776385 0.852433
vt 0.773691 0.852942
vt 0.566198 0.002866
vt 0.773805 0.875250
vt 0.771648 0.875828
vt 0.594103 0.002710
vt 0.593738 0.005884
vt 0.621311 0.002454
vt 0.620984 0.005638
vt 0.620647 0.008894
vt 0.646756 0.005618
vt 0.646475 0.008858
vt 0.646241 0.012113
vt 0.671700 0.008765
vt 0.671520 0.012014
vt 0.671402 0.015347
vt 0.695985 0.011786
vt 0.696048 0.015024
vt 0.696584 0.019064
vt 0.719165 0.014500
vt 0.720058 0.018245
vt 0.720315 0.024040
vt 0.737808 0.017180
vt 0.739825 0.022915
vt 0.741878 0.031951
vt 0.750356 0.022796
vt 0.752365 0.031881
vt 0.753311 0.049668
vt 0.757715 0.031905
vt 0.758772 0.048681
vt 0.758012 0.064655
vt 0.763193 0.047958
vt 0.762674 0.063639
vt 0.760518 0.076086
vt 0.765873 0.062605
vt 0.764504 0.075371
vt 0.761963 0.085532
vt 0.767314 0.074792
vt 0.765470 0.085283
vt 0.763347 0.094892
vt 0.768468 0.085018
vt 0.766755 0.095123
vt 0.765071 0.107094
vt 0.769968 0.095264
vt 0.768535 0.107812
vt 0.767350 0.124884
vt 0.771888 0.108320
vt 0.770872 0.125535
vt 0.770600 0.147583
vt 0.774346 0.126048
vt 0.774171 0.148141
vt 0.774881 0.172148
vt 0.777733 0.148574
vt 0.778338 0.172528
vt 0.779523 0.197153
vt 0.780768 0.172836
vt 0.781732 0.197406
vt 0.356252 0.558453
vt 0.358519 0.557463
vt 0.357926 0.537435
vt 0.361070 0.536861
vt 0.361835 0.557178
vt 0.364467 0.536819
vt 0.365202 0.557340
vt 0.367814 0.537218
vt 0.368362 0.557935
vt 0.391032 0.201959
vt 0.391328 0.226571
vt 0.389185 0.226608
vt 0.388522 0.201913
vt 0.385801 0.226720
vt 0.385139 0.201905
vt 0.382352 0.226903
vt 0.381730 0.201930
vt 0.378889 0.227156
vt 0.383266 0.251381
vt 0.379882 0.251829
vt 0.376500 0.252379
vt 0.380848 0.274641
vt 0.377591 0.275334
vt 0.374285 0.276223
vt 0.378461 0.293628
vt 0.375236 0.294748
vt 0.371600 0.296183
vt 0.370530 0.277053
vt 0.367225 0.297564
vt 0.372733 0.308709
vt 0.368485 0.309371
vt 0.363590 0.310226
vt 0.369966 0.319010
vt 0.365256 0.319140
vt 0.357930 0.319562
vt 0.366870 0.329560
vt 0.359742 0.329228
vt 0.341222 0.329245
vt 0.360354 0.343268
vt 0.341041 0.341948
vt 0.317272 0.342250
vt 0.340157 0.364828
vt 0.315755 0.364346
vt 0.291318 0.364076
vt 0.314781 0.374490
vt 0.290116 0.374680
vt 0.265191 0.375644
vt 0.289024 0.380583
vt 0.263122 0.382011
vt 0.236639 0.383817
vt 0.262456 0.385838
vt 0.235464 0.387359
vt 0.206548 0.387847
vt 0.234787 0.390293
vt 0.206289 0.390642
vt 0.177814 0.390036
vt 0.206042 0.393442
vt 0.177647 0.393041
vt 0.150957 0.392729
vt 0.151131 0.389572
vt 0.177479 0.396119
vt 0.150779 0.395877
vt 0.177266 0.398928
vt 0.150622 0.398745
vt 0.790329 0.833181
vt 0.787676 0.854876
vt 0.785523 0.853085
vt 0.788028 0.831835
vt 0.782530 0.852813
vt 0.785110 0.831035
vt 0.783280 0.876724
vt 0.780106 0.875901
vt 0.776929 0.875346
vt 0.777658 0.898334
vt 0.774493 0.897664
vt 0.771392 0.897371
vt 0.621666 0.000303
vt 0.594455 0.000708
vt 0.772116 0.918891
vt 0.769022 0.918558
vt 0.647441 0.000348
vt 0.647071 0.002444
vt 0.672571 0.000419
vt 0.672221 0.002371
vt 0.671932 0.005517
vt 0.696286 0.002359
vt 0.696109 0.005324
vt 0.696008 0.008553
vt 0.718365 0.004886
vt 0.718440 0.008113
vt 0.718672 0.011296
vt 0.736577 0.013285
vt 0.747045 0.012472
vt 0.748246 0.016655
vt 0.753619 0.012463
vt 0.754663 0.016888
vt 0.756179 0.022957
vt 0.759122 0.017016
vt 0.760473 0.023002
vt 0.762035 0.031977
vt 0.763925 0.022961
vt 0.765294 0.032234
vt 0.766074 0.047293
vt 0.768145 0.032164
vt 0.768582 0.046735
vt 0.768371 0.061912
vt 0.771055 0.046233
vt 0.770843 0.061306
vt 0.769962 0.074226
vt 0.773329 0.060730
vt 0.772623 0.073679
vt 0.771403 0.084750
vt 0.775302 0.073179
vt 0.774299 0.084458
vt 0.773124 0.095361
vt 0.777192 0.084181
vt 0.776227 0.095386
vt 0.775196 0.108693
vt 0.779219 0.095335
vt 0.778480 0.108945
vt 0.777822 0.126440
vt 0.781006 0.109115
vt 0.780594 0.126710
vt 0.780569 0.148895
vt 0.357372 0.517515
vt 0.357283 0.498943
vt 0.360295 0.498330
vt 0.360452 0.516917
vt 0.363583 0.498080
vt 0.363840 0.516717
vt 0.366876 0.498188
vt 0.367267 0.516969
vt 0.369834 0.498598
vt 0.369752 0.517795
vt 0.369863 0.538407
vt 0.389969 0.250783
vt 0.390747 0.273272
vt 0.387510 0.273612
vt 0.386661 0.251031
vt 0.384122 0.274067
vt 0.387864 0.291666
vt 0.384746 0.292192
vt 0.381603 0.292840
vt 0.385264 0.306416
vt 0.382263 0.306926
vt 0.379250 0.307483
vt 0.382920 0.318205
vt 0.380105 0.318452
vt 0.377235 0.318682
vt 0.376164 0.308077
vt 0.374049 0.318871
vt 0.378251 0.330015
vt 0.375311 0.329988
vt 0.371628 0.329862
vt 0.376146 0.344538
vt 0.372768 0.344101
vt 0.367819 0.343923
vt 0.372910 0.361481
vt 0.367939 0.362287
vt 0.359136 0.363232
vt 0.366081 0.375147
vt 0.356061 0.375349
vt 0.338099 0.375293
vt 0.353319 0.381735
vt 0.336511 0.380412
vt 0.313559 0.380088
vt 0.334811 0.384578
vt 0.312338 0.384473
vt 0.287983 0.384862
vt 0.311289 0.387836
vt 0.287031 0.388206
vt 0.261615 0.389109
vt 0.286166 0.391495
vt 0.260849 0.392260
vt 0.234220 0.393166
vt 0.260131 0.395458
vt 0.233707 0.396059
vt 0.205817 0.396265
vt 0.233260 0.398649
vt 0.205583 0.398815
vt 0.233037 0.400491
vt 0.205379 0.400622
vt 0.176722 0.400832
vt 0.780807 0.899461
vt 0.782598 0.900908
vt 0.780447 0.922435
vt 0.778244 0.920755
vt 0.775252 0.919624
vt 0.776223 0.941641
vt 0.773136 0.940385
vt 0.769982 0.939604
vt 0.766785 0.939239
vt 0.771133 0.960147
vt 0.767995 0.959416
vt 0.764813 0.959135
vt 0.762074 0.959500
vt 0.764528 0.939779
vt 0.766036 0.977316
vt 0.763028 0.977074
vt 0.760446 0.977335
vt 0.718307 0.001842
vt 0.761783 0.988978
vt 0.759304 0.989487
vt 0.733192 0.001672
vt 0.764583 0.989029
vt 0.763717 0.995087
vt 0.767385 0.989549
vt 0.766309 0.995457
vt 0.765663 0.998914
vt 0.763128 0.998601
vt 0.335471 0.801842
vt 0.335341 0.804394
vt 0.332389 0.804169
vt 0.332385 0.801593
vt 0.820125 0.349571
vt 0.817246 0.349556
vt 0.817389 0.346725
vt 0.820184 0.346785
vt 0.820114 0.352148
vt 0.817227 0.352126
vt 0.813888 0.352195
vt 0.813917 0.349595
vt 0.820184 0.354667
vt 0.817268 0.354559
vt 0.813968 0.354569
vt 0.810161 0.354758
vt 0.810159 0.352351
vt 0.817282 0.357046
vt 0.820082 0.357120
vt 0.819799 0.359759
vt 0.817347 0.359636
vt 0.819716 0.363582
vt 0.817478 0.363472
vt 0.819500 0.367463
vt 0.817551 0.367485
vt 0.815425 0.367515
vt 0.813559 0.367547
vt 0.816684 0.370494
vt 0.814879 0.370464
vt 0.813281 0.370205
vt 0.032268 0.784929
vt 0.034904 0.784723
vt 0.034433 0.786738
vt 0.032823 0.786494
vt 0.032288 0.782699
vt 0.034904 0.782359
vt 0.137204 0.788759
vt 0.137617 0.785825
vt 0.140223 0.785974
vt 0.139539 0.788785
vt 0.032720 0.781034
vt 0.034199 0.780250
vt 0.135037 0.788028
vt 0.134810 0.785059
vt 0.126499 0.785449
vt 0.126178 0.782239
vt 0.128432 0.782240
vt 0.128828 0.785306
vt 0.129651 0.788495
vt 0.128065 0.788640
vt 0.141057 0.782905
vt 0.131770 0.787541
vt 0.365932 0.396481
vt 0.367092 0.394685
vt 0.125841 0.779923
vt 0.127998 0.780002
vt 0.364967 0.393533
vt 0.366679 0.390957
vt 0.369183 0.392105
vt 0.142461 0.780728
vt 0.371431 0.393505
vt 0.369241 0.387562
vt 0.372692 0.382629
vt 0.365388 0.386877
vt 0.368343 0.382222
vt 0.371324 0.375289
vt 0.375513 0.374847
vt 0.360005 0.386508
vt 0.362936 0.382022
vt 0.351106 0.385952
vt 0.333403 0.388009
vt 0.332304 0.391374
vt 0.310309 0.391160
vt 0.331289 0.394714
vt 0.309432 0.394464
vt 0.285378 0.394768
vt 0.308707 0.397648
vt 0.284665 0.397913
vt 0.259471 0.398601
vt 0.308001 0.399604
vt 0.284002 0.399752
vt 0.778229 0.943475
vt 0.330421 0.397788
vt 0.329697 0.399626
vt 0.774159 0.961399
vt 0.772003 0.979138
vt 0.769064 0.977979
vt 0.770156 0.990543
vt 0.772273 0.992311
vt 0.770669 0.997862
vt 0.768828 0.996215
vt 0.773756 0.980994
vt 0.770419 1.000000
vt 0.768161 0.999494
vt 0.335295 0.806937
vt 0.332390 0.806690
vt 0.344639 0.398329
vt 0.351948 0.398901
vt 0.376372 0.360981
vt 0.379008 0.360489
vt 0.378799 0.344363
vt 0.381330 0.344087
vt 0.381605 0.359883
vt 0.383897 0.343796
vt 0.384163 0.359411
vt 0.386474 0.343466
vt 0.386725 0.358845
vt 0.386738 0.372718
vt 0.389287 0.358330
vt 0.389281 0.372017
vt 0.388761 0.380981
vt 0.386088 0.382011
vt 0.391123 0.371369
vt 0.390815 0.380406
vt 0.369463 0.409131
vt 0.369299 0.416502
vt 0.366958 0.416240
vt 0.367087 0.408783
vt 0.367251 0.404139
vt 0.369747 0.404569
vt 0.364444 0.408826
vt 0.364462 0.404178
vt 0.782395 0.355489
vt 0.781732 0.352688
vt 0.785087 0.352741
vt 0.785793 0.355517
vt 0.786900 0.358010
vt 0.783525 0.358003
vt 0.788964 0.352722
vt 0.789421 0.355363
vt 0.790116 0.357385
vt 0.792994 0.352444
vt 0.793179 0.354812
vt 0.793277 0.356957
vt 0.796804 0.354264
vt 0.796540 0.356639
vt 0.384392 0.394575
vt 0.381610 0.396290
vt 0.380804 0.393792
vt 0.383379 0.391938
vt 0.378059 0.397517
vt 0.377365 0.395591
vt 0.374606 0.398660
vt 0.373991 0.397235
vt 0.373035 0.395389
vt 0.371035 0.399083
vt 0.803358 0.357300
vt 0.803651 0.355555
vt 0.806942 0.355054
vt 0.803708 0.353097
vt 0.806853 0.352647
vt 0.803500 0.350544
vt 0.806530 0.349969
vt 0.810182 0.349668
vt 0.814185 0.346738
vt 0.814517 0.343452
vt 0.817559 0.343431
vt 0.814777 0.339251
vt 0.817690 0.339338
vt 0.820156 0.339264
vt 0.820181 0.343591
vt 0.814954 0.334618
vt 0.817757 0.334638
vt 0.820070 0.334556
vt 0.817759 0.329232
vt 0.820025 0.329240
vt 0.332358 0.786575
vt 0.332304 0.781256
vt 0.334901 0.781283
vt 0.334954 0.786462
vt 0.338228 0.781257
vt 0.338252 0.786318
vt 0.340154 0.781216
vt 0.340215 0.786122
vt 0.340277 0.790120
vt 0.623318 0.797170
vt 0.623555 0.793178
vt 0.626797 0.793218
vt 0.626752 0.797161
vt 0.340641 0.793340
vt 0.629547 0.793323
vt 0.629813 0.797407
vt 0.631019 0.801068
vt 0.627018 0.788414
vt 0.629759 0.788477
vt 0.794454 0.389215
vt 0.795015 0.384397
vt 0.798173 0.384725
vt 0.797509 0.389694
vt 0.800725 0.385000
vt 0.800085 0.390190
vt 0.799453 0.394677
vt 0.812309 0.334440
vt 0.812349 0.329214
vt 0.815035 0.329231
vt 0.812271 0.324238
vt 0.814979 0.324267
vt 0.817729 0.324338
vt 0.820005 0.320406
vt 0.820041 0.324459
vt 0.332293 0.776475
vt 0.332376 0.772423
vt 0.334670 0.772478
vt 0.334848 0.776514
vt 0.337907 0.772429
vt 0.338161 0.776446
vt 0.340218 0.772186
vt 0.340224 0.776355
vt 0.624143 0.783431
vt 0.624379 0.779269
vt 0.627525 0.779071
vt 0.627366 0.783449
vt 0.623848 0.788281
vt 0.630398 0.778884
vt 0.630188 0.783471
vt 0.795531 0.379404
vt 0.798757 0.379751
vt 0.801379 0.376791
vt 0.801273 0.380056
vt 0.793302 0.374838
vt 0.793971 0.371029
vt 0.812178 0.320975
vt 0.800370 0.351227
vt 0.799980 0.348834
vt 0.800411 0.353678
vt 0.796833 0.351808
vt 0.800160 0.355998
vt 0.792847 0.349968
vt 0.796628 0.349415
vt 0.792741 0.347755
vt 0.796112 0.347319
vt 0.799213 0.346771
vt 0.768735 0.003151
vt 0.772303 0.003423
vt 0.771744 0.005294
vt 0.768512 0.005356
vt 0.770966 0.008415
vt 0.768000 0.008511
vt 0.764890 0.008525
vt 0.764889 0.012313
vt 0.761888 0.012452
vt 0.761716 0.008698
vt 0.767783 0.012203
vt 0.768264 0.016656
vt 0.765515 0.016850
vt 0.770716 0.012149
vt 0.771173 0.016431
vt 0.772379 0.022086
vt 0.769510 0.022448
vt 0.774181 0.016243
vt 0.775119 0.021955
vt 0.775769 0.031318
vt 0.773206 0.031693
vt 0.777507 0.016024
vt 0.777971 0.021640
vt 0.778430 0.031010
vt 0.778542 0.044820
vt 0.775977 0.045256
vt 0.780642 0.021343
vt 0.781084 0.030652
vt 0.780728 0.044395
vt 0.780368 0.059101
vt 0.778395 0.059624
vt 0.357204 0.430009
vt 0.356954 0.418316
vt 0.359193 0.417411
vt 0.359426 0.429105
vt 0.359445 0.441429
vt 0.357179 0.442508
vt 0.359042 0.452348
vt 0.356832 0.453491
vt 0.361907 0.428400
vt 0.361898 0.440668
vt 0.361640 0.451657
vt 0.361304 0.461616
vt 0.358551 0.462344
vt 0.364483 0.440218
vt 0.364345 0.451278
vt 0.364147 0.461235
vt 0.363911 0.471145
vt 0.360907 0.471509
vt 0.367071 0.451226
vt 0.367008 0.461194
vt 0.366951 0.471110
vt 0.366925 0.483053
vt 0.363687 0.483052
vt 0.369590 0.461603
vt 0.369662 0.471574
vt 0.369705 0.483627
vt 0.390704 0.291233
vt 0.390891 0.305548
vt 0.388232 0.305960
vt 0.391079 0.317368
vt 0.388548 0.317655
vt 0.385747 0.317936
vt 0.388816 0.329508
vt 0.386172 0.329703
vt 0.383517 0.329855
vt 0.380872 0.329963
vt 0.389024 0.343117
vt 0.391201 0.329261
vt 0.391264 0.342745
vt 0.391195 0.357744
vt 0.369325 0.427834
vt 0.369520 0.440319
vt 0.367119 0.440065
vt 0.367027 0.427777
vt 0.364479 0.427975
vt 0.364417 0.416348
vt 0.361770 0.416753
vt 0.361711 0.409168
vt 0.358986 0.409771
vt 0.358959 0.405014
vt 0.361671 0.404392
vt 0.359070 0.401361
vt 0.361685 0.400832
vt 0.364447 0.400853
vt 0.784878 0.349975
vt 0.785063 0.347361
vt 0.789088 0.347686
vt 0.788881 0.350188
vt 0.785775 0.345375
vt 0.789529 0.345931
vt 0.792717 0.345870
vt 0.356801 0.406119
vt 0.357076 0.402497
vt 0.780356 0.015595
vt 0.356756 0.410771
vt 0.369506 0.451608
vt 0.360506 0.483359
vt 0.357543 0.483998
vt 0.358068 0.472228
vt 0.781306 0.095240
vt 0.779831 0.083891
vt 0.781593 0.083610
vt 0.778021 0.072700
vt 0.780391 0.072247
vt 0.356252 0.463537
vt 0.775842 0.060163
vt 0.773501 0.045766
vt 0.770745 0.031984
vt 0.766855 0.022782
vt 0.762564 0.016978
vt 0.758288 0.012524
vt 0.757768 0.009038
vt 0.795521 0.345610
vt 0.030522 0.782880
vt 0.030636 0.780405
vt 0.759633 0.347920
vt 0.753428 0.341841
vt 0.744794 0.333236
vt 0.735395 0.321357
vt 0.723980 0.305212
vt 0.702843 0.282015
vt 0.674779 0.252358
vt 0.645564 0.221513
vt 0.616070 0.189955
vt 0.586652 0.157750
vt 0.557818 0.125293
vt 0.529065 0.100469
vt 0.500519 0.091758
vt 0.474870 0.087257
vt 0.502460 0.086187
vt 0.452850 0.088954
vt 0.454221 0.084474
vt 0.847640 0.862027
vt 0.844539 0.860301
vt 0.152565 0.796486
vt 0.148802 0.798561
vt 0.552168 0.396350
vt 0.383930 0.487995
vt 0.342569 0.818138
vt 0.477564 0.785212
vt 0.482036 0.780809
vt 0.206354 0.782669
vt 0.332362 0.819472
vt 0.334301 0.818612
vt 0.335929 0.819957
vt 0.631936 0.802840
vt 0.133057 0.788493
vt 0.130421 0.790736
vt 0.334403 0.821934
vt 0.810981 0.319809
vt 0.761051 0.729900
s 1
usemtl Material.003
f 1/1/1 46/2/2 47/3/3 2/4/1
f 1/5/4 48/6/5 49/7/6 46/8/7
f 1/9/8 2/10/8 50/11/9 48/12/10
f 2/13/11 47/14/11 51/15/12 50/16/13
f 3/17/14 52/18/15 53/19/16 54/20/17
f 3/21/14 55/22/18 4/23/19 52/24/19
f 4/25/20 56/26/21 57/27/22 58/28/23
f 4/29/24 55/30/25 59/31/26 56/32/27
f 5/33/28 56/32/27 59/31/26 60/34/29
f 5/35/30 61/36/31 57/37/32 56/38/30
f 5/39/33 60/40/34 62/41/35 63/42/36
f 5/39/33 63/42/36 6/43/37 64/44/38
f 5/39/33 64/44/38 65/45/39 61/46/40
f 6/47/41 66/48/41 67/49/42 64/50/43
f 6/51/44 63/52/45 68/53/46 66/54/44
f 7/55/47 69/56/47 70/57/47 71/58/47
f 7/59/48 72/60/49 8/61/50 73/62/51
f 7/63/52 71/64/53 74/65/54 72/66/55
f 8/67/56 72/66/55 75/68/57 76/69/58
f 9/70/59 78/71/59 79/72/59 80/73/59
f 9/74/60 81/75/61 82/76/62 78/77/63
f 9/78/64 80/79/65 83/80/66 84/81/67
f 9/82/68 84/83/68 10/84/68 85/85/68
f 10/86/69 11/87/69 86/88/70 85/89/71
f 10/84/72 84/83/72 12/90/72 11/91/72
f 11/92/73 12/93/73 87/94/74 86/95/75
f 12/96/76 84/81/67 83/80/66 87/97/77
f 13/98/78 88/99/79 89/100/80 90/101/81
f 14/102/82 92/103/83 93/104/84 94/105/85
f 14/106/86 95/107/87 96/108/88 92/109/89
f 14/110/90 94/111/91 97/112/92 98/113/93
f 14/110/90 98/113/93 99/114/94 95/115/95
f 15/116/96 104/117/97 105/118/98 106/119/99
f 15/116/100 106/119/99 107/120/101 108/121/102
f 15/122/103 108/123/104 109/124/105 110/125/106
f 15/116/96 111/126/107 16/127/108 104/117/97
f 15/128/96 110/129/106 112/130/109 111/131/107
f 16/127/110 113/132/111 114/133/112 104/117/113
f 16/134/114 111/135/115 115/136/116 113/137/117
f 17/138/118 116/139/119 117/140/120 118/141/121
f 17/142/122 118/143/123 119/144/124 120/145/125
f 17/146/126 121/147/127 122/148/128 116/149/129
f 17/142/122 123/150/130 124/151/131 121/152/132
f 17/142/122 120/145/125 125/153/133 123/150/130
f 18/154/134 122/148/128 121/147/127 126/155/135
f 18/154/136 127/156/137 109/124/105 122/148/128
f 18/154/136 20/157/138 128/158/139 127/156/137
f 18/159/140 129/160/141 130/161/142 20/162/140
f 18/163/134 126/164/135 131/165/143 132/166/144
f 18/167/145 132/168/145 133/169/146 129/170/147
f 19/171/148 134/172/149 135/173/150 136/174/151
f 19/175/152 137/176/153 138/177/154 134/178/155
f 19/179/156 136/180/157 139/181/158 137/182/159
f 20/157/138 23/183/160 140/184/161 141/185/162
f 20/157/138 141/185/162 142/186/163 128/158/139
f 20/187/164 130/188/165 143/189/166 23/190/164
f 21/191/167 144/192/168 145/193/169 146/194/170
f 21/191/167 147/195/171 148/196/171 144/192/168
f 21/197/172 149/198/173 150/199/174 147/200/175
f 22/201/176 124/151/131 151/202/177 152/203/178
f 22/201/176 126/164/135 121/152/132 124/151/131
f 22/204/176 152/205/178 153/206/179 154/207/180
f 22/201/176 155/208/181 131/165/143 126/164/135
f 22/201/176 154/209/182 156/210/183 155/208/181
f 23/211/184 157/212/185 158/213/186 140/214/187
f 23/211/184 143/215/188 133/216/188 132/166/144
f 23/211/184 132/166/144 131/165/143 157/212/185
f 24/217/189 21/191/167 146/194/170 159/218/190
f 24/219/191 160/220/192 149/198/173 21/197/172
f 24/217/189 161/221/193 162/222/194 160/223/195
f 25/224/196 157/212/185 131/165/143 155/208/181
f 25/225/197 163/226/198 164/227/199 165/228/197
f 25/224/196 155/208/181 156/210/183 163/229/200
f 25/224/196 162/230/201 158/213/186 157/212/185
f 25/231/202 165/232/202 160/223/195 162/222/194
f 26/233/203 28/234/203 166/235/204 167/236/205
f 26/237/206 167/238/206 168/239/206 169/240/206
f 26/241/207 169/242/207 170/243/207 28/244/207
f 27/245/208 171/246/209 172/247/210 173/248/211
f 27/245/208 173/248/211 166/249/212 174/250/213
f 27/251/214 174/252/215 175/253/216 171/254/217
f 28/255/218 170/256/218 174/250/213 166/249/212
f 29/257/219 176/258/220 170/259/221 169/260/219
f 29/261/222 169/240/222 168/239/222 177/262/222
f 29/257/223 177/263/224 178/264/225 176/258/220
f 30/265/226 179/266/227 180/267/228 181/268/229
f 31/269/230 34/270/230 182/271/230 33/272/230
f 30/273/231 31/269/231 33/272/231 179/274/231
f 183/275/232 184/276/233 185/277/233 31/278/234
f 30/265/226 181/268/229 183/279/232 31/280/234
f 31/281/235 185/282/236 186/283/237 34/284/235
f 32/285/238 187/286/239 188/287/240 35/288/241
f 32/285/238 189/289/242 190/290/243 187/286/239
f 32/285/238 35/288/241 191/291/244 36/292/244
f 32/293/245 36/294/245 192/295/245 194/219/245
f 194/296/246 195/297/247 196/298/248 197/299/249
f 194/296/246 192/300/250 198/301/251 195/297/247
f 34/302/252 199/303/253 200/304/254 182/305/255
f 34/302/252 201/306/256 202/307/257 199/303/253
f 34/302/258 186/308/258 203/309/258 201/306/258
f 35/288/241 188/287/240 204/310/259 191/291/260
f 36/311/261 205/312/262 206/313/263 207/314/263
f 36/311/261 191/315/264 200/304/254 199/303/253
f 36/311/261 199/303/253 202/307/257 205/312/262
f 36/294/265 207/316/266 208/317/267 192/295/265
f 37/318/268 211/319/269 212/320/270 209/321/268
f 37/322/271 210/323/271 213/324/272 211/325/273
f 38/326/274 214/327/275 215/328/276 39/329/274
f 38/330/277 209/321/277 212/320/278 214/331/279
f 38/332/280 39/333/280 213/324/280 210/323/280
f 39/333/281 215/334/282 216/335/283 213/324/272
f 40/336/284 217/337/285 218/338/286 219/339/287
f 40/340/288 219/341/289 220/342/290 41/343/291
f 40/344/292 41/345/292 221/346/293 217/347/294
f 42/348/295 226/349/296 227/350/297 228/351/298
f 42/348/299 229/352/300 230/353/301 226/349/299
f 42/354/302 228/355/303 231/356/304 232/357/305
f 42/358/302 232/359/305 233/360/306 229/361/307
f 43/362/308 234/363/309 235/364/310 236/365/308
f 43/366/311 236/367/311 44/368/311 237/369/311
f 43/366/312 237/369/312 238/370/313 234/371/314
f 1499/372/315 244/373/315 245/374/316 246/375/317
f 250/376/318 246/375/317 245/374/316 248/377/318
f 250/378/319 249/379/319 243/380/319 246/381/319
f 249/382/320 247/383/320 244/384/321 243/385/322
f 239/386/323 251/387/324 238/370/313 237/369/323
f 239/388/325 236/389/325 235/390/326 251/391/327
f 251/387/324 229/361/307 233/360/306 238/370/313
f 251/391/327 235/390/326 230/353/301 229/352/300
f 238/370/313 233/360/306 252/392/328 234/371/314
f 252/393/329 253/394/330 226/349/296 230/353/331
f 252/393/329 230/353/331 235/390/310 234/395/309
f 252/392/328 233/360/306 232/359/332 253/396/333
f 253/394/330 254/397/334 227/350/297 226/349/296
f 253/396/333 232/359/332 231/398/335 254/399/336
f 254/400/334 255/401/337 256/402/338 227/403/297
f 254/399/336 231/398/335 257/404/339 255/405/340
f 257/404/339 258/406/341 259/407/342 255/405/340
f 257/408/343 231/356/304 228/355/303 260/409/344
f 257/408/343 260/409/344 261/410/345 258/411/346
f 261/410/345 262/412/347 263/413/348 258/411/346
f 261/414/349 260/415/350 256/416/351 264/417/352
f 261/414/349 264/417/352 265/418/353 262/419/354
f 265/418/353 266/420/355 267/421/356 262/419/354
f 265/422/357 264/423/358 259/424/359 268/425/360
f 265/422/357 268/425/360 269/426/361 266/427/362
f 269/426/361 270/428/363 271/429/364 266/427/362
f 269/430/365 268/431/366 263/432/367 272/433/368
f 269/430/365 272/433/368 273/434/369 270/435/370
f 273/434/369 274/436/371 275/437/372 270/435/370
f 273/438/373 272/439/374 267/440/375 276/441/376
f 273/438/373 276/441/376 277/442/377 274/443/378
f 277/442/377 278/444/379 279/445/380 274/443/378
f 277/446/381 276/447/382 271/448/383 280/449/384
f 277/446/381 280/449/384 281/450/385 278/451/386
f 281/450/385 186/283/237 185/282/236 278/451/386
f 281/452/387 280/453/388 275/454/389 282/455/390
f 281/452/387 282/455/390 203/456/391 186/457/391
f 282/458/392 275/437/372 274/436/371 279/459/393
f 282/458/392 279/459/393 184/460/394 203/309/395
f 280/453/388 271/429/364 270/428/363 275/454/389
f 279/445/380 278/444/379 185/277/396 184/276/396
f 276/447/382 267/421/356 266/420/355 271/448/383
f 272/439/374 263/413/348 262/412/347 267/440/375
f 268/431/366 259/407/342 258/406/341 263/432/367
f 264/423/358 256/402/338 255/401/337 259/424/359
f 260/415/350 228/351/298 227/350/297 256/416/351
f 225/461/397 224/462/397 283/463/398 284/464/399
f 284/464/399 283/463/398 285/465/400 286/466/401
f 284/464/402 286/466/401 287/467/403 288/468/402
f 288/468/404 287/467/405 289/469/406 290/470/404
f 290/471/407 289/472/408 285/473/409 283/474/410
f 290/471/407 283/474/411 224/475/412 223/476/412
f 289/469/406 287/467/405 291/477/413 292/478/414
f 289/472/408 292/479/415 293/480/416 285/473/409
f 293/480/416 292/479/415 294/481/417 295/482/418
f 293/483/419 295/484/420 296/485/421 297/486/422
f 293/483/419 297/486/422 286/466/401 285/465/400
f 297/486/422 296/485/421 298/487/423 291/477/424
f 297/486/422 291/477/424 287/467/403 286/466/401
f 298/487/423 296/485/421 299/488/425 300/489/426
f 298/487/427 300/489/428 301/490/429 294/491/430
f 298/487/427 294/491/430 292/478/414 291/477/413
f 301/490/429 300/489/428 302/492/431 303/493/432
f 301/494/433 303/495/434 304/496/435 305/497/436
f 301/494/433 305/497/436 295/482/418 294/481/417
f 305/498/437 304/499/437 306/500/437 299/501/437
f 305/498/438 299/501/438 296/502/421 295/503/420
f 306/504/439 304/505/439 307/506/440 308/507/441
f 306/508/442 308/509/443 309/510/444 302/492/431
f 306/508/442 302/492/431 300/489/426 299/488/425
f 309/511/444 308/512/443 310/513/445 311/514/446
f 309/510/444 311/515/447 312/516/447 313/517/448
f 309/510/444 313/517/448 303/493/432 302/492/431
f 313/518/449 312/519/450 314/520/451 307/521/452
f 313/518/449 307/521/452 304/522/435 303/523/434
f 314/520/451 312/519/450 143/189/166 130/188/165
f 314/524/453 130/161/142 129/160/141 310/525/454
f 314/524/453 310/525/454 308/507/441 307/506/440
f 312/516/447 311/515/447 133/216/188 143/215/188
f 311/514/446 310/513/445 129/170/147 133/169/146
f 222/526/455 220/342/290 182/305/255 200/304/254
f 222/526/455 200/304/254 191/315/264 204/527/456
f 221/528/457 41/529/458 204/310/259 188/287/240
f 221/528/457 188/287/240 187/286/239 315/530/459
f 221/346/293 315/531/460 316/532/460 217/347/294
f 316/533/461 317/534/462 318/535/463 319/536/464
f 316/533/461 319/536/464 218/338/286 217/337/285
f 316/537/465 315/530/465 320/538/465 317/539/465
f 320/538/466 321/540/467 322/541/468 317/539/466
f 320/538/469 315/530/459 187/286/239 323/542/470
f 320/538/471 323/542/472 324/543/473 321/540/471
f 324/543/474 325/544/475 326/545/476 321/540/467
f 324/543/473 323/542/472 327/546/477 328/547/478
f 324/543/474 328/547/478 329/548/479 325/544/475
f 329/548/479 330/549/480 331/550/481 325/544/475
f 329/548/479 328/547/478 332/551/482 333/552/483
f 329/548/479 333/552/483 334/553/484 330/549/480
f 334/553/484 335/554/485 336/555/486 330/549/480
f 334/553/484 333/552/483 337/556/487 338/557/488
f 334/553/484 338/557/488 339/558/489 335/554/485
f 339/558/489 340/559/490 341/560/491 335/554/485
f 339/558/489 338/557/488 342/561/492 343/562/493
f 339/558/489 343/562/493 344/563/494 340/559/490
f 344/563/494 345/564/495 346/565/496 340/559/490
f 344/563/494 343/562/493 347/566/497 348/567/498
f 344/563/494 348/567/498 349/568/499 345/564/495
f 349/568/499 350/569/500 351/570/501 345/564/495
f 349/568/499 348/567/498 352/571/502 353/572/503
f 349/568/499 353/572/503 354/573/504 350/569/500
f 354/573/504 355/574/505 356/575/506 350/569/500
f 354/573/504 353/572/503 357/576/507 358/577/508
f 354/573/504 358/577/508 359/578/509 355/574/505
f 359/578/509 360/579/510 361/580/511 355/574/505
f 359/581/512 358/582/513 362/583/514 363/584/515
f 359/578/512 363/585/515 364/586/516 360/579/510
f 364/586/516 365/587/517 366/588/518 360/579/510
f 364/589/519 363/584/520 367/590/521 368/591/522
f 364/589/519 368/591/522 369/592/523 365/593/524
f 369/592/523 370/594/525 371/595/526 365/593/524
f 369/592/523 368/591/522 372/596/527 373/597/528
f 369/592/523 373/597/528 374/598/529 370/594/525
f 374/598/529 375/599/530 376/600/531 370/594/525
f 374/598/529 373/597/528 377/601/532 378/602/533
f 374/598/529 378/602/533 379/603/534 375/599/530
f 379/603/534 380/604/535 381/605/536 375/599/530
f 379/603/534 378/602/533 382/606/537 383/607/538
f 379/603/534 383/607/538 384/608/539 380/604/535
f 384/608/539 385/609/540 386/610/541 380/604/535
f 384/608/539 383/607/538 387/611/542 388/612/543
f 384/608/539 388/612/543 389/613/544 385/609/540
f 389/613/544 390/614/545 391/615/546 385/609/540
f 389/613/544 388/612/543 392/616/547 393/617/548
f 389/613/544 393/617/548 394/618/549 390/614/545
f 394/618/549 395/619/550 396/620/551 390/614/545
f 394/618/549 393/617/548 397/621/552 398/622/553
f 394/618/549 398/622/553 399/623/554 395/619/550
f 399/623/554 400/624/555 401/625/556 395/619/550
f 399/623/554 398/622/553 402/626/557 403/627/558
f 399/623/554 403/627/558 404/628/559 400/624/555
f 404/628/559 405/629/560 406/630/561 400/624/555
f 404/628/559 403/627/558 407/631/562 408/632/563
f 404/628/559 408/632/563 409/633/564 405/629/560
f 409/633/564 410/634/565 411/635/566 405/629/560
f 409/633/564 408/632/563 412/636/567 413/637/568
f 409/633/564 413/637/568 414/638/569 410/634/565
f 414/638/569 415/639/570 416/640/571 410/634/572
f 414/638/569 413/637/568 417/641/573 418/642/574
f 414/638/569 418/642/574 419/643/575 415/639/570
f 419/644/576 420/645/577 421/646/578 415/647/579
f 419/643/575 418/642/574 422/648/580 423/649/581
f 419/644/576 423/650/582 424/651/583 420/645/577
f 424/652/584 425/653/585 426/654/586 420/655/587
f 424/651/583 423/650/582 427/656/588 428/657/589
f 424/652/584 428/658/590 429/659/591 425/653/585
f 429/659/591 428/658/590 50/16/13 51/15/12
f 429/660/592 51/661/593 430/662/594 431/663/595
f 429/660/592 431/663/595 432/664/596 425/665/597
f 432/664/596 431/663/595 433/666/598 434/667/599
f 432/664/596 434/667/599 435/668/600 436/669/601
f 432/664/596 436/669/601 426/670/602 425/665/597
f 436/669/601 435/668/600 437/671/603 438/672/604
f 436/669/601 438/672/604 439/673/605 426/670/602
f 439/674/606 421/675/607 420/655/587 426/654/586
f 439/673/605 438/672/604 440/676/608 441/677/609
f 439/674/606 441/678/610 442/679/611 421/675/607
f 442/679/611 441/678/610 443/680/612 444/681/613
f 442/682/614 444/683/615 445/684/616 416/685/614
f 442/682/614 416/685/614 415/647/579 421/646/578
f 445/684/616 444/683/615 446/686/617 447/687/618
f 445/688/619 447/689/620 448/690/621 411/635/622
f 445/688/619 411/635/622 410/634/572 416/640/571
f 448/691/621 447/687/620 449/692/623 450/693/624
f 448/690/625 450/694/626 451/695/627 406/630/561
f 448/690/625 406/630/561 405/629/560 411/635/566
f 451/695/627 450/694/626 452/696/628 453/697/629
f 451/695/627 453/697/629 454/698/630 401/625/556
f 451/695/627 401/625/556 400/624/555 406/630/561
f 454/698/630 453/697/629 455/699/631 456/700/632
f 454/698/630 456/700/632 457/701/633 396/620/551
f 454/698/630 396/620/551 395/619/550 401/625/556
f 457/701/633 456/700/632 458/702/634 459/703/635
f 457/701/633 459/703/635 460/704/636 391/615/546
f 457/701/633 391/615/546 390/614/545 396/620/551
f 460/704/636 459/703/635 461/705/637 462/706/638
f 460/704/636 462/706/638 463/707/639 386/610/541
f 460/704/636 386/610/541 385/609/540 391/615/546
f 463/707/639 462/706/638 464/708/640 465/709/641
f 463/707/639 465/709/641 466/710/642 381/605/536
f 463/707/639 381/605/536 380/604/535 386/610/541
f 466/710/642 465/709/641 467/711/643 468/712/644
f 466/710/642 468/712/644 469/713/645 376/600/531
f 466/710/642 376/600/531 375/599/530 381/605/536
f 469/714/646 468/715/647 470/716/648 471/717/649
f 469/714/646 471/717/649 472/718/650 371/719/651
f 469/713/645 371/595/526 370/594/525 376/600/531
f 472/718/650 471/717/649 473/720/652 474/721/653
f 472/718/650 474/721/653 475/722/654 366/588/518
f 472/718/650 366/588/518 365/587/517 371/719/651
f 475/722/654 474/721/653 476/723/655 477/724/656
f 475/722/654 477/724/656 478/725/657 361/580/511
f 475/722/654 361/580/511 360/579/510 366/588/518
f 478/725/657 477/724/656 479/726/658 480/727/659
f 478/725/657 480/727/659 481/728/660 356/575/506
f 478/725/657 356/575/506 355/574/505 361/580/511
f 481/728/660 480/727/659 482/729/661 483/730/662
f 481/728/660 483/730/662 484/731/663 351/570/501
f 481/728/660 351/570/501 350/569/500 356/575/506
f 484/731/663 483/730/662 485/732/664 486/733/665
f 484/731/663 486/733/665 487/734/666 346/565/496
f 484/731/663 346/565/496 345/564/495 351/570/501
f 487/734/666 486/733/665 488/735/667 489/736/668
f 487/734/666 489/736/668 490/737/669 341/560/491
f 487/734/666 341/560/491 340/559/490 346/565/496
f 490/737/669 489/736/668 491/738/670 492/739/671
f 490/737/669 492/739/671 493/740/672 336/555/486
f 490/737/669 336/555/486 335/554/485 341/560/491
f 493/740/672 492/739/671 494/741/673 495/742/674
f 493/740/672 495/742/674 496/743/675 331/550/481
f 493/740/672 331/550/481 330/549/480 336/555/486
f 496/743/675 495/742/674 497/744/676 498/745/677
f 496/743/675 498/745/677 499/746/678 326/545/476
f 496/743/675 326/545/476 325/544/475 331/550/481
f 499/747/679 498/748/680 500/749/681 501/750/682
f 499/747/679 501/750/682 502/751/683 322/752/684
f 499/746/678 322/541/468 321/540/467 326/545/476
f 502/751/683 501/750/682 503/753/685 504/754/686
f 502/751/683 504/754/686 505/755/687 318/535/463
f 502/751/683 318/535/463 317/534/462 322/752/684
f 505/755/687 504/754/686 506/756/688 507/757/689
f 505/755/687 507/757/690 508/758/691 509/759/692
f 505/755/687 509/759/692 319/536/464 318/535/463
f 509/759/692 508/758/691 510/760/693 193/761/694
f 509/759/692 193/761/694 218/338/286 319/536/464
f 510/760/693 508/758/691 511/762/695 512/763/696
f 510/760/693 512/763/697 513/764/698 514/765/699
f 510/760/693 514/765/699 33/272/700 193/761/694
f 514/765/699 513/764/698 515/766/701 516/767/702
f 514/765/699 516/767/702 179/274/703 33/272/703
f 516/767/704 515/766/701 517/768/705 518/769/706
f 516/770/704 518/771/706 180/267/228 179/266/227
f 518/771/706 517/772/707 519/773/708 520/774/709
f 518/771/706 520/774/709 197/299/249 180/267/228
f 520/774/709 519/773/708 161/775/710 521/776/711
f 520/774/709 521/776/711 194/296/246 197/299/249
f 521/777/712 161/221/193 24/217/189 189/289/242
f 521/777/712 189/289/242 32/285/238 194/778/713
f 519/773/708 517/772/707 140/214/187 158/213/186
f 519/773/708 158/213/186 162/230/201 161/775/710
f 517/768/705 515/766/701 141/185/162 140/184/161
f 515/766/701 513/764/698 142/186/163 141/185/162
f 513/764/698 512/763/697 522/779/714 142/186/163
f 522/780/715 523/781/716 524/782/717 525/783/718
f 522/779/714 525/784/718 128/158/139 142/186/163
f 522/780/715 512/785/696 511/786/695 523/781/716
f 525/783/718 524/782/717 526/787/719 527/788/720
f 525/784/718 527/789/720 127/156/137 128/158/139
f 527/788/720 526/787/719 112/130/109 110/129/106
f 527/789/720 110/125/106 109/124/105 127/156/137
f 526/790/721 528/791/722 529/792/723 112/793/724
f 526/790/721 524/794/725 530/795/726 528/791/722
f 530/795/726 531/796/727 532/797/728 528/791/722
f 530/795/726 524/794/725 523/798/716 533/799/729
f 530/795/726 533/799/729 534/800/730 531/796/727
f 534/800/730 535/801/731 536/802/732 531/796/727
f 534/800/730 533/799/729 537/803/733 538/804/734
f 534/800/730 538/804/734 539/805/735 535/801/731
f 539/805/735 540/806/736 541/807/737 535/801/731
f 539/805/735 538/804/734 506/756/688 542/808/738
f 539/805/735 542/808/738 543/809/739 540/806/736
f 543/809/739 544/810/740 545/811/741 540/806/736
f 543/809/739 542/808/738 503/753/685 546/812/742
f 543/809/739 546/812/742 547/813/743 544/810/740
f 547/813/743 548/814/744 549/815/745 544/810/740
f 547/813/743 546/812/742 500/749/681 550/816/746
f 547/813/743 550/816/746 551/817/747 548/814/744
f 551/817/747 552/818/748 553/819/749 548/814/744
f 551/817/747 550/816/746 497/820/750 554/821/751
f 551/817/747 554/821/751 555/822/752 552/818/748
f 555/822/752 556/823/753 557/824/754 552/818/748
f 555/825/755 554/826/756 494/741/673 558/827/757
f 555/825/755 558/827/757 559/828/758 556/829/759
f 559/828/758 560/830/760 561/831/761 556/829/759
f 559/828/758 558/827/757 491/738/670 562/832/762
f 559/828/758 562/832/762 563/833/763 560/830/760
f 563/833/763 564/834/764 565/835/765 560/830/760
f 563/833/763 562/832/762 488/735/667 566/836/766
f 563/833/763 566/836/766 567/837/767 564/834/764
f 567/837/767 568/838/768 569/839/769 564/834/764
f 567/837/767 566/836/766 485/732/664 570/840/770
f 567/837/767 570/840/770 571/841/771 568/838/768
f 571/841/771 572/842/772 573/843/773 568/838/768
f 571/841/771 570/840/770 482/729/661 574/844/774
f 571/841/771 574/844/774 575/845/775 572/842/772
f 575/845/775 576/846/776 577/847/777 572/842/772
f 575/845/775 574/844/774 479/726/658 578/848/778
f 575/845/775 578/848/778 579/849/779 576/846/776
f 579/849/779 580/850/780 581/851/781 576/846/776
f 579/849/779 578/848/778 476/723/655 582/852/782
f 579/849/779 582/852/782 583/853/783 580/850/780
f 583/853/783 584/854/784 585/855/785 580/850/780
f 583/853/783 582/852/782 473/720/652 586/856/786
f 583/853/783 586/856/786 587/857/787 584/854/784
f 587/857/787 588/858/788 589/859/789 584/854/784
f 587/857/787 586/856/786 470/716/648 590/860/790
f 587/857/787 590/860/790 591/861/791 588/858/788
f 591/861/791 592/862/792 593/863/793 588/858/788
f 591/861/791 590/860/790 467/864/794 594/865/795
f 591/861/791 594/865/795 595/866/796 592/862/792
f 595/866/796 596/867/797 597/868/798 592/862/792
f 595/869/799 594/870/800 464/708/640 598/871/801
f 595/869/799 598/871/801 599/872/802 596/873/803
f 599/872/802 600/874/804 601/875/805 596/873/803
f 599/872/806 598/871/801 461/705/637 602/876/807
f 599/872/806 602/876/807 603/877/808 600/874/809
f 603/877/808 67/49/810 66/48/811 600/874/809
f 603/877/808 602/876/807 458/702/634 604/878/812
f 603/877/808 604/878/812 605/879/813 67/49/810
f 605/879/814 65/880/815 64/50/43 67/49/42
f 605/879/813 604/878/812 455/699/631 606/881/816
f 605/879/814 606/881/817 607/882/818 65/880/815
f 607/883/819 608/884/820 61/46/40 65/45/39
f 607/882/818 606/881/817 452/696/821 609/885/822
f 607/883/819 609/886/823 610/887/824 608/884/820
f 610/888/825 611/889/826 612/890/827 608/891/828
f 610/887/824 609/886/823 449/692/829 613/892/830
f 610/888/825 613/893/831 614/894/832 611/889/826
f 614/894/832 613/893/831 446/895/833 615/896/834
f 614/897/835 615/898/836 616/899/837 617/900/838
f 614/897/835 617/900/838 618/901/839 611/902/840
f 618/903/839 617/904/838 619/905/841 620/906/842
f 618/903/839 620/906/842 621/907/843 622/908/844
f 618/901/839 622/909/844 612/910/845 611/902/840
f 622/908/844 621/907/843 623/911/846 58/912/23
f 622/909/844 58/28/23 57/27/22 612/910/845
f 623/911/846 621/907/843 624/913/847 625/914/848
f 623/911/846 625/914/848 626/915/849 627/916/850
f 623/911/846 627/916/850 4/917/20 58/912/23
f 627/916/850 626/915/849 628/918/851 629/919/852
f 627/920/850 629/921/852 52/24/853 4/23/20
f 629/922/854 628/923/855 630/924/856 631/925/857
f 629/922/854 631/925/857 53/19/16 52/18/15
f 631/925/857 630/924/856 632/926/858 633/927/859
f 631/925/857 633/927/859 634/928/860 53/19/16
f 634/928/860 635/929/861 54/20/17 53/19/16
f 634/928/860 633/927/859 636/930/862 637/931/863
f 634/928/860 637/931/863 638/932/864 635/929/861
f 638/932/865 639/933/866 640/934/867 635/929/861
f 638/932/864 637/931/863 641/935/868 642/936/869
f 638/932/865 642/936/869 643/937/870 639/933/866
f 643/937/870 642/936/869 644/938/871 645/939/872
f 643/937/873 645/939/874 646/940/875 647/941/876
f 643/937/873 647/941/876 648/942/877 639/933/878
f 648/943/879 647/944/880 649/945/881 650/946/882
f 648/943/879 650/946/882 651/947/883 652/948/884
f 648/942/877 652/949/885 640/934/886 639/933/878
f 652/948/884 651/947/883 653/950/887 654/951/888
f 652/949/885 654/952/889 655/953/890 640/934/886
f 655/953/890 654/952/889 59/31/26 55/30/25
f 655/953/891 55/30/18 3/17/14 54/20/17
f 655/953/891 54/20/17 635/929/861 640/934/867
f 654/952/888 653/954/887 60/34/29 59/31/26
f 653/950/892 651/947/893 656/955/894 657/956/895
f 653/950/892 657/956/895 62/41/35 60/40/34
f 657/957/896 656/958/897 658/959/898 659/960/899
f 657/957/896 659/960/899 660/961/900 62/962/901
f 660/961/902 659/960/899 661/963/903 662/964/904
f 660/961/902 662/964/904 601/965/905 68/53/906
f 660/961/900 68/53/46 63/52/45 62/962/901
f 662/964/904 661/963/903 663/966/907 597/868/798
f 662/964/904 597/868/798 596/867/797 601/965/905
f 663/966/907 661/963/903 664/967/908 665/968/909
f 663/966/907 665/968/909 666/969/910 593/863/793
f 663/966/907 593/863/793 592/862/792 597/868/798
f 666/969/910 665/968/909 667/970/911 668/971/912
f 666/969/910 668/971/912 669/972/913 589/859/789
f 666/969/910 589/859/789 588/858/788 593/863/793
f 669/972/913 668/971/912 670/973/914 671/974/915
f 669/972/913 671/974/915 672/975/916 585/855/785
f 669/972/913 585/855/785 584/854/784 589/859/789
f 672/975/916 671/974/915 673/976/917 674/977/918
f 672/975/916 674/977/918 675/978/919 581/851/781
f 672/975/916 581/851/781 580/850/780 585/855/785
f 675/978/919 674/977/918 676/979/920 677/980/921
f 675/978/919 677/980/921 678/981/922 577/847/777
f 675/978/919 577/847/777 576/846/776 581/851/781
f 678/981/922 677/980/921 679/982/923 680/983/924
f 678/981/922 680/983/924 681/984/925 573/843/773
f 678/981/922 573/843/773 572/842/772 577/847/777
f 681/985/926 680/986/927 682/987/928 683/988/929
f 681/984/925 569/839/769 568/838/768 573/843/773
f 684/989/930 683/988/929 685/990/931 686/991/932
f 684/989/930 686/991/932 687/992/933 688/993/934
f 684/989/930 688/993/934 689/994/935 91/995/936
f 689/994/935 688/993/934 690/996/937 691/997/938
f 689/994/935 691/997/938 692/998/939 88/99/79
f 689/994/935 88/99/79 13/98/78 91/995/936
f 692/998/939 691/997/938 693/999/940 557/824/754
f 692/998/939 557/824/754 556/823/753 561/1000/941
f 692/998/939 561/1000/941 89/100/80 88/99/79
f 693/999/940 691/997/938 690/996/937 694/1001/942
f 693/999/940 694/1001/942 695/1002/943 553/819/749
f 693/999/940 553/819/749 552/818/748 557/824/754
f 695/1002/943 694/1001/942 696/1003/944 697/1004/945
f 695/1002/943 697/1004/945 698/1005/946 549/815/745
f 695/1002/943 549/815/745 548/814/744 553/819/749
f 698/1005/946 697/1004/945 699/1006/947 700/1007/948
f 698/1005/946 700/1007/948 701/1008/949 545/811/741
f 698/1005/946 545/811/741 544/810/740 549/815/745
f 701/1008/949 700/1007/948 702/1009/950 703/1010/951
f 701/1008/949 703/1010/951 704/1011/952 541/807/737
f 701/1008/949 541/807/737 540/806/736 545/811/741
f 704/1011/952 703/1010/951 705/1012/953 706/1013/954
f 704/1011/952 706/1013/954 707/1014/955 536/802/732
f 704/1011/952 536/802/732 535/801/731 541/807/737
f 707/1014/955 706/1013/954 708/1015/956 709/1016/957
f 707/1014/955 709/1016/957 710/1017/958 532/797/728
f 707/1014/955 532/797/728 531/796/727 536/802/732
f 710/1017/958 709/1016/957 711/1018/959 712/1019/960
f 710/1017/958 712/1019/960 115/136/116 529/792/723
f 710/1017/958 529/792/723 528/791/722 532/797/728
f 712/1019/960 711/1018/961 713/1020/962 714/1021/963
f 712/1019/960 714/1021/963 113/137/117 115/136/116
f 714/1022/964 713/1023/965 715/1024/966 716/1025/967
f 714/1022/964 716/1025/967 114/133/112 113/132/111
f 716/1025/967 715/1024/966 717/1026/968 718/1027/969
f 716/1025/967 718/1027/969 719/1028/970 114/133/112
f 719/1028/970 718/1027/969 720/1029/971 721/1030/972
f 719/1028/970 721/1030/972 722/1031/973 105/118/974
f 719/1028/970 105/118/974 104/117/113 114/133/112
f 722/1031/973 721/1030/972 723/1032/975 724/1033/976
f 722/1031/977 724/1033/978 725/1034/979 726/1035/980
f 722/1031/977 726/1035/980 106/119/99 105/118/98
f 726/1035/980 725/1034/979 727/1036/981 728/1037/982
f 726/1035/980 728/1037/982 107/120/101 106/119/99
f 728/1037/982 727/1036/981 729/1038/983 730/1039/984
f 728/1037/982 730/1039/984 117/140/120 107/120/101
f 730/1039/984 729/1038/983 731/1040/985 732/1041/986
f 730/1039/984 732/1041/986 118/141/121 117/140/120
f 732/1042/987 731/1043/988 733/1044/989 734/1045/990
f 732/1042/987 734/1045/990 119/144/124 118/143/123
f 734/1045/990 735/1046/991 736/1047/992 119/144/124
f 734/1045/990 733/1044/989 737/1048/993 735/1046/991
f 737/1049/994 738/1050/995 739/1051/996 735/1052/997
f 737/1048/993 733/1044/989 740/1053/998 741/1054/999
f 737/1049/994 741/1055/1000 742/1056/1001 738/1050/995
f 742/1056/1002 743/1057/1003 744/1058/1004 738/1050/1005
f 742/1056/1001 741/1055/1000 745/1059/1006 746/1060/1007
f 742/1056/1002 746/1060/1008 747/1061/1009 743/1057/1003
f 747/1061/1009 748/1062/1010 749/1063/1011 743/1057/1003
f 747/1061/1009 746/1060/1008 750/1064/1012 751/1065/1013
f 747/1061/1009 751/1065/1013 752/1066/1014 748/1062/1010
f 752/1066/1014 753/1067/1015 754/1068/1016 748/1062/1010
f 752/1066/1014 751/1065/1013 755/1069/1017 756/1070/1018
f 752/1066/1014 756/1070/1018 757/1071/1019 753/1067/1015
f 757/1071/1019 758/1072/1020 759/1073/1021 753/1067/1015
f 757/1071/1019 756/1070/1018 760/1074/1022 761/1075/1023
f 757/1071/1019 761/1075/1023 762/1076/1024 758/1072/1020
f 762/1076/1024 763/1077/1025 764/1078/1026 758/1072/1020
f 762/1076/1024 761/1075/1023 765/1079/1027 766/1080/1028
f 762/1076/1024 766/1080/1028 767/1081/1029 763/1077/1025
f 767/1081/1029 768/1082/1030 769/1083/1031 763/1077/1025
f 767/1081/1029 766/1080/1028 770/1084/1032 771/1085/1033
f 767/1081/1029 771/1085/1033 772/1086/1034 768/1082/1030
f 772/1086/1034 773/1087/1035 774/1088/1036 768/1082/1030
f 772/1086/1034 771/1085/1033 775/1089/1037 776/1090/1038
f 772/1086/1034 776/1090/1038 777/1091/1039 773/1087/1035
f 777/1091/1039 778/1092/1040 779/1093/1041 773/1087/1035
f 777/1091/1039 776/1090/1038 780/1094/1042 781/1095/1043
f 777/1091/1039 781/1095/1043 782/1096/1044 778/1092/1040
f 782/1096/1044 783/1097/1045 784/1098/1046 778/1092/1040
f 782/1096/1047 781/1095/1048 785/1099/1049 786/1100/1050
f 782/1101/1047 786/1102/1050 787/1103/1051 783/1104/1052
f 787/1103/1051 788/1105/1053 789/1106/1054 783/1104/1052
f 787/1107/1055 786/1108/1056 790/1109/1057 791/1110/1058
f 787/1107/1055 791/1110/1058 792/1111/1059 788/1112/1060
f 792/1111/1059 793/1113/1061 794/1114/1062 788/1112/1060
f 792/1111/1059 791/1110/1058 795/1115/1063 796/1116/1064
f 792/1111/1059 796/1116/1064 797/1117/1065 793/1113/1061
f 797/1117/1065 798/1118/1066 799/1119/1067 793/1113/1061
f 797/1117/1065 796/1116/1064 800/1120/1068 801/1121/1069
f 797/1117/1065 801/1121/1069 802/1122/1070 798/1118/1066
f 802/1122/1070 803/1123/1071 804/1124/1072 798/1118/1066
f 802/1122/1070 801/1121/1069 805/1125/1073 806/1126/1074
f 802/1122/1070 806/1126/1074 807/1127/1075 803/1123/1071
f 807/1127/1075 808/1128/1076 809/1129/1077 803/1123/1071
f 807/1127/1075 806/1126/1074 810/1130/1078 811/1131/1079
f 807/1127/1075 811/1131/1079 812/1132/1080 808/1128/1076
f 812/1132/1080 813/1133/1081 814/1134/1082 808/1128/1076
f 812/1132/1080 811/1131/1079 815/1135/1083 816/1136/1084
f 812/1132/1080 816/1136/1084 817/1137/1085 813/1133/1081
f 817/1137/1085 818/1138/1086 819/1139/1087 813/1133/1081
f 817/1137/1085 816/1136/1084 820/1140/1088 821/1141/1089
f 817/1137/1085 821/1141/1089 822/1142/1090 818/1138/1086
f 822/1142/1090 823/1143/1091 824/1144/1092 818/1138/1086
f 822/1142/1090 821/1141/1089 825/1145/1093 826/1146/1094
f 822/1142/1090 826/1146/1094 827/1147/1095 823/1143/1091
f 827/1147/1095 828/1148/1096 829/1149/1097 823/1143/1091
f 827/1147/1095 826/1146/1094 830/1150/1098 831/1151/1099
f 827/1147/1095 831/1151/1099 832/1152/1100 828/1148/1096
f 832/1152/1100 833/1153/1101 834/1154/1102 828/1148/1096
f 832/1152/1100 831/1151/1099 835/1155/1103 836/1156/1104
f 832/1152/1100 836/1156/1104 837/1157/1105 833/1153/1101
f 837/1157/1105 838/1158/1106 839/1159/1107 833/1153/1101
f 837/1157/1105 836/1156/1104 840/1160/1108 841/1161/1109
f 837/1157/1105 841/1161/1109 624/913/847 838/1158/1106
f 841/1161/1109 840/1160/1108 842/1162/1110 843/1163/1111
f 841/1161/1109 843/1163/1111 625/914/848 624/913/847
f 843/1163/1111 842/1162/1110 844/1164/1112 845/1165/1113
f 843/1163/1111 845/1165/1113 626/915/849 625/914/848
f 845/1165/1113 844/1164/1112 846/1166/1114 847/1167/1115
f 845/1165/1113 847/1167/1115 628/918/851 626/915/849
f 847/1168/1116 846/1169/1117 848/1170/1118 849/1171/1119
f 847/1168/1116 849/1171/1119 630/924/856 628/923/855
f 849/1171/1119 848/1170/1118 850/1172/1120 851/1173/1121
f 849/1171/1119 851/1173/1121 632/926/858 630/924/856
f 851/1173/1121 850/1172/1120 852/1174/1122 853/1175/1123
f 851/1173/1121 853/1175/1123 854/1176/1124 632/926/858
f 854/1176/1124 636/930/862 633/927/859 632/926/858
f 854/1176/1124 853/1175/1123 855/1177/1125 856/1178/1126
f 854/1176/1124 856/1178/1126 857/1179/1127 636/930/862
f 857/1179/1127 641/935/868 637/931/863 636/930/862
f 857/1179/1127 856/1178/1126 858/1180/1128 859/1181/1129
f 857/1179/1127 859/1181/1129 860/1182/1130 641/935/868
f 860/1182/1130 644/938/871 642/936/869 641/935/868
f 860/1182/1130 859/1181/1129 861/1183/1131 862/1184/1132
f 860/1182/1130 862/1184/1132 863/1185/1133 644/938/871
f 863/1185/1133 864/1186/1134 645/939/872 644/938/871
f 863/1185/1133 862/1184/1132 865/1187/1135 866/1188/1136
f 863/1185/1133 866/1188/1136 867/1189/1137 864/1186/1134
f 867/1189/1137 866/1188/1136 81/75/61 868/1190/1138
f 867/1189/1139 868/1190/1140 869/1191/1141 870/1192/1142
f 867/1189/1139 870/1192/1142 871/1193/1143 864/1186/1144
f 871/1194/1145 870/1195/1146 872/1196/1147 873/1197/1148
f 871/1194/1145 873/1197/1148 874/1198/1149 646/1199/1150
f 871/1193/1143 646/940/875 645/939/874 864/1186/1144
f 874/1198/1151 873/1197/1152 875/1200/1153 876/1201/1154
f 874/1198/1151 876/1201/1154 877/1202/1155 649/945/1156
f 874/1198/1149 649/945/881 647/944/880 646/1199/1150
f 877/1203/1157 876/1204/1158 878/1205/1159 879/1206/1160
f 877/1203/1157 879/1206/1160 880/1207/1161 881/1208/1162
f 877/1202/1155 881/1209/1163 650/946/1164 649/945/1156
f 881/1208/1162 880/1207/1161 658/959/898 656/958/897
f 881/1209/1163 656/955/894 651/947/893 650/946/1164
f 880/1207/1161 879/1206/1160 882/1210/1165 883/1211/1166
f 880/1207/1161 883/1211/1166 664/967/908 658/959/898
f 883/1211/1166 882/1210/1165 884/1212/1167 667/970/911
f 883/1211/1166 667/970/911 665/968/909 664/967/908
f 884/1212/1167 882/1210/1165 885/1213/1168 886/1214/1169
f 884/1212/1167 886/1214/1169 887/1215/1170 670/973/914
f 884/1212/1167 670/973/914 668/971/912 667/970/911
f 887/1215/1170 886/1214/1169 888/1216/1171 889/1217/1172
f 887/1215/1170 889/1217/1172 890/1218/1173 673/976/917
f 887/1215/1170 673/976/917 671/974/915 670/973/914
f 890/1218/1173 889/1217/1172 74/65/54 71/64/53
f 890/1218/1173 71/64/53 70/1219/1174 676/979/920
f 890/1218/1173 676/979/920 674/977/918 673/976/917
f 889/1217/1172 888/1216/1171 891/1220/1175 74/65/54
f 891/1220/1175 892/1221/1176 893/1222/1177 75/68/57
f 891/1220/1175 75/68/57 72/66/55 74/65/54
f 891/1220/1175 888/1216/1171 894/1223/1178 892/1221/1176
f 894/1223/1178 895/1224/1179 896/1225/1180 892/1221/1176
f 894/1223/1178 888/1216/1171 886/1214/1169 885/1213/1168
f 894/1223/1178 885/1213/1168 878/1205/1159 895/1224/1179
f 896/1225/1180 897/1226/1181 898/1227/1182 899/1228/1183
f 896/1225/1180 899/1228/1183 893/1222/1177 892/1221/1176
f 896/1225/1180 895/1224/1179 875/1229/1184 897/1226/1181
f 899/1228/1183 898/1227/1182 83/80/66 80/79/65
f 899/1228/1183 80/79/65 79/1230/1185 893/1222/1177
f 898/1227/1182 900/1231/1186 87/97/77 83/80/66
f 898/1227/1182 897/1226/1187 872/1232/1188 900/1231/1186
f 900/1233/1189 869/1234/1190 86/95/75 87/94/74
f 900/1233/1189 872/1196/1147 870/1195/1146 869/1234/1190
f 897/1235/1187 875/1200/1153 873/1197/1152 872/1196/1188
f 895/1224/1179 878/1205/1159 876/1204/1158 875/1229/1184
f 893/1222/1177 79/1230/1185 76/69/58 75/68/57
f 885/1213/1168 882/1210/1165 879/1206/1160 878/1205/1159
f 869/1191/1141 868/1190/1140 85/89/71 86/88/70
f 868/1190/1138 81/75/61 9/74/60 85/89/1191
f 866/1188/1136 865/1187/1135 82/76/62 81/75/61
f 865/1187/1135 862/1184/1132 861/1183/1131 901/1236/1192
f 865/1187/1135 901/1236/1192 902/1237/1193 82/76/62
f 902/1237/1193 901/1236/1192 73/62/51 8/61/50
f 902/1237/1193 77/1238/1194 78/77/63 82/76/62
f 901/1236/1192 861/1183/1131 903/1239/1195 73/62/51
f 903/1239/1195 861/1183/1131 859/1181/1129 858/1180/1128
f 903/1239/1195 858/1180/1128 904/1240/1196 905/1241/1197
f 903/1239/1195 905/1241/1197 7/59/48 73/62/51
f 905/1241/1197 904/1240/1196 906/1242/1198 907/1243/1199
f 905/1241/1197 907/1243/1199 69/1244/1200 7/59/48
f 907/1243/1199 906/1242/1198 908/1245/1201 909/1246/1202
f 907/1243/1199 909/1246/1202 910/1247/1203 69/1244/1200
f 910/1247/1203 909/1246/1202 911/1248/1204 682/987/928
f 910/1247/1203 682/987/928 680/986/927 679/1249/1205
f 910/1247/1203 679/1249/1205 70/1250/1206 69/1244/1200
f 911/1248/1204 909/1246/1202 908/1245/1201 912/1251/1207
f 911/1248/1204 912/1251/1207 913/1252/1208 685/990/931
f 911/1248/1204 685/990/931 683/988/929 682/987/928
f 913/1252/1208 912/1251/1207 914/1253/1209 915/1254/1210
f 913/1252/1208 915/1254/1210 916/1255/1211 917/1256/1212
f 913/1252/1208 917/1256/1212 686/991/932 685/990/931
f 917/1256/1212 916/1255/1211 918/1257/1213 919/1258/1214
f 917/1256/1212 919/1258/1214 687/992/933 686/991/932
f 919/1258/1214 918/1257/1213 920/1259/1215 921/1260/1216
f 919/1258/1214 921/1260/1216 922/1261/1217 687/992/933
f 922/1261/1217 921/1260/1216 923/1262/1218 696/1003/944
f 922/1261/1217 696/1003/944 694/1001/942 690/996/937
f 922/1261/1217 690/996/937 688/993/934 687/992/933
f 923/1262/1218 921/1260/1216 920/1259/1215 924/1263/1219
f 923/1262/1218 924/1263/1219 925/1264/1220 699/1006/947
f 923/1262/1218 699/1006/947 697/1004/945 696/1003/944
f 925/1264/1220 924/1263/1219 926/1265/1221 927/1266/1222
f 925/1264/1220 927/1266/1222 928/1267/1223 702/1009/950
f 925/1264/1220 702/1009/950 700/1007/948 699/1006/947
f 928/1267/1223 927/1266/1222 929/1268/1224 930/1269/1225
f 928/1267/1223 930/1269/1225 931/1270/1226 705/1012/953
f 928/1267/1223 705/1012/953 703/1010/951 702/1009/950
f 931/1270/1226 930/1269/1225 932/1271/1227 933/1272/1228
f 931/1270/1226 933/1272/1228 934/1273/1229 708/1015/956
f 931/1270/1226 708/1015/956 706/1013/954 705/1012/953
f 934/1274/1230 933/1275/1231 935/1276/1232 936/1277/1233
f 934/1274/1230 936/1277/1233 713/1023/962 711/1278/961
f 934/1273/1229 711/1018/959 709/1016/957 708/1015/956
f 936/1277/1233 935/1276/1232 937/1279/1234 938/1280/1235
f 936/1277/1233 938/1280/1235 715/1024/966 713/1023/965
f 938/1280/1235 937/1279/1234 939/1281/1236 940/1282/1237
f 938/1280/1235 940/1282/1237 717/1026/968 715/1024/966
f 940/1282/1237 939/1281/1236 941/1283/1238 942/1284/1239
f 940/1282/1237 942/1284/1239 943/1285/1240 717/1026/968
f 943/1285/1240 942/1284/1239 944/1286/1241 945/1287/1242
f 943/1285/1240 945/1287/1242 946/1288/1243 720/1029/971
f 943/1285/1240 720/1029/971 718/1027/969 717/1026/968
f 946/1288/1243 945/1287/1242 947/1289/1244 948/1290/1245
f 946/1288/1243 948/1290/1245 949/1291/1246 723/1032/975
f 946/1288/1243 723/1032/975 721/1030/972 720/1029/971
f 949/1291/1246 948/1290/1245 950/1292/1247 951/1293/1248
f 949/1291/1246 951/1293/1248 952/1294/1249 953/1295/1250
f 949/1291/1246 953/1295/1250 724/1033/976 723/1032/975
f 953/1295/1251 952/1294/1252 954/1296/1253 955/1297/1254
f 953/1295/1251 955/1297/1254 725/1034/979 724/1033/978
f 955/1297/1254 954/1296/1253 956/1298/1255 957/1299/1256
f 955/1297/1254 957/1299/1256 727/1036/981 725/1034/979
f 957/1299/1256 956/1298/1255 958/1300/1257 959/1301/1258
f 957/1299/1256 959/1301/1258 729/1038/983 727/1036/981
f 959/1301/1258 958/1300/1257 960/1302/1259 961/1303/1260
f 959/1301/1258 961/1303/1260 731/1040/985 729/1038/983
f 961/1304/1261 960/1305/1262 962/1306/1263 740/1053/998
f 961/1304/1261 740/1053/998 733/1044/989 731/1043/988
f 962/1306/1263 745/1307/1264 741/1054/999 740/1053/998
f 962/1306/1263 960/1305/1262 963/1308/1265 964/1309/1266
f 962/1306/1263 964/1309/1266 965/1310/1267 745/1307/1264
f 965/1311/1268 750/1064/1012 746/1060/1007 745/1059/1006
f 965/1310/1267 964/1309/1266 966/1312/1269 967/1313/1270
f 965/1311/1268 967/1314/1271 968/1315/1272 750/1064/1012
f 968/1315/1272 755/1069/1017 751/1065/1013 750/1064/1012
f 968/1315/1272 967/1314/1271 969/1316/1273 970/1317/1274
f 968/1315/1272 970/1317/1274 971/1318/1275 755/1069/1017
f 971/1318/1275 760/1074/1022 756/1070/1018 755/1069/1017
f 971/1318/1275 970/1317/1274 972/1319/1276 973/1320/1277
f 971/1318/1275 973/1320/1277 974/1321/1278 760/1074/1022
f 974/1321/1278 765/1079/1027 761/1075/1023 760/1074/1022
f 974/1321/1278 973/1320/1277 975/1322/1279 976/1323/1280
f 974/1321/1278 976/1323/1280 977/1324/1281 765/1079/1027
f 977/1324/1281 770/1084/1032 766/1080/1028 765/1079/1027
f 977/1324/1281 976/1323/1280 978/1325/1282 979/1326/1283
f 977/1324/1281 979/1326/1283 980/1327/1284 770/1084/1032
f 980/1327/1284 775/1089/1037 771/1085/1033 770/1084/1032
f 980/1327/1284 979/1326/1283 981/1328/1285 982/1329/1286
f 980/1327/1284 982/1329/1286 983/1330/1287 775/1089/1037
f 983/1330/1287 780/1094/1042 776/1090/1038 775/1089/1037
f 983/1330/1288 982/1329/1289 984/1331/1290 985/1332/1291
f 983/1330/1288 985/1332/1291 986/1333/1292 780/1094/1293
f 986/1333/1292 785/1099/1049 781/1095/1048 780/1094/1293
f 986/1334/1294 985/1335/1295 987/1336/1296 988/1337/1297
f 986/1334/1294 988/1337/1297 989/1338/1298 785/1339/1299
f 989/1338/1298 790/1109/1057 786/1108/1056 785/1339/1299
f 989/1338/1298 988/1337/1297 990/1340/1300 991/1341/1301
f 989/1338/1298 991/1341/1301 992/1342/1302 790/1109/1057
f 992/1342/1302 795/1115/1063 791/1110/1058 790/1109/1057
f 992/1342/1302 991/1341/1301 993/1343/1303 994/1344/1304
f 992/1342/1302 994/1344/1304 995/1345/1305 795/1115/1063
f 995/1345/1305 800/1120/1068 796/1116/1064 795/1115/1063
f 995/1345/1305 994/1344/1304 996/1346/1306 997/1347/1307
f 995/1345/1305 997/1347/1307 998/1348/1308 800/1120/1068
f 998/1348/1308 805/1125/1073 801/1121/1069 800/1120/1068
f 998/1348/1308 997/1347/1307 999/1349/1309 1000/1350/1310
f 998/1348/1308 1000/1350/1310 1001/1351/1311 805/1125/1073
f 1001/1351/1311 810/1130/1078 806/1126/1074 805/1125/1073
f 1001/1351/1311 1000/1350/1310 1002/1352/1312 1003/1353/1313
f 1001/1351/1311 1003/1353/1313 1004/1354/1314 810/1130/1078
f 1004/1354/1314 815/1135/1083 811/1131/1079 810/1130/1078
f 1004/1354/1314 1003/1353/1313 1005/1355/1315 1006/1356/1316
f 1004/1354/1314 1006/1356/1316 1007/1357/1317 815/1135/1083
f 1007/1357/1317 820/1140/1088 816/1136/1084 815/1135/1083
f 1007/1357/1317 1006/1356/1316 1008/1358/1318 1009/1359/1319
f 1007/1357/1317 1009/1359/1319 1010/1360/1320 820/1140/1088
f 1010/1360/1320 825/1145/1093 821/1141/1089 820/1140/1088
f 1010/1360/1320 1009/1359/1319 1011/1361/1321 1012/1362/1322
f 1010/1360/1320 1012/1362/1322 1013/1363/1323 825/1145/1093
f 1013/1363/1323 830/1150/1098 826/1146/1094 825/1145/1093
f 1013/1363/1323 1012/1362/1322 1014/1364/1324 1015/1365/1325
f 1013/1363/1323 1015/1365/1325 1016/1366/1326 830/1150/1098
f 1016/1366/1326 835/1155/1103 831/1151/1099 830/1150/1098
f 1016/1366/1326 1015/1365/1325 1017/1367/1327 1018/1368/1328
f 1016/1366/1326 1018/1368/1328 1019/1369/1329 835/1155/1103
f 1019/1369/1329 840/1160/1108 836/1156/1104 835/1155/1103
f 1019/1369/1329 1018/1368/1328 1020/1370/1330 1021/1371/1331
f 1019/1369/1329 1021/1371/1331 842/1162/1110 840/1160/1108
f 1021/1371/1331 1020/1370/1330 1022/1372/1332 1023/1373/1333
f 1021/1371/1331 1023/1373/1333 844/1164/1112 842/1162/1110
f 1023/1373/1333 1022/1372/1332 1024/1374/1334 1025/1375/1335
f 1023/1373/1333 1025/1375/1335 846/1166/1114 844/1164/1112
f 1025/1376/1336 1024/1377/1337 1026/1378/1338 1027/1379/1339
f 1025/1376/1336 1027/1379/1339 848/1170/1118 846/1169/1117
f 1027/1379/1339 1026/1378/1340 1028/1380/1341 1029/1381/1342
f 1027/1379/1339 1029/1381/1342 850/1172/1120 848/1170/1118
f 1029/1381/1342 1028/1380/1341 1030/1382/1343 1031/1383/1344
f 1029/1381/1342 1031/1383/1344 852/1174/1122 850/1172/1120
f 1031/1383/1344 1030/1382/1343 914/1253/1209 1032/1384/1345
f 1031/1383/1344 1032/1384/1345 1033/1385/1346 852/1174/1122
f 1033/1385/1346 855/1177/1125 853/1175/1123 852/1174/1122
f 1033/1385/1346 1032/1384/1345 908/1245/1201 906/1242/1198
f 1033/1385/1346 906/1242/1198 904/1240/1196 855/1177/1125
f 1032/1384/1345 914/1253/1209 912/1251/1207 908/1245/1201
f 1030/1382/1343 1028/1380/1341 1034/1386/1347 1035/1387/1348
f 1030/1382/1343 1035/1387/1348 915/1254/1210 914/1253/1209
f 1035/1387/1348 1034/1386/1347 1036/1388/1349 1037/1389/1350
f 1035/1387/1348 1037/1389/1350 916/1255/1211 915/1254/1210
f 1037/1389/1350 1036/1388/1349 1038/1390/1351 1039/1391/1352
f 1037/1389/1350 1039/1391/1352 918/1257/1213 916/1255/1211
f 1039/1391/1352 1038/1390/1351 1040/1392/1353 1041/1393/1354
f 1039/1391/1352 1041/1393/1354 920/1259/1215 918/1257/1213
f 1041/1393/1354 1040/1392/1353 1042/1394/1355 926/1265/1221
f 1041/1393/1354 926/1265/1221 924/1263/1219 920/1259/1215
f 1042/1394/1355 1040/1392/1353 1043/1395/1356 1044/1396/1357
f 1042/1394/1355 1044/1396/1357 1045/1397/1358 929/1268/1224
f 1042/1394/1355 929/1268/1224 927/1266/1222 926/1265/1221
f 1045/1398/1359 1044/1399/1360 1046/1400/1361 1047/1401/1362
f 1045/1398/1359 1047/1401/1362 1048/1402/1363 932/1403/1364
f 1045/1397/1358 932/1271/1227 930/1269/1225 929/1268/1224
f 1048/1402/1363 1047/1401/1362 1049/1404/1365 1050/1405/1366
f 1048/1402/1363 1050/1405/1366 937/1279/1234 935/1276/1232
f 1048/1402/1363 935/1276/1232 933/1275/1231 932/1403/1364
f 1050/1405/1366 1049/1404/1365 1051/1406/1367 1052/1407/1368
f 1050/1405/1366 1052/1407/1368 939/1281/1236 937/1279/1234
f 1052/1407/1368 1051/1406/1367 1053/1408/1369 1054/1409/1370
f 1052/1407/1368 1054/1409/1370 941/1283/1238 939/1281/1236
f 1054/1409/1370 1053/1408/1369 1055/1410/1371 1056/1411/1372
f 1054/1409/1370 1056/1411/1372 1057/1412/1373 941/1283/1238
f 1057/1412/1373 1056/1411/1372 1058/1413/1374 1059/1414/1375
f 1057/1412/1373 1059/1414/1375 1060/1415/1376 944/1286/1241
f 1057/1412/1373 944/1286/1241 942/1284/1239 941/1283/1238
f 1060/1415/1376 1059/1414/1375 1061/1416/1377 1062/1417/1378
f 1060/1415/1376 1062/1417/1378 1063/1418/1379 947/1289/1244
f 1060/1415/1376 947/1289/1244 945/1287/1242 944/1286/1241
f 1063/1418/1379 1062/1417/1378 1064/1419/1380 1065/1420/1381
f 1063/1418/1379 1065/1420/1381 1066/1421/1382 950/1292/1247
f 1063/1418/1379 950/1292/1247 948/1290/1245 947/1289/1244
f 1066/1421/1382 1065/1420/1381 1067/1422/1383 1068/1423/1384
f 1066/1421/1382 1068/1423/1384 1069/1424/1385 1070/1425/1386
f 1066/1421/1382 1070/1425/1386 951/1293/1248 950/1292/1247
f 1070/1425/1386 1069/1424/1385 1071/1426/1387 1072/1427/1388
f 1070/1425/1386 1072/1427/1388 952/1294/1249 951/1293/1248
f 1072/1427/1389 1071/1426/1390 1073/1428/1391 1074/1429/1392
f 1072/1427/1389 1074/1429/1392 954/1296/1253 952/1294/1252
f 1074/1429/1392 1073/1428/1391 1075/1430/1393 1076/1431/1394
f 1074/1429/1392 1076/1431/1394 956/1298/1255 954/1296/1253
f 1076/1431/1394 1075/1430/1393 1077/1432/1395 1078/1433/1396
f 1076/1431/1394 1078/1433/1396 958/1300/1257 956/1298/1255
f 1078/1433/1396 1077/1432/1395 1079/1434/1397 963/1435/1398
f 1078/1433/1396 963/1435/1398 960/1302/1259 958/1300/1257
f 1079/1434/1397 1077/1432/1395 1080/1436/1399 1081/1437/1400
f 1079/1438/1401 1081/1439/1402 1082/1440/1403 966/1312/1269
f 1079/1438/1401 966/1312/1269 964/1309/1266 963/1308/1265
f 1082/1440/1403 969/1441/1404 967/1313/1270 966/1312/1269
f 1082/1440/1403 1081/1439/1402 1083/1442/1405 1084/1443/1406
f 1082/1440/1403 1084/1443/1406 1085/1444/1407 969/1441/1404
f 1085/1445/1408 972/1319/1276 970/1317/1274 969/1316/1273
f 1085/1444/1407 1084/1443/1406 1086/1446/1409 1087/1447/1410
f 1085/1445/1408 1087/1448/1411 1088/1449/1412 972/1319/1276
f 1088/1449/1412 975/1322/1279 973/1320/1277 972/1319/1276
f 1088/1449/1412 1087/1448/1411 1089/1450/1413 1090/1451/1414
f 1088/1449/1412 1090/1451/1414 1091/1452/1415 975/1322/1279
f 1091/1452/1415 978/1325/1282 976/1323/1280 975/1322/1279
f 1091/1452/1415 1090/1451/1414 99/1453/1416 98/1454/1417
f 1091/1452/1415 98/1454/1417 97/1455/1418 978/1325/1282
f 1090/1451/1414 1089/1450/1413 103/1456/1419 99/1453/1416
f 1089/1457/1420 1087/1447/1410 1086/1446/1409 1092/1458/1421
f 1089/1457/1420 1092/1458/1421 100/1459/1422 103/1460/1422
f 1092/1458/1423 1086/1446/1409 1093/1461/1424 1094/1462/1425
f 1092/1458/1423 1094/1462/1425 101/1463/1426 100/1459/1427
f 1094/1462/1425 1095/1464/1428 96/108/88 101/1463/1426
f 1094/1462/1425 1093/1461/1429 1096/1465/1430 1095/1464/1428
f 1096/1466/1430 1097/1467/1431 1098/1468/1432 1095/1469/1428
f 1096/1466/1430 1093/1470/1429 1083/1471/1433 1099/1472/1434
f 1096/1466/1430 1099/1472/1434 1100/1473/1435 1097/1467/1431
f 1100/1473/1435 1101/1474/1436 1102/1475/1437 1097/1467/1431
f 1100/1473/1435 1099/1472/1434 1080/1436/1399 1103/1476/1438
f 1100/1473/1435 1103/1476/1439 1104/1477/1440 1101/1474/1436
f 1104/1477/1440 1105/1478/1441 1106/1479/1442 1101/1474/1436
f 1104/1477/1440 1103/1476/1439 1075/1430/1393 1073/1428/1391
f 1104/1477/1440 1073/1428/1391 1071/1426/1390 1105/1478/1441
f 1106/1479/1443 1107/1480/1444 1108/1481/1445 1109/1482/1446
f 1106/1479/1442 1109/1482/1447 1102/1475/1437 1101/1474/1436
f 1106/1479/1443 1105/1478/1448 1110/1483/1449 1107/1480/1444
f 1110/1483/1449 1111/1484/1450 1112/1485/1451 1107/1480/1444
f 1110/1483/1449 1105/1478/1448 1071/1426/1387 1069/1424/1385
f 1110/1483/1449 1069/1424/1385 1068/1423/1384 1111/1484/1450
f 1112/1485/1451 1113/1486/1452 1114/1487/1453 1115/1488/1454
f 1112/1485/1451 1115/1488/1454 1108/1481/1445 1107/1480/1444
f 1112/1485/1451 1111/1484/1450 1116/1489/1455 1113/1486/1452
f 1116/1489/1455 1117/1490/1456 1118/1491/1457 1113/1486/1452
f 1116/1489/1455 1111/1484/1450 1068/1423/1384 1067/1422/1383
f 1116/1489/1455 1067/1422/1383 1119/1492/1458 1117/1490/1456
f 1119/1492/1458 1120/1493/1459 1121/1494/1460 1117/1490/1456
f 1119/1492/1458 1067/1422/1383 1065/1420/1381 1064/1419/1380
f 1119/1492/1458 1064/1419/1380 1122/1495/1461 1120/1493/1459
f 1122/1495/1461 1123/1496/1462 1124/1497/1463 1120/1493/1459
f 1122/1495/1461 1064/1419/1380 1062/1417/1378 1061/1416/1377
f 1122/1495/1461 1061/1416/1377 1125/1498/1464 1123/1496/1462
f 1125/1498/1464 1126/1499/1369 1127/1500/1465 1123/1496/1462
f 1125/1498/1464 1061/1416/1377 1059/1414/1375 1058/1413/1374
f 1125/1498/1464 1058/1413/1374 1128/1501/1466 1126/1499/1369
f 1128/1501/1466 1129/1502/1467 1130/1503/1468 1126/1499/1369
f 1128/1501/1466 1058/1413/1374 1056/1411/1372 1055/1410/1371
f 1128/1501/1466 1055/1410/1371 1131/1504/1469 1129/1502/1467
f 1131/1504/1469 1132/1505/1470 1133/1506/1471 1129/1502/1467
f 1131/1504/1469 1055/1410/1371 1053/1408/1369 1134/1507/1472
f 1131/1504/1469 1134/1507/1472 1135/1508/1473 1132/1505/1470
f 1135/1508/1473 1136/1509/1474 1137/1510/1470 1132/1505/1470
f 1135/1508/1473 1134/1507/1472 1138/1511/1475 1139/1512/1476
f 1135/1508/1473 1139/1512/1476 1140/1513/1477 1136/1509/1474
f 1140/1513/1477 1141/1514/1478 1142/1515/1479 1136/1509/1474
f 1140/1513/1477 1139/1512/1476 1143/1516/1480 1144/1517/1481
f 1140/1513/1477 1144/1517/1481 1145/1518/1482 1141/1514/1478
f 1145/1518/1482 1146/1519/1483 1147/1520/1484 1141/1514/1478
f 1145/1518/1482 1144/1517/1481 1148/1521/1485 1149/1522/1486
f 1145/1518/1482 1149/1522/1486 1150/1523/1487 1146/1519/1483
f 1150/1523/1487 1024/1374/1334 1022/1372/1332 1146/1519/1483
f 1150/1523/1488 1149/1522/1486 1151/1524/1489 1152/1525/1490
f 1150/1526/1488 1152/1527/1490 1026/1378/1338 1024/1377/1337
f 1152/1527/1491 1151/1528/1492 1036/1388/1349 1034/1386/1347
f 1152/1527/1491 1034/1386/1347 1028/1380/1341 1026/1378/1340
f 1151/1524/1489 1149/1522/1486 1148/1521/1485 1153/1529/1493
f 1151/1528/1492 1153/1530/1494 1038/1390/1351 1036/1388/1349
f 1153/1529/1493 1148/1521/1485 1154/1531/1495 1043/1532/1496
f 1153/1530/1494 1043/1395/1356 1040/1392/1353 1038/1390/1351
f 1154/1531/1495 1148/1521/1485 1144/1517/1481 1143/1516/1480
f 1154/1531/1495 1143/1516/1480 1155/1533/1497 1046/1400/1361
f 1154/1531/1495 1046/1400/1361 1044/1399/1360 1043/1532/1496
f 1155/1533/1497 1143/1516/1480 1139/1512/1476 1138/1511/1475
f 1155/1533/1497 1138/1511/1475 1051/1406/1367 1049/1404/1365
f 1155/1533/1497 1049/1404/1365 1047/1401/1362 1046/1400/1361
f 1147/1520/1484 1020/1370/1330 1018/1368/1328 1017/1367/1327
f 1147/1520/1484 1017/1367/1327 1142/1515/1479 1141/1514/1478
f 1147/1520/1484 1146/1519/1483 1022/1372/1332 1020/1370/1330
f 1142/1515/1479 1017/1367/1327 1015/1365/1325 1014/1364/1324
f 1142/1515/1479 1014/1364/1324 1137/1510/1470 1136/1509/1474
f 1138/1511/1475 1134/1507/1472 1053/1408/1369 1051/1406/1367
f 1137/1510/1470 1014/1364/1324 1012/1362/1322 1011/1361/1321
f 1137/1510/1470 1011/1361/1321 1133/1506/1471 1132/1505/1470
f 1133/1506/1471 1011/1361/1321 1009/1359/1319 1008/1358/1318
f 1133/1506/1471 1008/1358/1318 1130/1503/1468 1129/1502/1467
f 1130/1503/1468 1008/1358/1318 1006/1356/1316 1005/1355/1315
f 1130/1503/1468 1005/1355/1315 1127/1500/1465 1126/1499/1369
f 1127/1500/1465 1005/1355/1315 1003/1353/1313 1002/1352/1312
f 1127/1500/1465 1002/1352/1312 1124/1497/1463 1123/1496/1462
f 1124/1497/1463 1002/1352/1312 1000/1350/1310 999/1349/1309
f 1124/1497/1463 999/1349/1309 1121/1494/1460 1120/1493/1459
f 1121/1494/1460 999/1349/1309 997/1347/1307 996/1346/1306
f 1121/1494/1460 996/1346/1306 1118/1491/1457 1117/1490/1456
f 1118/1491/1457 996/1346/1306 994/1344/1304 993/1343/1303
f 1118/1491/1457 993/1343/1303 1114/1487/1453 1113/1486/1452
f 1115/1488/1454 1114/1487/1453 990/1340/1300 1156/1534/1498
f 1115/1488/1454 1156/1534/1498 1157/1535/1499 1108/1481/1445
f 1157/1535/1499 1156/1534/1498 987/1336/1296 1158/1536/1500
f 1157/1535/1499 1158/1536/1500 1159/1537/1501 1160/1538/1502
f 1157/1535/1499 1160/1538/1502 1109/1482/1446 1108/1481/1445
f 1160/1538/1503 1159/1537/1501 93/104/84 1161/1539/1504
f 1160/1538/1503 1161/1539/1504 1102/1475/1437 1109/1482/1447
f 1161/1539/1504 93/104/84 92/103/83 1098/1468/1505
f 1161/1539/1504 1098/1468/1505 1097/1467/1431 1102/1475/1437
f 1159/1537/1501 1158/1536/1500 984/1540/1506 1162/1541/1507
f 1159/1537/1501 1162/1541/1507 94/105/85 93/104/84
f 1162/1542/1508 984/1543/1290 982/1544/1289 981/1545/1509
f 1162/1542/1508 981/1545/1509 97/112/92 94/111/91
f 1158/1536/1500 987/1336/1296 985/1335/1295 984/1540/1506
f 1156/1534/1498 990/1340/1300 988/1337/1297 987/1336/1296
f 1114/1487/1453 993/1343/1303 991/1341/1301 990/1340/1300
f 1103/1476/1438 1080/1436/1399 1077/1432/1395 1075/1430/1393
f 1099/1472/1434 1083/1471/1433 1081/1437/1400 1080/1436/1399
f 1098/1546/1432 92/109/89 96/108/88 1095/1464/1428
f 1093/1461/1424 1086/1446/1409 1084/1443/1406 1083/1442/1405
f 981/1328/1285 979/1326/1283 978/1325/1282 97/1455/1418
f 904/1240/1196 858/1180/1128 856/1178/1126 855/1177/1125
f 839/1159/1107 619/905/841 1163/1547/1510 1164/1548/1511
f 839/1159/1107 1164/1548/1511 834/1154/1102 833/1153/1101
f 839/1159/1107 838/1158/1106 620/906/842 619/905/841
f 1164/1548/1511 1163/1547/1510 1165/1549/1512 1166/1550/1513
f 1164/1548/1511 1166/1550/1513 1167/1551/1514 834/1154/1102
f 1167/1551/1514 1166/1550/1513 1168/1552/1515 1169/1553/1516
f 1167/1551/1514 1169/1553/1516 1170/1554/1517 829/1149/1097
f 1167/1551/1514 829/1149/1097 828/1148/1096 834/1154/1102
f 1170/1554/1517 1169/1553/1516 1171/1555/1518 1172/1556/1519
f 1170/1554/1517 1172/1556/1519 1173/1557/1520 824/1144/1092
f 1170/1554/1517 824/1144/1092 823/1143/1091 829/1149/1097
f 1173/1557/1520 1172/1556/1519 1174/1558/1521 1175/1559/1522
f 1173/1557/1520 1175/1559/1522 1176/1560/1523 819/1139/1087
f 1173/1557/1520 819/1139/1087 818/1138/1086 824/1144/1092
f 1176/1560/1523 1175/1559/1522 1177/1561/1524 1178/1562/1525
f 1176/1560/1523 1178/1562/1525 1179/1563/1526 814/1134/1082
f 1176/1560/1523 814/1134/1082 813/1133/1081 819/1139/1087
f 1179/1563/1526 1178/1562/1525 1180/1564/1527 1181/1565/1528
f 1179/1563/1526 1181/1565/1528 1182/1566/1529 809/1129/1077
f 1179/1563/1526 809/1129/1077 808/1128/1076 814/1134/1082
f 1182/1566/1529 1181/1565/1528 1183/1567/1530 1184/1568/1531
f 1182/1566/1529 1184/1568/1531 1185/1569/1532 804/1124/1072
f 1182/1566/1529 804/1124/1072 803/1123/1071 809/1129/1077
f 1185/1569/1532 1184/1568/1531 1186/1570/1533 1187/1571/1534
f 1185/1569/1532 1187/1571/1534 1188/1572/1535 799/1119/1067
f 1185/1569/1532 799/1119/1067 798/1118/1066 804/1124/1072
f 1188/1573/1536 1187/1574/1537 1189/1575/1538 1190/1576/1539
f 1188/1573/1536 1190/1576/1539 1191/1577/1540 794/1578/1541
f 1188/1572/1535 794/1114/1062 793/1113/1061 799/1119/1067
f 1191/1579/1542 1190/1580/1543 1192/1581/1544 1193/1582/1545
f 1191/1579/1542 1193/1582/1545 1194/1583/1546 789/1584/1547
f 1191/1577/1540 789/1106/1054 788/1105/1053 794/1578/1541
f 1194/1583/1546 1193/1582/1545 1195/1585/1548 1196/1586/1549
f 1194/1583/1546 1196/1586/1549 1197/1587/1550 784/1098/1046
f 1194/1583/1546 784/1098/1046 783/1097/1045 789/1584/1547
f 1197/1587/1550 1196/1586/1549 1198/1588/1551 1199/1589/1552
f 1197/1587/1550 1199/1589/1552 1200/1590/1553 779/1093/1041
f 1197/1587/1550 779/1093/1041 778/1092/1040 784/1098/1046
f 1200/1590/1553 1199/1589/1552 1201/1591/1554 1202/1592/1555
f 1200/1590/1553 1202/1592/1555 1203/1593/1556 774/1088/1036
f 1200/1590/1553 774/1088/1036 773/1087/1035 779/1093/1041
f 1203/1593/1556 1202/1592/1555 1204/1594/1557 1205/1595/1558
f 1203/1593/1556 1205/1595/1558 1206/1596/1559 769/1083/1031
f 1203/1593/1556 769/1083/1031 768/1082/1030 774/1088/1036
f 1206/1596/1559 1205/1595/1558 1207/1597/1560 1208/1598/1561
f 1206/1596/1559 1208/1598/1561 1209/1599/1562 764/1078/1026
f 1206/1596/1559 764/1078/1026 763/1077/1025 769/1083/1031
f 1209/1599/1562 1208/1598/1561 1210/1600/1563 1211/1601/1564
f 1209/1599/1562 1211/1601/1564 1212/1602/1565 759/1073/1021
f 1209/1599/1562 759/1073/1021 758/1072/1020 764/1078/1026
f 1212/1602/1565 1211/1601/1564 1213/1603/1566 1214/1604/1567
f 1212/1602/1565 1214/1604/1567 1215/1605/1568 754/1068/1016
f 1212/1602/1565 754/1068/1016 753/1067/1015 759/1073/1021
f 1215/1605/1568 1214/1604/1567 1216/1606/1569 1217/1607/1570
f 1215/1605/1568 1217/1607/1570 1218/1608/1571 749/1063/1011
f 1215/1605/1568 749/1063/1011 748/1062/1010 754/1068/1016
f 1218/1608/1571 1217/1607/1570 1219/1609/1572 1220/1610/1573
f 1218/1608/1571 1220/1610/1573 1221/1611/1574 744/1058/1004
f 1218/1608/1571 744/1058/1004 743/1057/1003 749/1063/1011
f 1221/1611/1574 1220/1610/1573 1222/1612/1575 1223/1613/1576
f 1221/1611/1574 1223/1613/1576 1224/1614/1577 739/1051/1578
f 1221/1611/1574 739/1051/1578 738/1050/1005 744/1058/1004
f 1224/1614/1577 1223/1613/1576 1225/1615/1579 1226/1616/1580
f 1224/1614/1581 1226/1616/1582 1227/1617/1583 736/1618/992
f 1224/1614/1581 736/1618/992 735/1052/997 739/1051/996
f 1227/1619/1583 1226/1620/1582 137/182/159 139/181/158
f 1227/1619/1583 139/181/158 125/153/133 120/145/125
f 1227/1619/1583 120/145/125 119/144/124 736/1047/992
f 1226/1616/1580 1225/1615/1579 138/177/154 137/176/153
f 1225/1615/1579 1228/1621/1584 1229/1622/1585 138/177/154
f 1225/1615/1579 1223/1613/1576 1222/1612/1575 1228/1621/1584
f 1229/1622/1585 1230/1623/1586 1231/1624/1587 1232/1625/1588
f 1229/1622/1585 1232/1625/1588 134/178/155 138/177/154
f 1229/1622/1585 1228/1621/1584 1233/1626/1589 1230/1623/1586
f 1233/1626/1589 1234/1627/1590 1235/1628/1591 1230/1623/1586
f 1233/1626/1589 1228/1621/1584 1222/1612/1575 1236/1629/1592
f 1233/1626/1589 1236/1629/1592 1237/1630/1593 1234/1627/1590
f 1237/1630/1593 1238/1631/1594 1239/1632/1595 1234/1627/1590
f 1237/1630/1593 1236/1629/1592 1219/1609/1572 1240/1633/1596
f 1237/1630/1593 1240/1633/1596 1241/1634/1597 1238/1631/1594
f 1241/1634/1597 1242/1635/1598 1243/1636/1599 1238/1631/1594
f 1241/1634/1597 1240/1633/1596 1216/1606/1569 1244/1637/1600
f 1241/1634/1597 1244/1637/1600 1245/1638/1601 1242/1635/1598
f 1245/1638/1601 1246/1639/1602 1247/1640/1603 1242/1635/1598
f 1245/1638/1601 1244/1637/1600 1213/1603/1566 1248/1641/1604
f 1245/1638/1601 1248/1641/1604 1249/1642/1605 1246/1639/1602
f 1249/1642/1605 1250/1643/1606 1251/1644/1607 1246/1639/1602
f 1249/1642/1605 1248/1641/1604 1210/1600/1563 1252/1645/1608
f 1249/1642/1605 1252/1645/1608 1253/1646/1609 1250/1643/1606
f 1253/1646/1609 1254/1647/1610 1255/1648/1611 1250/1643/1606
f 1253/1646/1609 1252/1645/1608 1207/1597/1560 1256/1649/1612
f 1253/1646/1609 1256/1649/1612 1257/1650/1613 1254/1647/1610
f 1257/1650/1613 1258/1651/1614 1259/1652/1615 1254/1647/1610
f 1257/1650/1613 1256/1649/1612 1204/1594/1557 1260/1653/1616
f 1257/1650/1613 1260/1653/1616 1261/1654/1617 1258/1651/1614
f 1261/1654/1617 1262/1655/1618 1263/1656/1619 1258/1651/1614
f 1261/1654/1617 1260/1653/1616 1201/1591/1554 1264/1657/1620
f 1261/1654/1617 1264/1657/1620 1265/1658/1621 1262/1655/1618
f 1265/1658/1621 1266/1659/1622 1267/1660/1623 1262/1655/1618
f 1265/1658/1621 1264/1657/1620 1198/1588/1551 1268/1661/1624
f 1265/1658/1621 1268/1661/1624 1269/1662/1625 1266/1659/1622
f 1269/1662/1625 1270/1663/1626 1271/1664/1627 1266/1659/1622
f 1269/1662/1625 1268/1661/1624 1195/1585/1548 1272/1665/1628
f 1269/1662/1625 1272/1665/1628 1273/1666/1629 1270/1663/1626
f 1273/1666/1629 1274/1667/1630 1275/1668/1631 1270/1663/1626
f 1273/1666/1629 1272/1665/1628 1192/1581/1544 1276/1669/1632
f 1273/1666/1629 1276/1669/1632 1277/1670/1633 1274/1667/1630
f 1277/1670/1633 1278/1671/1634 1279/1672/1635 1274/1667/1630
f 1277/1670/1633 1276/1669/1632 1189/1673/1636 1280/1674/1637
f 1277/1670/1633 1280/1674/1637 1281/1675/1638 1278/1671/1634
f 1281/1675/1638 1282/1676/1639 1283/1677/1640 1278/1671/1634
f 1281/1678/1641 1280/1679/1642 1186/1680/1643 1284/1681/1644
f 1281/1678/1641 1284/1681/1644 1285/1682/1645 1282/1683/1646
f 1285/1682/1645 1286/1684/1647 1287/1685/1648 1282/1683/1646
f 1285/1686/1649 1284/1687/1650 1183/1567/1530 1288/1688/1651
f 1285/1686/1649 1288/1688/1651 1289/1689/1652 1286/1690/1653
f 1289/1689/1652 1290/1691/1654 1291/1692/1655 1286/1690/1653
f 1289/1689/1652 1288/1688/1651 1180/1564/1527 1292/1693/1656
f 1289/1689/1652 1292/1693/1656 1293/1694/1657 1290/1691/1654
f 1293/1694/1657 1294/1695/1658 1295/1696/1659 1290/1691/1654
f 1293/1694/1657 1292/1693/1656 1177/1561/1524 1296/1697/1660
f 1293/1694/1657 1296/1697/1660 1297/1698/1661 1294/1695/1658
f 1297/1698/1661 1298/1699/1662 1299/1700/1663 1294/1695/1658
f 1297/1698/1661 1296/1697/1660 1174/1558/1521 1300/1701/1664
f 1297/1698/1661 1300/1701/1664 1301/1702/1665 1298/1699/1662
f 1301/1702/1665 435/1703/600 434/1704/599 1298/1699/1662
f 1301/1702/1665 1300/1701/1664 1171/1555/1518 1302/1705/1666
f 1301/1702/1665 1302/1705/1666 437/1706/603 435/1703/600
f 1302/1705/1666 1171/1555/1518 1169/1553/1516 1168/1552/1515
f 1302/1705/1666 1168/1552/1515 1303/1707/1667 437/1706/603
f 1303/1708/1667 440/676/608 438/672/604 437/671/603
f 1303/1707/1667 1168/1552/1515 1166/1550/1513 1165/1549/1512
f 1303/1707/1667 1165/1549/1512 1304/1709/1668 440/1710/608
f 1304/1711/1668 443/1712/1669 441/677/609 440/676/608
f 1304/1709/1668 1165/1549/1512 1163/1547/1510 616/1713/837
f 1304/1711/1668 616/899/837 615/898/836 443/1712/1669
f 1300/1701/1664 1174/1558/1521 1172/1556/1519 1171/1555/1518
f 1299/1700/1663 433/1714/598 1305/1715/1670 1306/1716/1671
f 1299/1700/1663 1306/1716/1671 1295/1696/1659 1294/1695/1658
f 1299/1700/1663 1298/1699/1662 434/1704/599 433/1714/598
f 1306/1716/1671 1305/1715/1670 1307/1717/1672 1308/1718/1673
f 1306/1716/1671 1308/1718/1673 1309/1719/1674 1295/1696/1659
f 1309/1720/1675 1308/1721/1676 1310/1722/1677 1311/1723/1678
f 1309/1720/1675 1311/1723/1678 1312/1724/1679 1291/1725/1680
f 1309/1719/1674 1291/1692/1655 1290/1691/1654 1295/1696/1659
f 1312/1726/1681 1311/1727/1682 1313/1728/1683 1314/1729/1684
f 1312/1726/1681 1314/1729/1684 1315/1730/1685 1287/1731/1686
f 1312/1724/1679 1287/1685/1648 1286/1684/1647 1291/1725/1680
f 1315/1730/1685 1314/1729/1684 1316/1732/1687 1317/1733/1688
f 1315/1730/1685 1317/1733/1688 1318/1734/1689 1283/1677/1640
f 1315/1730/1685 1283/1677/1640 1282/1676/1639 1287/1731/1686
f 1318/1734/1689 1317/1733/1688 1319/1735/1690 1320/1736/1691
f 1318/1734/1689 1320/1736/1691 1321/1737/1692 1279/1672/1635
f 1318/1734/1689 1279/1672/1635 1278/1671/1634 1283/1677/1640
f 1321/1737/1692 1320/1736/1691 1322/1738/1693 1323/1739/1694
f 1321/1737/1692 1323/1739/1694 1324/1740/1695 1275/1668/1631
f 1321/1737/1692 1275/1668/1631 1274/1667/1630 1279/1672/1635
f 1324/1740/1695 1323/1739/1694 1325/1741/1696 1326/1742/1697
f 1324/1740/1695 1326/1742/1697 1327/1743/1698 1271/1664/1627
f 1324/1740/1695 1271/1664/1627 1270/1663/1626 1275/1668/1631
f 1327/1743/1698 1326/1742/1697 1328/1744/1699 1329/1745/1700
f 1327/1743/1698 1329/1745/1700 1330/1746/1701 1267/1660/1623
f 1327/1743/1698 1267/1660/1623 1266/1659/1622 1271/1664/1627
f 1330/1746/1701 1329/1745/1700 1331/1747/1702 1332/1748/1703
f 1330/1746/1701 1332/1748/1703 1333/1749/1704 1263/1656/1619
f 1330/1746/1701 1263/1656/1619 1262/1655/1618 1267/1660/1623
f 1333/1749/1704 1332/1748/1703 1334/1750/1705 1335/1751/1706
f 1333/1749/1704 1335/1751/1706 1336/1752/1707 1259/1652/1615
f 1333/1749/1704 1259/1652/1615 1258/1651/1614 1263/1656/1619
f 1336/1752/1707 1335/1751/1706 1337/1753/1708 1338/1754/1709
f 1336/1752/1707 1338/1754/1709 1339/1755/1710 1255/1648/1611
f 1336/1752/1707 1255/1648/1611 1254/1647/1610 1259/1652/1615
f 1339/1755/1710 1338/1754/1709 1340/1756/1711 1341/1757/1712
f 1339/1755/1710 1341/1757/1712 1342/1758/1713 1251/1644/1607
f 1339/1755/1710 1251/1644/1607 1250/1643/1606 1255/1648/1611
f 1342/1758/1713 1341/1757/1712 1343/1759/1714 1344/1760/1715
f 1342/1758/1713 1344/1760/1715 1345/1761/1716 1247/1640/1603
f 1342/1758/1713 1247/1640/1603 1246/1639/1602 1251/1644/1607
f 1345/1761/1716 1344/1760/1715 1346/1762/1717 1347/1763/1718
f 1345/1761/1716 1347/1763/1718 1348/1764/1719 1243/1636/1599
f 1345/1761/1716 1243/1636/1599 1242/1635/1598 1247/1640/1603
f 1348/1764/1719 1347/1763/1718 1349/1765/1720 1350/1766/1721
f 1348/1764/1719 1350/1766/1721 1351/1767/1722 1239/1632/1595
f 1348/1764/1719 1239/1632/1595 1238/1631/1594 1243/1636/1599
f 1351/1767/1722 1350/1766/1721 1352/1768/1723 1353/1769/1724
f 1351/1767/1722 1353/1769/1724 1354/1770/1725 1235/1628/1591
f 1351/1767/1722 1235/1628/1591 1234/1627/1590 1239/1632/1595
f 1354/1770/1725 1353/1769/1724 1355/1771/1726 1356/1772/1727
f 1354/1773/1725 1356/1774/1727 1357/1775/1728 1231/1776/1729
f 1354/1770/1725 1231/1624/1587 1230/1623/1586 1235/1628/1591
f 1357/1775/1728 1356/1774/1730 1358/1777/1731 1359/1778/1732
f 1357/1775/1728 1359/1778/1732 1360/1779/1733 1361/1780/1734
f 1357/1775/1728 1361/1780/1734 1232/1781/1735 1231/1776/1729
f 1361/1780/1734 1360/1779/1733 1362/1782/1736 135/173/150
f 1361/1780/1734 135/173/150 134/172/149 1232/1781/1735
f 1362/1782/1736 1360/1779/1733 1363/1783/1737 1364/1784/1738
f 1362/1782/1736 1364/1784/1738 1365/1785/1739 1366/1786/1740
f 1362/1782/1736 1366/1786/1740 136/174/151 135/173/150
f 1366/1787/1741 1365/1788/1742 123/150/130 125/153/133
f 1366/1787/1741 125/153/133 139/181/158 136/180/157
f 1365/1785/1739 1364/1784/1738 1367/1789/1743 151/1790/1744
f 1365/1788/1742 151/202/177 124/151/131 123/150/130
f 1367/1789/1743 1368/1791/1745 144/192/168 148/196/1746
f 1367/1789/1743 148/196/1746 152/1792/1747 151/1790/1744
f 1367/1789/1743 1364/1784/1738 1363/1783/1737 1368/1791/1745
f 1368/1791/1745 1369/1793/1748 145/193/169 144/192/168
f 1368/1791/1745 1363/1783/1737 1370/1794/1749 1369/1793/1748
f 1370/1794/1749 1371/1795/1750 1372/1796/1751 1369/1793/1748
f 1370/1794/1749 1363/1783/1737 1360/1779/1733 1359/1778/1732
f 1370/1794/1749 1359/1778/1732 1358/1777/1731 1371/1795/1750
f 1372/1796/1751 1373/1797/1752 1374/1798/1753 1375/1799/1754
f 1372/1796/1751 1375/1799/1754 145/193/169 1369/1793/1748
f 1372/1796/1751 1371/1795/1750 1376/1800/1755 1373/1797/1752
f 1376/1800/1755 1377/1801/1756 1378/1802/1757 1373/1797/1752
f 1376/1800/1755 1371/1795/1750 1358/1777/1731 1379/1803/1758
f 1376/1800/1755 1379/1803/1758 1380/1804/1759 1377/1801/1756
f 1380/1804/1759 1381/1805/1760 1382/1806/1761 1377/1801/1756
f 1380/1804/1759 1379/1803/1758 1355/1807/1762 1383/1808/1763
f 1380/1804/1759 1383/1808/1763 1384/1809/1764 1381/1805/1760
f 1384/1809/1764 1385/1810/1765 1386/1811/1766 1381/1805/1760
f 1384/1812/1767 1383/1813/1768 1352/1768/1723 1387/1814/1769
f 1384/1812/1767 1387/1814/1769 1388/1815/1770 1385/1816/1771
f 1388/1815/1770 1389/1817/1772 1390/1818/1773 1385/1816/1771
f 1388/1815/1770 1387/1814/1769 1349/1765/1720 1391/1819/1774
f 1388/1815/1770 1391/1819/1774 1392/1820/1775 1389/1817/1772
f 1392/1820/1775 1393/1821/1776 1394/1822/1777 1389/1817/1772
f 1392/1820/1775 1391/1819/1774 1346/1762/1717 1395/1823/1778
f 1392/1820/1775 1395/1823/1778 1396/1824/1779 1393/1821/1776
f 1396/1824/1779 1397/1825/1780 1398/1826/1781 1393/1821/1776
f 1396/1824/1779 1395/1823/1778 1343/1759/1714 1399/1827/1782
f 1396/1824/1779 1399/1827/1782 1400/1828/1783 1397/1825/1780
f 1400/1828/1783 1401/1829/1784 1402/1830/1785 1397/1825/1780
f 1400/1828/1783 1399/1827/1782 1340/1756/1711 1403/1831/1786
f 1400/1828/1783 1403/1831/1786 1404/1832/1787 1401/1829/1784
f 1404/1832/1787 1405/1833/1788 1406/1834/1789 1401/1829/1784
f 1404/1832/1787 1403/1831/1786 1337/1753/1708 1407/1835/1790
f 1404/1832/1787 1407/1835/1790 1408/1836/1791 1405/1833/1788
f 1408/1836/1791 1409/1837/1792 1410/1838/1793 1405/1833/1788
f 1408/1836/1791 1407/1835/1790 1334/1750/1705 1411/1839/1794
f 1408/1836/1791 1411/1839/1794 1412/1840/1795 1409/1837/1792
f 1412/1840/1795 1413/1841/1796 1414/1842/1797 1409/1837/1792
f 1412/1840/1795 1411/1839/1794 1331/1747/1702 1415/1843/1798
f 1412/1840/1795 1415/1843/1798 1416/1844/1799 1413/1841/1796
f 1416/1844/1799 1417/1845/1800 1418/1846/1801 1413/1841/1796
f 1416/1844/1799 1415/1843/1798 1328/1744/1699 1419/1847/1802
f 1416/1844/1799 1419/1847/1802 1420/1848/1803 1417/1845/1800
f 1420/1848/1803 1421/1849/1804 1422/1850/1805 1417/1845/1800
f 1420/1848/1803 1419/1847/1802 1325/1741/1696 1423/1851/1806
f 1420/1848/1803 1423/1851/1806 1424/1852/1807 1421/1849/1804
f 1424/1852/1807 1425/1853/1808 1426/1854/1809 1421/1849/1804
f 1424/1852/1807 1423/1851/1806 1322/1738/1693 1427/1855/1810
f 1424/1852/1807 1427/1855/1810 1428/1856/1811 1425/1853/1808
f 1428/1856/1811 1429/1857/1812 1430/1858/1813 1425/1853/1808
f 1428/1856/1811 1427/1855/1810 1319/1735/1690 1431/1859/1814
f 1428/1856/1811 1431/1859/1814 1432/1860/1815 1429/1857/1812
f 1432/1860/1815 1433/1861/1816 1434/1862/1817 1429/1857/1812
f 1432/1860/1815 1431/1859/1814 1316/1732/1687 1435/1863/1818
f 1432/1860/1815 1435/1863/1818 1436/1864/1819 1433/1861/1816
f 1436/1864/1819 1437/1865/1820 1438/1866/1821 1433/1861/1816
f 1436/1864/1819 1435/1863/1818 1313/1728/1683 1439/1867/1822
f 1436/1864/1819 1439/1867/1822 1440/1868/1823 1437/1865/1820
f 1440/1868/1823 1441/1869/1824 1442/1870/1825 1437/1865/1820
f 1440/1868/1823 1439/1867/1822 1310/1871/1826 1443/1872/1827
f 1440/1868/1823 1443/1872/1827 1444/1873/1828 1441/1869/1824
f 1444/1873/1828 46/8/7 49/7/6 1441/1869/1824
f 1444/1874/1829 1443/1875/1830 1307/1876/1831 1445/1877/1832
f 1444/1874/1829 1445/1877/1832 47/3/3 46/2/2
f 1445/1878/1833 1307/1879/1672 1305/1880/1670 430/662/594
f 1445/1878/1833 430/662/594 51/661/593 47/1881/1834
f 1443/1875/1830 1310/1722/1677 1308/1721/1676 1307/1876/1831
f 1442/1870/1825 1446/1882/1835 422/648/580 1447/1883/1836
f 1442/1870/1825 1447/1883/1836 1438/1866/1821 1437/1865/1820
f 1442/1870/1825 1441/1869/1824 49/7/6 1446/1882/1835
f 1447/1883/1836 422/648/580 418/642/574 417/641/573
f 1447/1883/1836 417/641/573 1448/1884/1837 1438/1866/1821
f 1448/1884/1837 417/641/573 413/637/568 412/636/567
f 1448/1884/1837 412/636/567 1449/1885/1838 1434/1862/1817
f 1448/1884/1837 1434/1862/1817 1433/1861/1816 1438/1866/1821
f 1449/1885/1838 412/636/567 408/632/563 407/631/562
f 1449/1885/1838 407/631/562 1450/1886/1839 1430/1858/1813
f 1449/1885/1838 1430/1858/1813 1429/1857/1812 1434/1862/1817
f 1450/1886/1839 407/631/562 403/627/558 402/626/557
f 1450/1886/1839 402/626/557 1451/1887/1840 1426/1854/1809
f 1450/1886/1839 1426/1854/1809 1425/1853/1808 1430/1858/1813
f 1451/1887/1840 402/626/557 398/622/553 397/621/552
f 1451/1887/1840 397/621/552 1452/1888/1841 1422/1850/1805
f 1451/1887/1840 1422/1850/1805 1421/1849/1804 1426/1854/1809
f 1452/1888/1841 397/621/552 393/617/548 392/616/547
f 1452/1888/1841 392/616/547 1453/1889/1842 1418/1846/1801
f 1452/1888/1841 1418/1846/1801 1417/1845/1800 1422/1850/1805
f 1453/1889/1842 392/616/547 388/612/543 387/611/542
f 1453/1889/1842 387/611/542 1454/1890/1843 1414/1842/1797
f 1453/1889/1842 1414/1842/1797 1413/1841/1796 1418/1846/1801
f 1454/1890/1843 387/611/542 383/607/538 382/606/537
f 1454/1890/1843 382/606/537 1455/1891/1844 1410/1838/1793
f 1454/1890/1843 1410/1838/1793 1409/1837/1792 1414/1842/1797
f 1455/1891/1844 382/606/537 378/602/533 377/601/532
f 1455/1891/1844 377/601/532 1456/1892/1845 1406/1834/1789
f 1455/1891/1844 1406/1834/1789 1405/1833/1788 1410/1838/1793
f 1456/1892/1845 377/601/532 373/597/528 372/596/527
f 1456/1892/1845 372/596/527 1457/1893/1846 1402/1830/1785
f 1456/1892/1845 1402/1830/1785 1401/1829/1784 1406/1834/1789
f 1457/1893/1846 372/596/527 368/591/522 367/590/521
f 1457/1893/1846 367/590/521 1458/1894/1847 1398/1826/1781
f 1457/1893/1846 1398/1826/1781 1397/1825/1780 1402/1830/1785
f 1458/1894/1847 367/590/521 363/584/520 362/583/1848
f 1458/1894/1847 362/583/1848 1459/1895/1849 1394/1822/1777
f 1458/1894/1847 1394/1822/1777 1393/1821/1776 1398/1826/1781
f 1459/1895/1850 362/583/514 358/582/513 357/1896/1851
f 1459/1895/1850 357/1896/1851 1460/1897/1852 1390/1818/1853
f 1459/1895/1849 1390/1818/1773 1389/1817/1772 1394/1822/1777
f 1460/1898/1854 357/576/507 353/572/503 352/571/502
f 1460/1898/1854 352/571/502 1461/1899/1855 1386/1811/1766
f 1460/1898/1852 1386/1811/1766 1385/1810/1765 1390/1900/1853
f 1461/1899/1855 352/571/502 348/567/498 347/566/497
f 1461/1899/1855 347/566/497 1462/1901/1856 1382/1806/1761
f 1461/1899/1855 1382/1806/1761 1381/1805/1760 1386/1811/1766
f 1462/1901/1856 347/566/497 343/562/493 342/561/492
f 1462/1901/1856 342/561/492 1463/1902/1857 1378/1802/1757
f 1462/1901/1856 1378/1802/1757 1377/1801/1756 1382/1806/1761
f 1463/1902/1857 342/561/492 338/557/488 337/556/487
f 1463/1902/1857 337/556/487 1464/1903/1858 1374/1798/1753
f 1463/1902/1857 1374/1798/1753 1373/1797/1752 1378/1802/1757
f 1464/1903/1858 337/556/487 333/552/483 332/551/482
f 1464/1903/1858 332/551/482 1465/1904/1859 1466/1905/1860
f 1464/1903/1858 1466/1905/1860 1375/1799/1754 1374/1798/1753
f 1466/1905/1860 1465/1904/1859 159/218/190 146/194/170
f 1466/1905/1860 146/194/170 145/193/169 1375/1799/1754
f 1465/1904/1859 332/551/482 328/547/478 327/546/477
f 1465/1904/1859 327/546/477 190/290/243 159/218/190
f 1446/1882/1835 427/1906/1861 423/649/581 422/648/580
f 1446/1882/1835 49/7/6 48/6/5 427/1906/1861
f 1439/1867/1822 1313/1728/1683 1311/1727/1682 1310/1871/1826
f 1435/1863/1818 1316/1732/1687 1314/1729/1684 1313/1728/1683
f 1431/1859/1814 1319/1735/1690 1317/1733/1688 1316/1732/1687
f 1427/1855/1810 1322/1738/1693 1320/1736/1691 1319/1735/1690
f 1423/1851/1806 1325/1741/1696 1323/1739/1694 1322/1738/1693
f 1419/1847/1802 1328/1744/1699 1326/1742/1697 1325/1741/1696
f 1415/1843/1798 1331/1747/1702 1329/1745/1700 1328/1744/1699
f 1411/1839/1794 1334/1750/1705 1332/1748/1703 1331/1747/1702
f 1407/1835/1790 1337/1753/1708 1335/1751/1706 1334/1750/1705
f 1403/1831/1786 1340/1756/1711 1338/1754/1709 1337/1753/1708
f 1399/1827/1782 1343/1759/1714 1341/1757/1712 1340/1756/1711
f 1395/1823/1778 1346/1762/1717 1344/1760/1715 1343/1759/1714
f 1391/1819/1774 1349/1765/1720 1347/1763/1718 1346/1762/1717
f 1387/1814/1769 1352/1768/1723 1350/1766/1721 1349/1765/1720
f 1383/1813/1768 1355/1771/1726 1353/1769/1724 1352/1768/1723
f 1379/1803/1758 1358/1777/1731 1356/1774/1730 1355/1807/1762
f 1305/1880/1670 433/666/598 431/663/595 430/662/594
f 1296/1697/1660 1177/1561/1524 1175/1559/1522 1174/1558/1521
f 1292/1693/1656 1180/1564/1527 1178/1562/1525 1177/1561/1524
f 1288/1688/1651 1183/1567/1530 1181/1565/1528 1180/1564/1527
f 1284/1687/1650 1186/1570/1533 1184/1568/1531 1183/1567/1530
f 1280/1679/1642 1189/1575/1538 1187/1574/1537 1186/1680/1643
f 1276/1669/1632 1192/1581/1544 1190/1580/1543 1189/1673/1636
f 1272/1665/1628 1195/1585/1548 1193/1582/1545 1192/1581/1544
f 1268/1661/1624 1198/1588/1551 1196/1586/1549 1195/1585/1548
f 1264/1657/1620 1201/1591/1554 1199/1589/1552 1198/1588/1551
f 1260/1653/1616 1204/1594/1557 1202/1592/1555 1201/1591/1554
f 1256/1649/1612 1207/1597/1560 1205/1595/1558 1204/1594/1557
f 1252/1645/1608 1210/1600/1563 1208/1598/1561 1207/1597/1560
f 1248/1641/1604 1213/1603/1566 1211/1601/1564 1210/1600/1563
f 1244/1637/1600 1216/1606/1569 1214/1604/1567 1213/1603/1566
f 1240/1633/1596 1219/1609/1572 1217/1607/1570 1216/1606/1569
f 1236/1629/1592 1222/1612/1575 1220/1610/1573 1219/1609/1572
f 1163/1547/1510 619/905/841 617/904/838 616/1713/837
f 838/1158/1106 624/913/847 621/907/843 620/906/842
f 679/982/923 677/980/921 676/979/920 70/1219/1174
f 664/967/908 661/963/903 659/960/899 658/959/898
f 615/896/834 446/895/833 444/681/613 443/680/612
f 613/892/830 449/692/829 447/687/618 446/686/617
f 612/890/827 57/37/32 61/36/31 608/891/828
f 609/886/822 452/1907/821 450/693/624 449/692/623
f 606/881/816 455/699/631 453/697/629 452/696/628
f 604/878/812 458/702/634 456/700/632 455/699/631
f 602/876/807 461/705/637 459/703/635 458/702/634
f 601/965/805 600/1908/804 66/54/1862 68/53/1862
f 598/871/801 464/708/640 462/706/638 461/705/637
f 594/870/800 467/711/643 465/709/641 464/708/640
f 590/860/790 470/716/648 468/715/647 467/864/794
f 586/856/786 473/720/652 471/717/649 470/716/648
f 582/852/782 476/723/655 474/721/653 473/720/652
f 578/848/778 479/726/658 477/724/656 476/723/655
f 574/844/774 482/729/661 480/727/659 479/726/658
f 570/840/770 485/732/664 483/730/662 482/729/661
f 569/839/769 1467/1909/1863 565/835/765 564/834/764
f 1467/1909/1863 90/1910/1864 89/1911/1865 565/835/765
f 566/836/766 488/735/667 486/733/665 485/732/664
f 565/835/765 89/1911/1865 561/831/761 560/830/760
f 562/832/762 491/738/670 489/736/668 488/735/667
f 558/827/757 494/741/673 492/739/671 491/738/670
f 554/826/756 497/744/676 495/742/674 494/741/673
f 550/816/746 500/749/681 498/748/680 497/820/750
f 546/812/742 503/753/685 501/750/682 500/749/681
f 542/808/738 506/756/688 504/754/686 503/753/685
f 538/804/734 537/803/733 507/757/689 506/756/688
f 537/803/733 533/799/729 523/798/716 511/762/695
f 537/803/733 511/762/695 508/758/691 507/757/690
f 529/792/723 115/136/116 111/135/115 112/793/724
f 428/657/589 427/656/588 48/12/10 50/11/9
f 327/546/477 323/542/470 187/286/239 190/290/243
f 220/342/290 219/341/289 33/1912/1866 182/305/255
f 219/339/287 218/338/286 193/761/694 33/272/700
f 216/335/283 1468/1913/1867 1469/1914/1868 1470/1915/1869
f 216/335/283 1470/1915/1869 211/325/273 213/324/272
f 216/335/283 215/334/282 1471/1916/1870 1468/1913/1867
f 1471/1916/1870 1472/1917/1871 1473/1918/1872 1468/1913/1867
f 1471/1919/1873 215/328/276 214/327/275 1474/1920/1874
f 1471/1919/1873 1474/1920/1874 1475/1921/1875 1472/1922/1876
f 1475/1923/1875 207/314/1877 206/313/1877 1472/1917/1876
f 1475/1924/1878 1474/1925/1879 1476/1926/1880 1477/1927/1881
f 1475/1924/1878 1477/1927/1881 208/317/267 207/316/266
f 1477/1928/1882 1476/1929/1883 1470/1930/1884 1469/1931/1885
f 1477/1928/1882 1469/1931/1885 1478/1932/1886 208/1933/1887
f 1478/1932/1886 198/1934/1888 192/1935/1888 208/1933/1887
f 1478/1936/1889 1469/1914/1868 1468/1913/1867 1473/1918/1872
f 1478/1936/1889 1473/1918/1872 1479/1937/1890 198/301/251
f 1479/1937/1890 1480/1938/1891 195/297/247 198/301/251
f 1479/1937/1890 1473/1918/1872 1472/1917/1871 206/313/1892
f 1479/1937/1890 206/313/1892 205/312/262 1480/1938/1891
f 1480/1938/1891 1481/1939/1893 196/298/248 195/297/247
f 1480/1938/1891 205/312/262 202/307/257 1481/1939/1893
f 1481/1939/1893 183/279/232 181/268/229 196/298/248
f 1481/1939/1893 202/307/257 201/306/256 183/279/232
f 1476/1926/1880 1474/1925/1879 214/331/279 212/320/278
f 1476/1929/1883 212/1940/270 211/1941/269 1470/1930/1884
f 203/309/395 184/460/394 183/279/232 201/306/256
f 197/299/249 196/298/248 181/268/229 180/267/228
f 190/290/243 189/289/242 24/217/189 159/218/190
f 178/264/225 1482/1942/1894 1483/1943/1895 1484/1944/1896
f 178/264/225 1484/1944/1896 175/253/216 176/258/220
f 178/264/225 177/263/224 1485/1945/1897 1482/1942/1894
f 1485/1945/1897 1486/1946/1898 1487/1947/1899 1482/1942/1894
f 1485/1948/1900 177/262/1901 168/239/1901 1488/1949/1902
f 1485/1948/1900 1488/1949/1902 1489/1950/1903 1486/1951/1904
f 1489/1950/1903 1490/1952/1905 1491/1953/1906 1486/1951/1904
f 1489/1954/1907 1488/1955/1908 1492/1956/1909 1493/1957/1910
f 1489/1954/1907 1493/1957/1910 1494/1958/1911 1490/1959/1912
f 1494/1958/1911 156/210/183 154/209/182 1490/1959/1912
f 1494/1958/1911 1493/1957/1910 172/1960/1913 1495/1961/1914
f 1494/1958/1911 1495/1961/1914 163/229/200 156/210/183
f 1495/1962/1915 172/247/210 171/246/209 1496/1963/1916
f 1495/1962/1915 1496/1963/1916 164/227/199 163/226/198
f 1496/1964/1917 171/254/217 175/253/216 1484/1944/1896
f 1496/1964/1917 1484/1944/1896 1483/1943/1895 164/1965/1918
f 1493/1957/1910 1492/1956/1909 173/1966/1919 172/1960/1913
f 1492/1956/1909 1488/1955/1908 168/1967/1920 167/236/205
f 1492/1956/1909 167/236/205 166/235/204 173/1966/1919
f 1491/1953/1921 153/206/1922 147/1968/1922 150/1969/1923
f 1491/1970/1921 150/199/1923 1487/1947/1899 1486/1946/1898
f 1491/1953/1906 1490/1952/1905 154/207/180 153/206/179
f 1487/1947/1924 150/199/174 149/198/173 1497/1971/1925
f 1487/1947/1924 1497/1971/1925 1483/1943/1895 1482/1942/1894
f 1497/1971/1925 149/198/173 160/220/192 165/1972/1926
f 1497/1971/1925 165/1972/1926 164/1965/1918 1483/1943/1895
f 176/258/220 175/253/216 174/252/215 170/259/221
f 153/206/1927 152/205/1927 148/1973/1927 147/1968/1927
f 122/148/128 109/124/105 108/123/104 116/149/129
f 117/140/120 116/139/119 108/121/102 107/120/101
f 103/1974/1928 102/1975/1928 95/115/95 99/114/94
f 102/1975/1929 101/1976/1426 96/1977/88 95/115/87
f 681/985/926 683/988/929 684/989/930 91/995/936
f 1467/1909/1863 569/839/769 681/984/925 91/1978/1930
f 79/1979/1931 78/1980/1931 77/1981/1931 76/1982/1931
f 8/61/50 76/1983/1932 77/1238/1194 902/1237/1193
f 100/1459/1427 101/1463/1426 102/1984/1933 103/1460/1933
f 41/343/291 220/342/290 222/526/455 204/527/456
f 1498/1985/1934 241/1986/1934 45/1987/1934 242/1988/1934
f 244/1989/1935 247/1990/1935 248/1991/1935 245/1992/1935
f 13/1993/1936 90/1994/1936 1467/1995/1936 91/1996/1936
f 37/1997/1937 209/1998/1937 38/1999/1937 210/2000/1937
f 247/2001/1938 249/2002/1938 250/2003/1938 248/2004/1938
f 223/2005/1939 224/2006/1939 225/2007/1939
f 44/2008/1940 236/2009/1940 239/2010/1940 237/2011/1940
f 240/2012/1941 241/2013/1941 1498/2014/1941 242/2015/1941
f 45/2016/1942 241/2017/1942 240/2018/1942 242/2019/1942
f 243/385/322 244/384/321 1499/2020/1943 246/2021/1943
f 1500/2022/1944 1568/2023/1945 1569/2024/1946 1570/2025/1944
f 1500/2026/1947 1570/504/1947 1571/2027/1948 1572/2028/1949
f 1500/2029/1950 1573/2030/1951 1574/2031/1952 1575/2032/1950
f 1500/2033/1953 1572/2034/1954 1576/2035/1955 1573/2036/1951
f 1500/2037/1956 1575/2038/1957 1577/2039/1958 1568/2040/1956
f 1501/2041/1959 1578/2042/1960 1579/2043/1961 1580/2044/1962
f 1501/2045/1963 1580/2046/1962 1581/2047/1964 1577/2039/1965
f 1501/2041/1966 1577/2048/1958 1575/2049/1957 1578/2042/1960
f 1502/2050/1967 1586/2051/1967 1587/2052/1967 1504/2053/1967
f 1502/2054/1968 1579/2043/1961 1578/2042/1960 1586/2055/1969
f 1502/2056/1970 1588/2057/1971 1589/2058/1972 1590/2059/1973
f 1502/2060/1970 1590/2061/1973 1591/2062/1974 1579/2063/1961
f 1502/2050/1975 1504/2053/1975 1592/2064/1975 1593/2065/1975
f 1502/2066/1976 1593/2067/1977 1594/2068/1978 1588/2069/1979
f 1503/2070/1980 1574/2031/1952 1573/2030/1951 1595/2071/1981
f 1503/2072/1980 1595/2073/1981 1596/2074/1982 1597/2075/1983
f 1503/2076/1984 1598/2077/1984 1505/2078/1984 1587/2079/1984
f 1503/2080/1980 1587/2081/1985 1586/2055/1969 1574/2082/1952
f 1503/2072/1980 1597/2075/1983 1599/2083/1986 1598/2084/1987
f 1504/2053/1988 1600/2085/1989 1506/2086/1990 1592/2064/1990
f 1504/2053/1988 1601/2087/1991 1602/2088/1992 1600/2085/1989
f 1504/2053/1993 1587/2052/1993 1505/2089/1993 1601/2087/1993
f 1505/2090/1994 1594/2068/1978 1603/2091/1995 1604/2092/1996
f 1505/2090/1994 1604/2092/1996 1605/2093/1997 1606/2094/1998
f 1505/2090/1994 1598/2095/1999 1588/2069/1979 1594/2068/1978
f 1505/2096/2000 1606/2097/2000 1607/2098/2000 1608/2099/2000
f 1505/2089/2001 1608/2100/2002 1609/2101/2003 1601/2087/2001
f 1506/2102/2004 1600/2103/2005 1603/2104/2006 1610/2105/2004
f 1613/2106/2007 1611/2107/2008 1612/2108/2009
f 1507/2109/2010 1614/2110/2011 1615/2111/2012 1616/2112/2013
f 1508/2113/2014 1617/2114/2015 1618/2115/2016 1619/2116/2017
f 1508/2113/2014 1613/2117/2018 1612/2118/2019 1617/2114/2015
f 1508/2119/2020 1619/2120/2021 1511/2121/2022 1620/2122/2023
f 1508/2119/2020 1620/2122/2023 1621/2123/2024 1614/2110/2011
f 1509/2124/2025 1622/2125/2026 1623/2126/2027 1624/2127/2028
f 1509/2124/2029 1625/2128/2029 1626/2129/2029 1622/2125/2029
f 1509/2124/2025 1624/2127/2028 1627/2130/2030 1510/2131/2031
f 1509/2132/2032 1510/2133/2033 1628/2134/2034 1629/2135/2035
f 1509/2136/2036 1629/2137/2036 1567/2138/2036 1630/2139/2036
f 1509/2136/2037 1630/2139/2038 1631/2140/2039 1632/2141/2040
f 1509/2136/2041 1632/2141/2040 1633/2142/2042 1625/2143/2043
f 1510/2144/2033 1512/2145/2044 1634/2146/2045 1628/2147/2034
f 1510/2148/2046 1635/2149/2047 1633/2142/2042 1632/2141/2040
f 1510/2148/2046 1632/2141/2040 1631/2140/2039 1512/2150/2048
f 1511/2121/2022 1513/2151/2049 1636/2152/2050 1620/2122/2023
f 1512/2150/2048 1631/2140/2039 1637/2153/2051 1638/2154/2052
f 1512/2155/2053 1639/2156/2054 1640/2157/2053 1634/2158/2053
f 1512/2150/2048 1638/2154/2052 1641/2159/2055 1639/2160/2056
f 1513/2161/2057 1642/2162/2058 1643/2163/2059 1644/2164/2060
f 1513/2151/2049 1644/2165/2061 1645/2166/2062 1636/2152/2050
f 1514/2167/2063 1640/2168/2063 1639/2160/2063 1515/2169/2063
f 1514/2170/2064 1515/2171/2064 1516/2172/2064 1646/2173/2064
f 1514/2174/2065 1647/2175/2066 1648/2176/2067 1640/2177/2068
f 1514/2174/2065 1646/2178/2069 1649/2179/2070 1647/2175/2066
f 1515/2169/2071 1639/2160/2056 1641/2159/2055 1650/2180/2072
f 1515/2169/2071 1650/2180/2072 1651/2181/2073 1652/2182/2074
f 1515/2169/2075 1652/2182/2076 1653/2183/2077 1516/2184/2075
f 1516/2172/2078 1653/2185/2079 1654/2186/2080 1646/2173/2069
f 1517/2187/2081 1655/2188/2082 1656/2189/2083 1518/2190/2081
f 1517/2191/2084 1657/2192/2085 1658/2193/2086 1655/2194/2087
f 1517/2195/2088 1518/2196/2089 1659/2197/2090 1521/2198/2091
f 1517/2195/2088 1660/2199/2092 1520/2200/2093 1657/2201/2094
f 1517/2195/2088 1521/2198/2091 1661/2202/2095 1660/2199/2092
f 1518/2203/2096 1656/2204/2097 1662/2205/2098 1659/2206/2099
f 1519/2207/2100 1663/2208/2101 1664/2209/2102 1665/2210/2103
f 1519/2211/2104 1665/2212/2105 1666/2213/2106 1522/2214/2104
f 1519/2215/2107 1667/2216/2108 1668/2217/2109 1663/2218/2110
f 1519/2215/2107 1669/2219/2111 1670/2220/2112 1667/2216/2108
f 1519/2215/2107 1522/2221/2113 1671/2222/2114 1669/2219/2111
f 1520/2200/2093 1666/2213/2106 1665/2212/2105 1657/2201/2094
f 1520/2200/2093 1660/2199/2092 1672/2223/2115 1673/2224/2116
f 1520/2225/2117 1673/2226/2118 1674/2227/2119 1675/2228/2120
f 1520/2229/2121 1675/2230/2122 1676/2231/2123 1666/2232/2121
f 1521/2198/2091 1659/2197/2090 1677/2233/2124 1678/2234/2125
f 1521/2235/2126 1678/2236/2126 1679/2237/2126 1680/2238/2126
f 1521/2235/2127 1680/2238/2127 1523/2239/2127 1661/2240/2127
f 1522/2221/2128 1666/2241/2128 1676/2242/2129 1681/2243/2130
f 1522/2221/2113 1681/2243/2131 1682/2244/2132 1683/2245/2133
f 1522/2221/2113 1683/2245/2133 1684/2246/2134 1671/2222/2114
f 1523/2247/2135 1680/2248/2136 1685/2249/2137 1686/2250/2138
f 1523/2247/2135 1525/2251/2139 1687/2252/2140 1688/2253/2141
f 1523/2247/2135 1686/2250/2138 1689/2254/2142 1525/2251/2139
f 1523/2255/2143 1688/2256/2141 1690/2257/2144 1661/2258/2143
f 1524/2259/2145 1691/2260/2146 1692/2261/2147 1693/2262/2148
f 1524/2263/2149 1693/2264/2150 1694/2265/2151 1695/2266/2152
f 1524/2267/2153 1695/2268/2154 1696/2269/2155 1691/2270/2156
f 1525/2271/2157 1669/2219/2111 1671/2222/2114 1529/2272/2158
f 1525/2271/2157 1689/2273/2159 1670/2220/2112 1669/2219/2111
f 1525/71/2160 1529/2274/2161 1697/2275/2162 1687/2276/2160
f 1526/2277/2163 1698/2278/2164 1699/2279/2165 1700/2280/2166
f 1526/2281/2167 1701/2282/2168 1674/2227/2119 1673/2226/2118
f 1526/2277/2163 1673/2224/2116 1672/2223/2115 1698/2278/2164
f 1526/2283/2169 1527/2284/2169 1702/2285/2169 1701/2286/2169
f 1526/2277/2163 1700/2280/2166 1703/2287/2170 1527/2288/2171
f 1527/2289/2172 1704/2290/2173 1705/2291/2174 1702/2292/2175
f 1527/2289/2172 1706/2293/2176 1707/2294/2177 1704/2290/2173
f 1527/2289/2172 1703/2295/2178 1708/2296/2179 1706/2293/2176
f 1528/2297/2180 1710/2298/2181 1711/2299/2182 1712/2300/2183
f 1528/2301/2184 1709/2302/2185 1713/2303/2186 1710/2304/2187
f 1529/2272/2158 1714/2305/2188 1715/2306/2189 1716/2307/2190
f 1529/2308/2161 1716/2309/2191 1717/2310/2192 1697/2311/2162
f 1530/2312/2193 1718/2313/2194 1707/2294/2177 1706/2293/2176
f 1530/2312/2193 1719/2314/2195 1720/2315/2196 1718/2313/2194
f 1530/2312/2193 1706/2293/2176 1708/2296/2179 1721/2316/2197
f 1530/2312/2193 1721/2316/2197 1722/2317/2198 1531/2318/2199
f 1530/2319/2200 1531/2320/2200 1723/2321/2201 1719/2322/2202
f 1531/2323/2203 1697/2311/2162 1717/2310/2192 1723/2324/2204
f 1531/2325/2203 1722/2326/2205 1724/2327/2206 1725/2328/2207
f 1531/2323/2203 1725/2329/2207 1687/2330/2140 1697/2311/2162
f 1532/2331/2208 1726/2332/2209 1727/2333/2210 1728/2334/2208
f 1532/2335/2211 1729/2336/2212 1730/2337/2213 1726/2338/2214
f 1532/2331/2215 1728/2334/2215 1731/2339/2216 1732/2340/2217
f 1532/2335/2211 1732/2341/2218 1733/2342/2219 1729/2336/2212
f 1533/2343/2220 1734/2344/2221 1735/2345/2222 1736/2346/2223
f 1533/2343/2220 1737/2347/2224 1535/2348/2225 1734/2344/2221
f 1533/2343/2220 1736/2346/2223 1733/2342/2219 1737/2347/2224
f 1534/2349/2226 1738/2350/2227 1731/2351/2228 1739/2352/2229
f 1534/2349/2226 1739/2352/2229 1735/2353/2230 1734/2354/2231
f 1535/2355/2232 1737/2356/2232 1536/2357/2232 1738/2358/2232
f 1536/2359/2233 1737/2347/2224 1733/2342/2219 1732/2341/2218
f 1536/2360/2234 1732/2340/2217 1731/2339/2216 1738/2361/2234
f 1537/2362/2235 1740/2363/2236 1741/2364/2237 1742/2365/2238
f 1537/2366/2239 1742/2367/2239 1539/2368/2239 1743/2369/2239
f 1537/2362/2235 1743/2370/2240 1538/2371/2241 1740/2363/2236
f 1540/2372/2242 1744/2373/2243 1745/2374/2244 1746/2375/2245
f 1538/2371/2241 1540/2372/2242 1746/2375/2245 1740/2363/2236
f 1539/2376/2246 1747/2377/2247 1748/2378/2248 1749/2379/2249
f 1540/2380/2250 1539/2381/2251 1750/2382/2252 1744/2383/2253
f 1752/2384/2254 1546/2385/2255 1544/2386/2256 1753/2387/2256
f 1541/2388/2257 1755/2389/2258 1543/2390/2259 1756/2391/2260
f 1547/2392/2261 1757/2393/2262 1758/2394/2263 1755/2389/2258
f 1541/2388/2257 1756/2391/2260 1759/2395/2264 1760/2396/2265
f 1541/2388/2257 1760/2396/2265 1761/2397/2266 1762/2398/2267
f 1542/2399/2268 1763/2400/2269 1764/2401/2270 1765/2402/2271
f 1542/2403/2272 1766/2404/2272 1767/2405/2272 1768/2406/2272
f 1543/2390/2273 1769/2407/2273 1770/2408/2273 1756/2391/2273
f 1543/2409/2274 1755/2410/2274 1768/2406/2274 1767/2405/2274
f 1545/2411/2275 1761/2397/2266 1760/2396/2265 1772/2412/2276
f 1545/2411/2277 1766/2413/2278 1773/2414/2279 1774/2415/2277
f 1776/2416/2280 1777/2417/2280 1778/2418/2280 1761/2419/2280
f 1545/2411/2275 1775/2420/2281 1776/2421/2282 1761/2397/2266
f 1545/2411/2275 1774/2415/2283 1779/2422/2284 1775/2420/2281
f 1548/2423/2285 1786/2424/2286 1787/2425/2287 1784/2426/2288
f 1548/2427/2289 1785/2428/2289 1788/2429/2290 1786/2430/2291
f 1549/2431/2292 1774/2432/2292 1773/2433/2293 1790/2434/2294
f 1551/2435/2295 1792/2436/2296 1793/2437/2297 1794/2438/2295
f 1551/2439/2298 1795/2440/2299 1796/2441/2300 1792/2442/2301
f 1552/2443/2302 1798/2444/2303 1799/2445/2304 1800/2446/2305
f 1552/1996/2306 1800/2447/2306 1553/2448/2306 1801/2449/2306
f 1552/2450/2307 1802/2451/2308 1803/2452/2309 1804/2453/2310
f 1552/2450/2307 1801/2454/2311 1805/2455/2312 1802/2451/2308
f 1552/2443/2302 1804/2456/2313 1806/2457/2314 1798/2444/2303
f 1553/2458/2315 1800/2459/2316 1807/2460/2317 1808/2461/2315
f 1553/2448/2318 1808/2462/2318 1809/2463/2318 1801/2449/2318
f 1554/2464/2319 1811/2465/2320 1812/2466/2321 1813/2467/2322
f 1554/2468/2323 1813/2469/2324 1814/2470/2325 1815/2471/2323
f 1554/2001/2319 1815/2472/2326 1816/2473/2327 1811/2474/2320
f 1555/2475/2328 1817/2476/2328 1814/2470/2325 1813/2469/2324
f 1556/2477/2329 1818/2478/2330 1819/2479/2331 1820/2480/2332
f 1556/2477/2329 1821/2481/2333 1822/2482/2334 1823/2483/2335
f 1557/2484/2336 1824/2485/2337 1825/2486/2338 1826/2487/2339
f 1557/2484/2336 1826/2487/2339 1827/2488/2340 1828/2489/2341
f 1557/2484/2336 1828/2489/2341 1829/2490/2342 1830/2491/2343
f 1557/2484/2344 1822/2492/2344 1821/2493/2344 1824/2485/2344
f 1557/2494/2345 1830/2495/2346 1831/2496/2347 1822/2482/2334
f 1558/2497/2348 1832/2498/2349 1833/2499/2350 1834/2500/2351
f 1558/2497/2352 1834/2500/2351 1835/2501/2353 1559/2502/2352
f 1558/2503/2354 1559/2504/2354 1836/2505/2355 1832/2506/2356
f 1559/2502/2357 1835/2501/2358 1837/2507/2359 1560/2508/2357
f 1559/2509/2360 1560/2510/2360 1838/2511/2361 1839/2512/2362
f 1560/2513/2363 1837/2514/2364 1840/2515/2365 1841/2516/2363
f 1560/2517/2366 1562/2518/2366 1842/2519/2367 1838/2520/2368
f 1560/2521/2369 1841/2522/2369 1843/2523/2369 1562/2524/2369
f 1559/2525/2370 1839/2526/2370 1561/2527/2370 1844/2528/2370
f 1559/2504/2371 1844/2529/2371 1845/2530/2372 1836/2505/2355
f 1561/2531/2373 1846/2532/2374 1847/2533/2375 1848/2534/2375
f 1561/2535/2376 1848/2536/2377 1849/2537/2378 1844/2538/2379
f 1561/2531/2373 1850/2539/2380 1851/2540/2381 1846/2532/2374
f 1561/2531/2382 1839/2541/2382 1852/2542/2383 1850/2539/2380
f 1562/2543/2384 1843/2544/2384 1853/2545/2385 1842/2546/2386
f 1855/2547/2387 1856/2548/2388 1857/2549/2389 1858/2550/2387
f 1855/2551/2390 1858/2552/2390 1859/2553/2391 1563/2554/2392
f 1563/2554/2392 1859/2553/2391 1860/2555/2393 1861/2556/2393
f 1564/2557/2394 1862/2558/2395 1863/2559/2396 1864/2560/2397
f 1564/2557/2398 1864/2560/2397 1865/2561/2399 1565/2562/2398
f 1564/2563/2400 1565/2564/2400 1866/2565/2401 1862/2566/2402
f 1565/2567/2403 1865/2568/2403 1867/2569/2403 1866/2155/2403
f 1566/2570/2404 1868/2571/2404 1866/2565/2404 1867/2572/2404
f 1566/2573/2405 1869/2574/2406 1870/2575/2407 1868/2576/2405
f 1871/2577/2408 1862/2566/2402 1866/2565/2401 1868/2571/2408
f 1871/2578/2409 1872/2579/2410 1863/2559/2396 1862/2558/2395
f 1871/2580/2411 1868/2576/2412 1870/2575/2407 1873/2581/2413
f 1567/2138/2414 1874/2582/2415 1875/2583/2416 1876/2584/2417
f 1567/2585/2418 1629/2586/2035 1877/2587/2419 1878/2588/2420
f 1567/2585/2418 1878/2588/2420 1879/2589/2421 1874/2590/2422
f 1567/2138/2414 1876/2584/2417 1880/2591/2423 1630/2139/2038
f 1880/2591/2423 1876/2584/2417 1881/2592/2424 1882/2593/2425
f 1880/2591/2423 1882/2593/2425 1883/2594/2426 1637/2153/2051
f 1880/2591/2423 1637/2153/2051 1631/2140/2039 1630/2139/2038
f 1883/2594/2426 1882/2593/2425 1884/2595/2427 1885/2596/2428
f 1883/2594/2426 1885/2596/2428 1886/2597/2429 1887/2598/2430
f 1883/2594/2426 1887/2598/2430 1638/2154/2052 1637/2153/2051
f 1887/2598/2430 1886/2597/2429 1888/2599/2431 1889/2600/2432
f 1887/2598/2430 1889/2600/2432 1641/2159/2055 1638/2154/2052
f 1889/2600/2432 1888/2599/2431 1890/2601/2433 1891/2602/2434
f 1889/2600/2432 1891/2602/2434 1650/2180/2072 1641/2159/2055
f 1891/2603/2434 1890/2604/2433 1892/2605/2435 1893/2606/2436
f 1891/2602/2434 1893/2607/2436 1651/2181/2073 1650/2180/2072
f 1893/2606/2436 1892/2605/2435 1894/2608/2437 1895/2609/2438
f 1893/2607/2436 1895/2610/2438 1896/2611/2439 1651/2181/2073
f 1896/2611/2439 1895/2610/2438 1897/2612/2440 1898/2613/2441
f 1896/2611/2439 1898/2613/2441 1899/2614/2442 1900/2615/2443
f 1896/2611/2439 1900/2615/2443 1652/2182/2074 1651/2181/2073
f 1900/2615/2444 1899/2614/2445 1901/2616/2446 1902/2617/2447
f 1900/2615/2444 1902/2617/2447 1653/2183/2077 1652/2182/2076
f 1902/2618/2448 1901/2619/2449 1903/2620/2450 1904/2621/2451
f 1902/2618/2448 1904/2621/2451 1654/2186/2080 1653/2185/2079
f 1904/2622/2452 1903/2623/2450 1905/2624/2453 1906/2625/2454
f 1904/2622/2452 1906/2625/2454 1907/2626/2455 1654/2627/2080
f 1907/2626/2455 1649/2179/2070 1646/2178/2069 1654/2627/2080
f 1907/2626/2455 1906/2625/2454 1908/2628/2456 1909/2629/2457
f 1907/2626/2455 1909/2629/2457 1910/2630/2458 1649/2179/2070
f 1910/2630/2458 1911/2631/2459 1647/2175/2460 1649/2179/2070
f 1910/2630/2458 1909/2629/2457 1892/2632/2461 1890/2633/2462
f 1910/2630/2458 1890/2633/2462 1888/2634/2463 1911/2631/2459
f 1911/2631/2459 1912/2635/2464 1648/2176/2067 1647/2175/2460
f 1911/2631/2459 1888/2634/2463 1886/2636/2465 1912/2635/2466
f 1912/2635/2466 1886/2636/2465 1885/2637/2467 1913/2638/2468
f 1912/2635/2464 1913/2638/2469 1914/2639/2470 1648/2176/2067
f 1914/2639/2470 1913/2638/2469 1915/2640/2471 1916/2641/2472
f 1914/2639/2470 1916/2641/2472 1628/2147/2034 1634/2146/2045
f 1914/2639/2470 1634/2146/2045 1640/2177/2068 1648/2176/2067
f 1916/2641/2472 1915/2640/2471 1917/2642/2473 1877/2643/2419
f 1916/2641/2472 1877/2643/2419 1629/2644/2035 1628/2147/2034
f 1917/2645/2474 1918/2646/2475 1919/2647/2476 1920/2648/2477
f 1917/2642/2473 1920/2649/2478 1878/2650/2420 1877/2643/2419
f 1917/2645/2474 1915/2651/2479 1884/2652/2480 1918/2646/2475
f 1920/2649/2477 1919/2653/2476 1921/2654/2481 1922/2655/2482
f 1920/2649/2478 1922/2655/2482 1879/2656/2483 1878/2650/2420
f 1922/2655/2482 1921/2654/2481 1923/2657/2484 1924/2658/2485
f 1922/2655/2482 1924/2658/2485 1925/2659/2486 1879/2656/2483
f 1925/2659/2486 1924/2658/2485 1926/2660/2487 1927/2661/2488
f 1925/2659/2486 1927/2661/2488 1928/2662/2489 1929/2663/2490
f 1925/2664/2486 1929/2665/2490 1874/2590/2422 1879/2589/2421
f 1929/2666/2491 1928/2667/2492 1930/2668/2493 1931/2669/2494
f 1929/2666/2491 1931/2669/2494 1875/2583/2416 1874/2582/2415
f 1931/2669/2495 1930/2668/2496 1932/2670/2497 1933/2671/2498
f 1931/2669/2495 1933/2671/2498 1934/2672/2499 1875/2583/2416
f 1934/2672/2499 1933/2671/2498 1921/2673/2500 1919/2674/2501
f 1934/2672/2499 1919/2674/2501 1918/2675/2502 1881/2592/2424
f 1934/2672/2499 1881/2592/2424 1876/2584/2417 1875/2583/2416
f 1933/2671/2498 1932/2670/2497 1923/2676/2503 1921/2673/2500
f 1932/2670/2497 1935/2677/2504 1936/2678/2505 1923/2676/2503
f 1932/2670/2497 1930/2668/2496 1937/2679/2506 1935/2677/2504
f 1937/2679/2506 1938/2680/2507 1939/2681/2508 1935/2677/2504
f 1937/2679/2509 1930/2668/2493 1928/2667/2492 1940/2682/2509
f 1940/2683/2510 1928/2662/2489 1927/2661/2488 1941/2684/2511
f 1941/2684/2511 1942/2685/2512 1943/2686/2513 1944/2687/2514
f 1941/2684/2511 1944/2687/2514 1599/2688/2515 1940/2683/2510
f 1941/2684/2511 1927/2661/2488 1926/2660/2487 1942/2685/2512
f 1944/2687/2514 1943/2686/2513 1609/2101/2003 1608/2100/2002
f 1944/2687/2514 1608/2100/2002 1607/2689/2516 1599/2688/2515
f 1943/2686/2517 1945/2690/2518 1946/2691/2519 1609/2101/2520
f 1943/2686/2517 1942/2685/2512 1947/2692/2521 1945/2690/2518
f 1947/2692/2521 1942/2685/2512 1926/2660/2487 1936/2693/2522
f 1947/2694/2523 1936/2678/2505 1935/2677/2504 1939/2681/2508
f 1947/2694/2523 1939/2681/2508 1948/2695/2524 1945/2696/2525
f 1948/2695/2524 1605/2093/2526 1946/2697/2527 1945/2696/2525
f 1948/2695/2524 1939/2681/2508 1938/2680/2507 1949/2698/2528
f 1948/2695/2524 1949/2698/2528 1606/2094/1998 1605/2093/2526
f 1946/2691/2519 1602/2088/1992 1601/2087/1991 1609/2101/2520
f 1946/2699/2527 1605/2700/2526 1604/2701/2529 1602/2702/2530
f 1936/2693/2522 1926/2660/2487 1924/2658/2485 1923/2657/2484
f 1918/2675/2502 1884/2595/2427 1882/2593/2425 1881/2592/2424
f 1915/2640/2479 1913/2638/2468 1885/2637/2467 1884/2703/2480
f 1909/2629/2457 1908/2628/2456 1894/2704/2531 1892/2632/2461
f 1908/2628/2456 1906/2625/2454 1905/2624/2453 1950/2705/2532
f 1908/2628/2456 1950/2705/2532 1951/2706/2533 1894/2704/2531
f 1951/2706/2533 1950/2705/2532 1952/2707/2534 1953/2708/2535
f 1951/2709/2536 1953/2710/2537 1954/2711/2538 1897/2712/2440
f 1951/2709/2536 1897/2712/2440 1895/2609/2438 1894/2608/2437
f 1954/2713/2538 1953/2714/2537 1702/2292/2175 1705/2291/2174
f 1954/2713/2538 1705/2291/2174 1682/2244/2132 1955/2715/2539
f 1954/2713/2538 1955/2715/2539 1898/2613/2441 1897/2612/2440
f 1955/2715/2539 1682/2244/2132 1681/2243/2131 1956/2716/2540
f 1955/2715/2539 1956/2716/2540 1899/2614/2442 1898/2613/2441
f 1956/2716/2541 1681/2243/2130 1676/2242/2129 1957/2717/2542
f 1956/2716/2541 1957/2717/2542 1901/2616/2446 1899/2614/2445
f 1957/2718/2543 1676/2231/2123 1675/2230/2122 1958/2719/2544
f 1957/2718/2543 1958/2719/2544 1903/2620/2450 1901/2619/2449
f 1958/2720/2544 1675/2228/2120 1674/2227/2119 1959/2721/2545
f 1958/2720/2544 1959/2721/2545 1905/2624/2453 1903/2623/2450
f 1959/2721/2545 1674/2227/2119 1701/2282/2168 1952/2707/2534
f 1959/2721/2545 1952/2707/2534 1950/2705/2532 1905/2624/2453
f 1953/2708/2535 1952/2707/2534 1701/2282/2168 1702/2722/2546
f 1873/2581/2413 1870/2575/2407 1960/2723/2547 1961/2724/2548
f 1873/2581/2413 1961/2724/2548 1962/2725/2549 1963/2726/2550
f 1873/2581/2413 1963/2726/2550 1964/2727/2551 1871/2580/2411
f 1964/2727/2551 1963/2726/2550 1965/2728/2552 1966/2729/2553
f 1964/2730/2554 1966/2731/2555 1967/2732/2556 1968/2733/2557
f 1964/2730/2554 1968/2733/2557 1872/2579/2410 1871/2578/2409
f 1968/2733/2557 1967/2732/2556 1969/2734/2558 1970/2735/2559
f 1968/2733/2557 1970/2735/2559 1971/2736/2560 1872/2579/2410
f 1971/2736/2560 1972/2737/2561 1863/2559/2396 1872/2579/2410
f 1971/2736/2560 1970/2735/2559 1973/2738/2562 1974/2739/2563
f 1971/2736/2560 1974/2739/2563 1975/2740/2564 1972/2737/2561
f 1975/2740/2564 1976/2741/2565 1977/2742/2566 1972/2737/2561
f 1975/2740/2564 1974/2739/2563 1978/2743/2567 1979/2744/2568
f 1975/2740/2564 1979/2744/2568 1980/2745/2569 1976/2741/2565
f 1980/2745/2569 1981/2746/2570 1982/2747/2571 1976/2741/2565
f 1980/2745/2569 1979/2744/2568 1983/2748/2572 1984/2749/2573
f 1980/2745/2569 1984/2749/2573 1985/2750/2574 1981/2746/2570
f 1985/2751/2575 1986/2752/2576 1987/2753/2577 1981/2754/2578
f 1985/2750/2574 1984/2749/2573 1988/2755/2579 1989/2756/2580
f 1985/2751/2575 1989/2757/2581 1990/2758/2582 1986/2752/2576
f 1990/2759/2583 1991/2760/2584 1992/2761/2585 1986/2762/2586
f 1990/2758/2582 1989/2757/2581 1993/2763/2587 1994/2764/2588
f 1990/2759/2583 1994/2765/2589 1995/2766/2590 1991/2760/2584
f 1995/2766/2591 1859/2767/2591 1858/2768/2592 1991/2760/2593
f 1995/2766/2590 1994/2765/2589 1996/2769/2594 1997/2770/2595
f 1995/2771/2596 1997/2772/2597 1860/2555/2598 1859/2553/2596
f 1997/2770/2595 1996/2769/2594 1998/2773/2599 1999/2774/2600
f 1997/2772/2597 1999/2775/2601 2000/2776/2602 1860/2555/2598
f 2000/2776/2602 2001/2777/2603 1861/2556/2604 1860/2555/2598
f 2000/2776/2602 1999/2775/2601 1851/2540/2381 1850/2539/2380
f 2000/2776/2602 1850/2539/2380 1852/2542/2383 2001/2777/2603
f 2001/2778/2605 2002/2779/2606 2003/2780/2607 1861/2781/2608
f 2001/2778/2605 1852/2782/2609 2004/2783/2610 2002/2779/2606
f 2004/2784/2611 2005/2785/2612 2006/2786/2613 2002/2787/2614
f 2004/2783/2610 1852/2782/2609 1839/2512/2362 1838/2511/2361
f 2004/2784/2611 1838/2520/2368 1842/2519/2367 2005/2785/2612
f 2006/2786/2615 1998/2788/2616 1996/2789/2617 2007/2790/2618
f 2006/2786/2613 2007/2790/2619 2003/2791/2620 2002/2787/2614
f 2006/2786/2615 2005/2785/2621 2008/2792/2622 1998/2788/2616
f 2008/2793/2623 1851/2794/2624 1999/2774/2600 1998/2773/2599
f 2008/2792/2622 2005/2785/2621 1842/2519/2386 1853/2795/2385
f 2008/2793/2623 1853/2545/2625 1846/2796/2626 1851/2794/2624
f 2007/2790/2618 1996/2789/2617 1994/2764/2588 1993/2763/2587
f 2007/2790/2619 1993/2763/2627 2009/2797/2628 2003/2791/2620
f 2009/2798/2628 1993/2799/2627 1989/2756/2580 1988/2755/2579
f 2009/2798/2628 1988/2755/2579 1855/2800/2629 1854/2801/2630
f 2009/2798/2628 1854/2801/2630 1861/2781/2608 2003/2780/2607
f 1992/2761/2631 2010/2802/2632 2011/2803/2633 2012/2804/2634
f 1992/2761/2585 2012/2804/2635 1987/2805/2636 1986/2762/2586
f 1992/2761/2631 1991/2760/2593 1858/2768/2592 2010/2802/2632
f 2012/2804/2634 2011/2803/2633 1960/2723/2547 2013/2806/2637
f 2012/2804/2635 2013/2806/2637 2014/2807/2638 1987/2805/2636
f 2014/2807/2638 2013/2806/2637 1869/2574/2406 2015/2808/2639
f 2014/2809/2640 2015/2810/2641 2016/2811/2642 1982/2812/2643
f 2014/2809/2640 1982/2812/2643 1981/2754/2578 1987/2753/2577
f 2016/2811/2642 2015/2810/2641 1867/2813/2644 1865/2814/2644
f 2016/2815/2645 1865/2561/2399 1864/2560/2397 1977/2742/2566
f 2016/2815/2645 1977/2742/2566 1976/2741/2565 1982/2747/2571
f 2015/2808/2639 1869/2574/2406 1566/2573/2646 1867/2816/2646
f 2013/2806/2637 1960/2723/2547 1870/2575/2407 1869/2574/2406
f 2011/2803/2633 2010/2802/2632 2017/2817/2647 2018/2818/2648
f 2011/2803/2633 2018/2818/2648 1961/2724/2548 1960/2723/2547
f 2018/2818/2648 2017/2817/2647 2019/2819/2649 2020/2820/2650
f 2018/2818/2648 2020/2820/2650 1962/2725/2549 1961/2724/2548
f 2020/2820/2650 2019/2819/2649 2021/2821/2651 2022/2822/2652
f 2020/2820/2650 2022/2822/2652 2023/2823/2653 1962/2725/2549
f 2023/2823/2653 2022/2822/2652 2024/2824/2654 2025/2825/2655
f 2023/2823/2653 2025/2825/2655 2026/2826/2656 1965/2728/2552
f 2023/2823/2653 1965/2728/2552 1963/2726/2550 1962/2725/2549
f 2026/2826/2656 2025/2825/2655 2027/2827/2657 2028/2828/2658
f 2026/2826/2656 2028/2828/2658 2029/2829/2659 2030/2830/2660
f 2026/2826/2656 2030/2830/2660 1966/2729/2553 1965/2728/2552
f 2030/2831/2661 2029/2832/2662 2031/2833/2663 2032/2834/2664
f 2030/2831/2661 2032/2834/2664 1967/2732/2556 1966/2731/2555
f 2032/2834/2664 2031/2833/2663 2033/2835/2665 2034/2836/2666
f 2032/2834/2664 2034/2836/2666 1969/2734/2558 1967/2732/2556
f 2034/2836/2666 2033/2835/2665 2035/2837/1196 2036/2838/2667
f 2034/2836/2666 2036/2838/2667 2037/2839/2668 1969/2734/2558
f 2037/2839/2668 1973/2738/2562 1970/2735/2559 1969/2734/2558
f 2037/2839/2668 2036/2838/2667 2038/2840/2669 2039/2841/2670
f 2037/2839/2668 2039/2841/2670 2040/2842/2671 1973/2738/2562
f 2040/2842/2671 1978/2743/2567 1974/2739/2563 1973/2738/2562
f 2040/2842/2671 2039/2841/2670 2041/2843/2672 2042/2844/2673
f 2040/2842/2671 2042/2844/2673 2043/2845/2674 1978/2743/2567
f 2043/2845/2674 1983/2748/2572 1979/2744/2568 1978/2743/2567
f 2043/2845/2674 2042/2844/2673 2044/2846/2675 1856/2847/2676
f 2043/2845/2674 1856/2847/2676 1855/2800/2629 1983/2748/2572
f 2044/2846/2675 2042/2844/2673 2041/2843/2672 2045/2848/2677
f 2044/2849/2678 2046/2850/2679 1857/2851/2389 1856/2852/2388
f 2046/2850/2679 2047/2853/2680 2021/2821/2651 2019/2819/2649
f 2046/2850/2679 2019/2819/2649 2017/2817/2647 1857/2851/2389
f 2047/2853/2680 2049/2854/2681 2050/2855/2682 2021/2821/2651
f 2050/2855/2682 2051/2856/2683 2052/2857/2684 2024/2824/2654
f 2050/2855/2682 2024/2824/2654 2022/2822/2652 2021/2821/2651
f 2053/2858/2685 2054/2859/2686 2055/2860/2687 2027/2827/2657
f 2053/2858/2685 2027/2827/2657 2025/2825/2655 2024/2824/2654
f 2055/2860/2687 2054/2859/2686 2056/2861/2688 2057/2862/2689
f 2055/2860/2687 2057/2862/2689 2058/2863/2690 2059/2864/2691
f 2055/2860/2687 2059/2864/2691 2028/2828/2658 2027/2827/2657
f 2059/2865/2692 2058/2866/2693 2060/2867/2694 2061/2868/2692
f 2059/2864/2695 2061/2869/2695 2029/2829/2659 2028/2828/2658
f 2061/2868/2696 2060/2867/2694 2062/2870/2697 2063/2871/2698
f 2061/2872/2696 2063/2873/2698 2031/2833/2663 2029/2832/2662
f 2063/2873/2699 2062/2874/2700 2064/2875/2701 2065/2876/2702
f 2063/2873/2699 2065/2876/2702 2033/2835/2665 2031/2833/2663
f 2065/2876/2702 2064/2875/2701 2066/2877/2703 2067/2878/2704
f 2065/2876/2702 2067/2878/2704 2035/2837/1196 2033/2835/2665
f 2068/2879/2705 2038/2840/2669 2036/2838/2667 2035/2837/1196
f 2068/2879/2705 2035/2837/1196 2069/2880/2706 2070/2881/2707
f 2068/2879/2705 2071/2882/2708 2072/2883/2709 2038/2840/2669
f 2072/2883/2709 2041/2843/2672 2039/2841/2670 2038/2840/2669
f 2072/2883/2709 2051/2884/2710 2045/2848/2677 2041/2843/2672
f 2073/2885/2711 2074/2886/2712 2075/2887/2713 2076/2888/2714
f 2081/2889/2715 2080/2890/2716 2083/2891/2717 2084/2892/2718
f 2081/2889/2715 2084/2892/2718 2082/2893/2719
f 2085/2894/2720 2086/2895/2721 2087/2896/2722 2088/2897/2723
f 2088/2897/2723 2087/2896/2722 2047/2853/2680 2048/2898/2724
f 2087/2896/2722 2089/2899/2725 2049/2854/2681 2047/2853/2680
f 2049/2854/2681 2089/2899/2725 2090/2900/2726 2091/2901/2727
f 2049/2854/2681 2091/2901/2727 2092/2902/2728 2093/2903/2729
f 2093/2904/2730 2092/2905/2731 2094/2906/2732 2095/2907/2733
f 2093/2904/2730 2095/2907/2733 2074/2886/2712 2073/2885/2711
f 2095/2907/2733 2094/2906/2732 2075/2887/2713 2074/2886/2712
f 2094/2906/2732 2092/2905/2731 2096/2908/2734 2097/2909/2735
f 2094/2910/2736 2097/2911/2736 2098/2912/2736 2075/2913/2736
f 2098/2914/2737 2099/2915/2738 2076/2916/2739 2075/2917/2739
f 2098/2914/2737 2097/2918/2740 2100/2919/2741 2101/2920/2742
f 2098/2914/2737 2101/2920/2742 2102/2921/2743 2099/2915/2738
f 2102/2921/2743 2091/2901/2727 2090/2900/2726 2099/2915/2738
f 2102/2921/2743 2101/2920/2742 2103/2922/2744 2104/2923/2745
f 2102/2921/2743 2104/2923/2745 2092/2902/2728 2091/2901/2727
f 2104/2924/2746 2103/2925/2747 2105/2926/2748 2106/2927/2749
f 2104/2924/2746 2106/2927/2749 2096/2908/2734 2092/2905/2731
f 2107/2928/2750 2100/2919/2741 2097/2918/2740 2096/2929/2751
f 2106/2930/2752 2105/2931/2753 2108/2932/2754 2109/2933/2755
f 2106/2930/2752 2109/2933/2755 2107/2928/2750 2096/2929/2751
f 2109/2933/2755 2108/2932/2754 2110/2934/2756 2111/2935/2757
f 2109/2933/2755 2111/2935/2757 2112/2936/2758 2107/2928/2750
f 2112/2936/2758 2113/2937/2759 2100/2919/2741 2107/2928/2750
f 2112/2938/2760 2111/2939/2761 2114/2940/2762 2115/2941/2763
f 2112/2938/2760 2115/2941/2763 2116/2942/2764 2113/2943/2765
f 2113/2944/2766 2116/2945/2766 2117/2946/2766 2118/2947/2766
f 2113/2948/2767 2118/2949/2767 2105/2926/2748 2103/2925/2747
f 2117/2950/2768 2119/2951/2769 2120/2952/2769 2121/2953/2770
f 2117/2950/2768 2121/2953/2770 2122/2954/2771 2118/2955/2772
f 2122/2954/2771 2108/2932/2754 2105/2931/2753 2118/2955/2772
f 2122/2954/2771 2121/2953/2770 2123/2956/2773 2124/2957/2774
f 2122/2954/2771 2124/2957/2774 2110/2934/2756 2108/2932/2754
f 2124/2958/2775 2123/2959/2776 2125/2960/2777 2126/2961/2778
f 2124/2962/2775 2126/2963/2778 2127/2964/2779 2110/2965/2780
f 2127/2964/2779 2114/2940/2762 2111/2939/2761 2110/2965/2780
f 2126/2961/2778 2125/2960/2777 2128/2966/2781 2129/2967/2782
f 2126/2963/2778 2129/2968/2782 2130/2969/2783 2127/2964/2779
f 2130/2969/2783 2131/2970/2784 2114/2940/2762 2127/2964/2779
f 2128/2971/2785 2132/2972/2786 2133/2973/2787 2134/2974/2785
f 2128/2975/2788 2134/2976/2788 2135/2977/2788 2129/2978/2788
f 2135/2979/2789 2136/2980/2790 2130/2981/2791 2129/2982/2792
f 2119/2951/2793 2117/2950/2793 2116/2983/2793 2131/2984/2793
f 2119/2985/2794 2131/2986/2794 2130/2987/2791 2136/2988/2790
f 2136/2980/2790 2137/2989/2795 2138/2990/2796 2119/2991/2796
f 2136/2980/2790 2135/2979/2789 2139/2992/2797 2137/2989/2795
f 2139/2992/2797 2135/2979/2789 2134/2993/2798 2140/2994/2799
f 2134/2993/2798 2133/2995/2800 2141/2996/2801 2140/2994/2799
f 2141/2997/2802 2142/2998/2803 2143/2999/2804 2144/3000/2805
f 2141/2996/2801 2133/2995/2800 1781/3001/2806 2142/3002/2806
f 2144/3000/2805 2143/2999/2804 2145/3003/2807 2146/3004/2808
f 2144/3005/2809 2146/3006/2809 1542/2399/2268 1765/2402/2271
f 2144/3000/2805 1765/3007/2810 2147/3008/2810 2141/2997/2802
f 2147/3009/2811 2148/3010/2811 2140/1987/2811 2141/3011/2811
f 2147/3012/2812 1765/2402/2271 1764/2401/2270 2149/3013/2813
f 2147/3012/2812 2149/3013/2813 2150/3014/2814 2148/3015/2815
f 2150/3014/2814 2151/3016/2816 2152/3017/2817 2148/3015/2815
f 2150/3014/2814 2149/3013/2813 2153/3018/2818 2154/3019/2819
f 2150/3014/2814 2154/3019/2819 1713/3020/2186 2151/3016/2816
f 2154/3019/2819 2153/3018/2818 1700/2280/2166 1699/2279/2165
f 2154/3019/2819 1699/2279/2820 1710/3021/2187 1713/3020/2186
f 2153/3018/2818 2149/3013/2813 1764/2401/2270 2155/3022/2821
f 2153/3018/2818 2155/3022/2821 1703/2287/2170 1700/2280/2166
f 2155/3023/2822 2156/3024/2823 1708/2296/2179 1703/2295/2178
f 2155/3023/2824 1764/3025/2824 1763/3026/2824 2156/3024/2824
f 2156/3024/2823 2157/3027/2825 1721/2316/2197 1708/2296/2179
f 2156/3024/2823 1763/3026/2826 2158/3028/2827 2157/3027/2825
f 2158/3028/2827 1758/2394/2263 2159/3029/2828 2157/3027/2825
f 2158/3028/2827 1763/3026/2826 1542/3030/2829 1768/3031/2830
f 2158/3028/2827 1768/3031/2830 1755/2389/2258 1758/2394/2263
f 2159/3032/2831 2160/3033/2831 1724/2327/2831 1722/2326/2831
f 2159/3029/2828 1722/2317/2198 1721/2316/2197 2157/3027/2825
f 2159/3029/2828 1758/2394/2263 1757/2393/2262 2160/3034/2832
f 2160/3033/2833 1712/2300/2834 1711/2299/2835 1724/2327/2206
f 2160/3033/2833 1757/3035/2836 1783/3036/2837 1712/2300/2834
f 2152/3037/2838 2139/3038/2839 2140/3039/2840 2148/3040/2840
f 2152/3041/2841 2151/3042/2842 2161/3043/2843 2138/3044/2841
f 2161/3043/2844 2120/3045/2845 2119/3046/2846 2138/3044/2846
f 2161/3043/2843 2151/3042/2842 1713/2303/2186 1709/2302/2185
f 2161/3043/2844 1709/2302/2847 2132/2972/2786 2120/3045/2845
f 2132/3047/2848 2128/3048/2848 2125/3049/2849 2120/3050/2850
f 2152/3037/2838 2138/3051/2851 2137/3052/2851 2139/3038/2839
f 2146/3004/2808 2145/3003/2807 1790/2434/2294 1773/2433/2293
f 2146/3053/2852 1773/2414/2279 1766/2413/2278 1542/3030/2852
f 2145/3054/2853 2143/3055/2853 1771/3056/2853 2162/3057/2853
f 2145/3058/2854 2162/3059/2855 2163/3060/2856 1790/3061/2857
f 2162/3057/2855 1776/3062/2858 1775/3063/2858 2163/3064/2856
f 2162/3057/2859 1771/3056/2859 2164/3065/2859 1776/3062/2859
f 2164/3066/2860 1771/3067/2860 1541/3068/2860 1762/3069/2860
f 2164/3066/2861 1762/3069/2861 2165/3070/2862 2166/3071/2863
f 2164/3072/2864 2166/3073/2865 1777/3074/2866 1776/3075/2864
f 2166/3076/2863 2165/3077/2862 2167/3078/2867 2168/3079/2868
f 2166/3073/2865 2168/3080/2869 2169/3081/2870 1777/3074/2866
f 2169/3081/2870 2168/3080/2869 2170/3082/2871 2171/3083/2872
f 2169/3084/2873 2171/3085/2874 2172/3086/2875 2173/3087/2876
f 2169/3084/2873 2173/3087/2876 1778/2418/2877 1777/2417/2877
f 2173/3088/2878 2172/3089/2879 2174/3090/2880 2167/3078/2881
f 2173/3088/2878 2167/3078/2881 2165/3077/2882 1778/3091/2883
f 2174/3090/2880 2172/3089/2879 2175/3092/2884 2176/3093/2885
f 2174/3090/2886 2176/3093/2887 2177/3094/2888 2170/3095/2889
f 2174/3090/2886 2170/3095/2889 2168/3079/2868 2167/3078/2867
f 2177/3094/2888 2176/3093/2887 1787/2425/2287 1786/2424/2286
f 2177/3096/2890 1786/2430/2291 1788/2429/2290 2178/3097/2891
f 2177/3096/2890 2178/3097/2891 2171/3083/2872 2170/3082/2871
f 2178/3097/2892 1788/2429/2893 2179/3098/2894 2175/3099/2895
f 2178/3100/2892 2175/3101/2895 2172/3086/2875 2171/3085/2874
f 2179/3098/2894 1788/2429/2893 1785/2428/2896 1789/3102/2896
f 2179/3103/2897 1789/3104/2898 1784/2426/2288 1787/2425/2287
f 2179/3103/2897 1787/2425/2287 2176/3093/2885 2175/3092/2884
f 2165/3077/2882 1762/2398/2267 1761/2397/2266 1778/3091/2883
f 2143/2999/2804 2142/2998/2803 1547/3105/2899 1771/3106/2899
f 2142/3002/2900 1781/3001/2900 1780/3107/2901 1547/3108/2902
f 2133/2973/2787 2132/2972/2786 1709/2302/2847 1781/3109/2903
f 2131/2970/2784 2116/2942/2764 2115/2941/2763 2114/2940/2762
f 2123/3110/2904 2121/3111/2904 2120/3050/2850 2125/3049/2849
f 2113/2937/2759 2103/2922/2744 2101/2920/2742 2100/2919/2741
f 2099/3112/2905 2090/3113/2905 2077/3114/2906 2076/2888/2714
f 2090/2900/2726 2089/2899/2725 2078/3115/2907 2077/3116/2908
f 2089/2899/2725 2087/2896/2722 2086/2895/2721 2078/3115/2907
f 2085/3117/2909 2083/2891/2717 2080/2890/2716 2079/3118/2909
f 2072/3119/2910 2071/3120/2910 2052/2857/2684 2051/2856/2683
f 2071/2882/2708 2068/2879/2705 2180/3121/2911 2181/3122/2912
f 2182/3123/2913 2181/3122/2912 2183/3124/2914 2184/3125/2915
f 2188/3126/2916 2187/3127/2917 2189/3128/2918 2190/3129/2919
f 2190/3129/2919 2189/3128/2918 2191/3130/2920 2199/3131/2921
f 2199/3132/2922 2191/3133/2923 2192/3134/2924 2193/3135/2925
f 2192/3136/2926 2191/3130/2920 2194/3137/2927 2195/3138/2928
f 2194/3137/2927 2196/3139/2929 2197/3140/2930 2195/3138/2928
f 2194/3137/2927 2191/3130/2920 2189/3128/2918 2198/3141/2931
f 2194/3142/2932 2198/3143/2933 2199/3144/2934 2196/3145/2932
f 2199/3131/2935 2183/3124/2914 2200/3146/2936 2196/3139/2929
f 2199/3144/2934 2198/3143/2933 2186/3147/2937 2185/3148/2938
f 2199/3131/2935 2185/3149/2939 2184/3125/2915 2183/3124/2914
f 2200/3146/2936 2180/3121/2911 2201/3150/2940 2202/3151/2941
f 2200/3146/2936 2202/3151/2941 2197/3140/2930 2196/3139/2929
f 2200/3146/2936 2183/3124/2914 2181/3122/2912 2180/3121/2911
f 2197/3140/2930 2202/3151/2941 2203/3152/2942 1812/2466/2321
f 2203/3152/2942 2204/3153/2943 1813/2467/2322 1812/2466/2321
f 2203/3152/2942 2202/3151/2941 2201/3150/2940 2205/3154/2944
f 2205/3154/2944 2201/3150/2940 2070/2881/2707 2069/2880/2706
f 2205/3154/2944 2206/3155/2945 2204/3153/2943 2203/3152/2942
f 2201/3150/2940 2180/3121/2911 2068/2879/2705 2070/2881/2707
f 2198/3141/2931 2189/3128/2918 2187/3127/2917 2186/3156/2946
f 2066/3157/2947 2064/3158/2948 2207/3159/2949
f 2207/3159/2949 2064/3158/2948 2062/2870/2697 2208/3160/2950
f 2208/3160/2950 2062/2870/2697 2060/2867/2694 2209/3161/2951
f 2209/3161/2951 2060/2867/2694 2058/2866/2693 2210/3162/2952
f 2210/3162/2952 2058/2866/2693 2057/3163/2953 2211/3164/2954
f 2211/3165/2955 2057/2862/2689 2056/2861/2688
f 2052/3166/2956 2071/3167/2956 2181/3168/2956 2182/3169/2956
f 2017/2817/2647 2010/2802/2632 1858/2768/2592 1857/2851/2389
f 1988/2755/2579 1984/2749/2573 1983/2748/2572 1855/2800/2629
f 1977/2742/2566 1864/2560/2397 1863/2559/2396 1972/2737/2561
f 1853/2545/2625 1843/2544/2957 1847/3170/2957 1846/2796/2626
f 1849/2537/2378 2212/3171/2958 1845/3172/2959 1844/2538/2379
f 1849/2537/2378 1848/2536/2377 2213/3173/2960 2214/3174/2961
f 1849/2537/2378 2214/3174/2961 2215/3175/2962 2212/3171/2958
f 2215/3175/2962 2216/3176/2963 2217/3177/2964 2212/3171/2958
f 2215/3178/2965 2214/3179/2966 2218/3180/2967 2219/3181/2968
f 2215/3175/2965 2219/3182/2968 2220/3183/2969 2216/3176/2963
f 2220/3184/2970 2219/3181/2968 2221/3185/2971 2222/3186/2972
f 2220/3184/2970 2222/3186/2972 1831/2496/2347 1830/2495/2346
f 2220/3183/2969 1830/2491/2343 1829/2490/2342 2216/3176/2963
f 2222/3186/2972 2221/3185/2971 2223/3187/2973 2224/3188/2974
f 2222/3186/2972 2224/3188/2974 2225/3189/2975 1831/2496/2347
f 2225/3189/2975 2224/3188/2974 2226/3190/2976 2227/3191/2977
f 2225/3189/2975 2227/3191/2977 2228/3192/2978 1823/2483/2335
f 2225/3189/2975 1823/2483/2335 1822/2482/2334 1831/2496/2347
f 2228/3192/2978 2227/3191/2977 2229/3193/2979 2230/3194/2980
f 2228/3192/2978 2230/3194/2980 2231/3195/2981 2232/3196/2982
f 2228/3192/2978 2232/3196/2982 1556/2477/2329 1823/2483/2335
f 2232/3196/2982 2231/3195/2981 2233/3197/2983 2234/3198/2984
f 2232/3196/2982 2234/3198/2984 1818/2478/2330 1556/2477/2329
f 2234/3198/2984 2233/3197/2983 2235/3199/2985 2236/3200/2986
f 2234/3198/2984 2236/3200/2986 2237/3201/2987 1818/2478/2330
f 2237/3201/2987 2236/3200/2986 2238/3202/2988 2239/3203/2989
f 2237/3201/2987 2239/3203/2989 2240/3204/2990 2241/3205/2991
f 2237/3201/2987 2241/3205/2991 1819/2479/2331 1818/2478/2330
f 2241/3206/2992 2240/3207/2993 2242/3208/2994 2243/3209/2995
f 2241/3206/2992 2243/3209/2995 1825/2486/2338 1819/3210/2996
f 2243/3209/2995 2242/3208/2994 2244/3211/2997 2245/3212/2998
f 2243/3209/2995 2245/3212/2998 1826/2487/2339 1825/2486/2338
f 2245/3212/2998 2244/3211/2997 2246/3213/2999 2247/3214/3000
f 2245/3212/2998 2247/3214/3000 1827/2488/2340 1826/2487/2339
f 2247/3214/3000 2246/3213/2999 2248/3215/3001 2249/3216/3002
f 2247/3214/3000 2249/3216/3002 2250/3217/3003 1827/2488/2340
f 2250/3217/3003 2251/3218/3004 1828/2489/2341 1827/2488/2340
f 2250/3219/3005 2249/3220/3006 2252/3221/3007 2253/3222/3008
f 2250/3219/3005 2253/3222/3008 2254/3223/3009 2251/3224/3009
f 2254/3223/3010 2255/3225/3011 2256/3226/3012 2251/3224/3010
f 2254/3227/3013 2253/3228/3014 2257/3229/3015 2258/3230/3016
f 2254/3227/3013 2258/3230/3016 2259/3231/3017 2255/3232/3018
f 2259/3231/3017 2258/3230/3016 2260/3233/3019 2261/3234/3020
f 2259/3231/3017 2261/3234/3020 2262/3235/3021 2263/3236/3022
f 2259/3231/3017 2263/3236/3022 2264/3237/3023 2255/3232/3018
f 2264/3238/3024 1845/3172/2959 2212/3171/2958 2217/3177/2964
f 2264/3238/3024 2217/3177/2964 2256/3239/3012 2255/3240/3011
f 2264/3237/3023 2263/3236/3022 1836/2505/2355 1845/2530/2372
f 2263/3236/3022 2262/3235/3021 1832/2506/2356 1836/2505/2355
f 2262/3241/3025 2261/3242/3026 2265/3243/3027 2266/3244/3028
f 2262/3241/3025 2266/3244/3028 1833/2499/2350 1832/2498/2349
f 2266/3244/3028 2265/3243/3027 2267/3245/3029 2268/3246/3030
f 2266/3244/3028 2268/3246/3030 2269/3247/3031 1833/2499/2350
f 2269/3247/3031 2268/3246/3030 2270/3248/3032 2271/3249/3033
f 2269/3247/3031 2271/3249/3033 2272/3250/3034 2273/3251/3035
f 2269/3247/3031 2273/3251/3035 1834/2500/2351 1833/2499/2350
f 2273/3251/3035 2272/3250/3034 2274/3252/3036 2275/3253/3037
f 2273/3251/3035 2275/3253/3037 1835/2501/2353 1834/2500/2351
f 2275/3253/3037 2274/3252/3036 2276/3254/3038 2277/3255/3039
f 2275/3253/3037 2277/3255/3039 1837/2507/2359 1835/2501/2358
f 2277/3256/3040 2276/3257/3041 2278/3258/3042 2279/3259/3043
f 2277/3256/3040 2279/3259/3043 1840/2515/2365 1837/2514/2364
f 2279/3260/3044 2278/3261/3045 2280/3262/3046 2281/3263/3047
f 2279/3260/3044 2281/3263/3047 2282/3264/3048 1840/3265/3049
f 2282/3264/3048 2281/3263/3050 2283/3266/3051 2284/3267/3052
f 2282/3264/3048 2284/3267/3052 2213/3268/3053 2285/3269/3054
f 2282/3264/3048 2285/3269/3054 1841/2522/3055 1840/3265/3049
f 2285/3270/3056 2213/3271/3056 1848/2534/3056 1847/2533/3056
f 2285/3269/3057 1847/3272/3057 1843/2523/3057 1841/2522/3057
f 2284/3267/3052 2283/3266/3051 2286/3273/3058 2218/3180/2967
f 2284/3267/3052 2218/3180/2967 2214/3179/2966 2213/3268/3053
f 2286/3273/3058 2283/3266/3051 2287/3274/3059 2288/3275/3060
f 2286/3273/3058 2288/3275/3060 2223/3187/2973 2221/3185/2971
f 2286/3273/3058 2221/3185/2971 2219/3181/2968 2218/3180/2967
f 2288/3275/3060 2287/3274/3059 2289/3276/3061 2290/3277/3062
f 2288/3275/3060 2290/3277/3062 2291/3278/3063 2223/3187/2973
f 2291/3278/3063 2290/3277/3062 2292/3279/3064 2293/3280/3065
f 2291/3278/3063 2293/3280/3065 2294/3281/3066 2226/3190/2976
f 2291/3278/3063 2226/3190/2976 2224/3188/2974 2223/3187/2973
f 2294/3281/3066 2293/3280/3065 2295/3282/3067 2296/3283/3068
f 2294/3281/3066 2296/3283/3068 2297/3284/3069 2229/3193/2979
f 2294/3281/3066 2229/3193/2979 2227/3191/2977 2226/3190/2976
f 2297/3284/3069 2296/3283/3068 2298/3285/3070 2299/3286/3071
f 2297/3284/3069 2299/3286/3071 2300/3287/3072 2301/3288/3073
f 2297/3284/3069 2301/3288/3073 2230/3194/2980 2229/3193/2979
f 2301/3288/3073 2300/3287/3072 2302/3289/3074 2303/3290/3075
f 2301/3288/3073 2303/3290/3075 2231/3195/2981 2230/3194/2980
f 2303/3290/3075 2302/3289/3074 2304/3291/3076 2305/3292/3077
f 2303/3290/3075 2305/3292/3077 2233/3197/2983 2231/3195/2981
f 2305/3292/3077 2304/3291/3076 2306/3293/3078 2307/3294/3079
f 2305/3292/3077 2307/3294/3079 2235/3199/2985 2233/3197/2983
f 2307/3294/3079 2306/3293/3078 2308/3295/3080 2309/3296/3081
f 2307/3294/3079 2309/3296/3081 2310/3297/3082 2235/3199/2985
f 2310/3297/3082 2309/3296/3081 2311/3298/3083 2312/3299/3084
f 2310/3297/3082 2312/3299/3084 2313/3300/3085 2238/3202/2988
f 2310/3297/3082 2238/3202/2988 2236/3200/2986 2235/3199/2985
f 2313/3300/3085 2312/3299/3084 2314/3301/3086 1550/3302/3087
f 2313/3300/3085 1550/3302/3087 1791/3303/3088 2315/3304/3089
f 2313/3300/3085 2315/3304/3089 2239/3203/2989 2238/3202/2988
f 2315/3305/3090 1791/3306/3090 2316/3307/3090 2317/3308/3090
f 2315/3304/3089 2317/3309/3091 2240/3204/2990 2239/3203/2989
f 2317/3310/3092 2316/3311/3093 2318/3312/3094 2319/3313/3095
f 2317/3308/3092 2319/3314/3095 2242/3208/2994 2240/3207/2993
f 2319/3314/3095 2318/3315/3096 2320/3316/3097 2321/3317/3098
f 2319/3314/3095 2321/3317/3098 2244/3211/2997 2242/3208/2994
f 2321/3317/3098 2320/3316/3097 2322/3318/3099 2323/3319/3100
f 2321/3317/3098 2323/3319/3100 2246/3213/2999 2244/3211/2997
f 2323/3319/3100 2322/3318/3099 2324/3320/3101 2325/3321/3102
f 2323/3319/3100 2325/3321/3102 2248/3215/3001 2246/3213/2999
f 2325/3322/3103 2324/3323/3104 2326/3324/3105 2327/3325/3106
f 2325/3326/3103 2327/3327/3106 2328/3328/3107 2248/3329/3108
f 2328/3328/3107 2252/3221/3007 2249/3220/3006 2248/3329/3108
f 2328/3330/3109 2327/3325/3106 2329/3331/3110 2330/3332/3111
f 2328/3330/3109 2330/3332/3111 2331/3333/3112 2252/3334/3113
f 2331/3333/3112 2257/3229/3015 2253/3228/3014 2252/3334/3113
f 2331/3333/3112 2330/3332/3111 2332/3335/3114 2333/3336/3115
f 2331/3333/3112 2333/3336/3115 2334/3337/3116 2257/3229/3015
f 2334/3338/3117 2333/3339/3118 2335/3340/3119 2336/3341/3120
f 2334/3338/3117 2336/3341/3120 2337/3342/3121 2260/3343/3122
f 2334/3337/3116 2260/3233/3019 2258/3230/3016 2257/3229/3015
f 2337/3342/3121 2336/3341/3120 2338/3344/3123 2339/3345/3124
f 2337/3342/3121 2339/3345/3124 2267/3245/3029 2265/3243/3027
f 2337/3342/3121 2265/3243/3027 2261/3242/3026 2260/3343/3122
f 2339/3345/3124 2338/3344/3123 2340/3346/3125 2341/3347/3126
f 2339/3345/3124 2341/3347/3126 2342/3348/3127 2267/3245/3029
f 2342/3348/3127 2341/3347/3126 2343/3349/3128 2344/3350/3129
f 2342/3348/3127 2344/3350/3129 2345/3351/3130 2270/3248/3032
f 2342/3348/3127 2270/3248/3032 2268/3246/3030 2267/3245/3029
f 2345/3351/3130 2344/3350/3129 2346/3352/3131 2347/3353/3132
f 2345/3351/3130 2347/3353/3132 2348/3354/3133 2349/3355/3134
f 2345/3351/3130 2349/3355/3134 2271/3249/3033 2270/3248/3032
f 2349/3355/3134 2348/3354/3133 2350/3356/3135 2351/3357/3136
f 2349/3355/3134 2351/3357/3136 2272/3250/3034 2271/3249/3033
f 2351/3357/3136 2350/3356/3135 2352/3358/3137 2353/3359/3138
f 2351/3357/3136 2353/3359/3138 2274/3252/3036 2272/3250/3034
f 2353/3359/3138 2352/3358/3137 2354/3360/3139 2355/3361/3140
f 2353/3359/3138 2355/3361/3140 2276/3254/3038 2274/3252/3036
f 2355/3362/3141 2354/3363/3142 2356/3364/3143 2357/3365/3144
f 2355/3362/3141 2357/3365/3144 2278/3258/3042 2276/3257/3041
f 2357/3365/3144 2356/3364/3143 2358/3366/3145 2359/3367/3146
f 2357/3365/3144 2359/3367/3146 2280/3368/3046 2278/3258/3045
f 2359/3369/3147 2358/3370/3148 2360/3371/3149 2289/3276/3061
f 2359/3369/3147 2289/3276/3061 2287/3274/3059 2280/3262/3150
f 2360/3371/3149 2358/3370/3148 2361/3372/3151 2362/3373/3152
f 2360/3371/3149 2362/3373/3152 2363/3374/3153 2292/3279/3064
f 2360/3371/3149 2292/3279/3064 2290/3277/3062 2289/3276/3061
f 2363/3374/3153 2362/3373/3152 2364/3375/3154 2365/3376/3155
f 2363/3374/3153 2365/3376/3155 2366/3377/3156 2295/3282/3067
f 2363/3374/3153 2295/3282/3067 2293/3280/3065 2292/3279/3064
f 2366/3377/3156 2365/3376/3155 2367/3378/3157 2368/3379/3158
f 2366/3377/3156 2368/3379/3158 2369/3380/3159 2298/3285/3070
f 2366/3377/3156 2298/3285/3070 2296/3283/3068 2295/3282/3067
f 2369/3380/3159 2368/3379/3158 2370/3381/3160 2371/3382/3161
f 2369/3380/3159 2371/3382/3161 2372/3383/3162 2373/3384/3163
f 2369/3380/3159 2373/3384/3163 2299/3286/3071 2298/3285/3070
f 2373/3384/3163 2372/3383/3162 2374/3385/3164 2375/3386/3165
f 2373/3384/3163 2375/3386/3165 2300/3287/3072 2299/3286/3071
f 2375/3386/3165 2374/3385/3164 2376/3387/3166 2377/3388/3167
f 2375/3386/3165 2377/3388/3167 2302/3289/3074 2300/3287/3072
f 2377/3388/3167 2376/3387/3166 2378/3389/3168 2379/3390/3169
f 2377/3388/3167 2379/3390/3169 2304/3291/3076 2302/3289/3074
f 2379/3390/3169 2378/3389/3168 2380/3391/3170 2381/3392/3171
f 2379/3390/3169 2381/3392/3171 2306/3293/3078 2304/3291/3076
f 2381/3392/3171 2380/3391/3170 2382/3393/3172 2383/3394/3173
f 2381/3392/3171 2383/3394/3173 2308/3295/3080 2306/3293/3078
f 2380/3391/3170 2378/3389/3168 2384/3395/3174 2385/3396/3175
f 2380/3391/3170 2385/3396/3175 2386/3397/3176 2382/3393/3172
f 2386/3397/3176 2385/3396/3175 2387/3398/3177 2388/3399/3178
f 2392/3400/3179 2393/3401/3180 2394/3402/3181 2395/3403/3182
f 2392/3400/3179 2395/3403/3182 2396/3404/3183 2397/3405/3184
f 2396/3404/3183 2398/3406/3185 2399/3407/3186 2397/3405/3184
f 2396/3404/3183 2395/3403/3182 2400/3408/3187 2401/3409/3188
f 2396/3404/3183 2401/3409/3188 2402/3410/3189 2398/3406/3185
f 2402/3410/3189 2403/3411/3190 2404/3412/3191 2398/3406/3185
f 2402/3410/3189 2401/3409/3188 2405/3413/3192 2406/3414/3193
f 2402/3410/3189 2406/3414/3193 2407/3415/3194 2403/3411/3190
f 2407/3415/3194 2408/3416/3195 2409/3417/3196 2403/3411/3190
f 2407/3415/3194 2406/3414/3193 2410/3418/3197 2411/3419/3198
f 2407/3415/3194 2411/3419/3198 2412/3420/3199 2408/3416/3195
f 2412/3420/3199 2413/3421/3200 2414/3422/3201 2408/3416/3195
f 2412/3420/3199 2411/3419/3198 2415/3423/3202 2416/3424/3203
f 2412/3420/3199 2416/3424/3203 2417/3425/3204 2413/3421/3200
f 2417/3425/3204 2418/3426/3205 2419/3427/3206 2413/3421/3200
f 2417/3425/3204 2416/3424/3203 2420/3428/3207 2421/3429/3208
f 2417/3425/3204 2421/3429/3208 2422/3430/3209 2418/3426/3205
f 2422/3430/3209 2421/3429/3208 2423/3431/3210 2424/3432/3211
f 2422/3430/3209 2424/3432/3211 2425/3433/3212 2426/3434/3213
f 2422/3430/3209 2426/3434/3213 2427/3435/3214 2418/3426/3205
f 2427/3435/3214 2428/3436/3215 2419/3427/3206 2418/3426/3205
f 2427/3435/3214 2426/3434/3213 2429/3437/3216 2430/3438/3217
f 2427/3435/3214 2430/3438/3217 2431/3439/3218 2428/3436/3215
f 2431/3439/3218 2432/3440/3219 2433/3441/3220 2434/3442/3221
f 2431/3439/3218 2434/3442/3221 2435/3443/3222 2428/3436/3215
f 2431/3439/3218 2430/3438/3217 2436/3444/3223 2432/3440/3219
f 2436/3444/3223 2430/3438/3217 2429/3437/3216 1662/2205/2098
f 2436/3444/3223 1662/2205/2098 1656/2204/2097 2437/3445/3224
f 2436/3444/3223 2437/3445/3224 2438/3446/3225 2432/3440/3219
f 2438/3446/3225 2439/3447/3226 2433/3441/3220 2432/3440/3219
f 2438/3448/3227 2437/3449/3228 2440/3450/3229 2441/3451/3230
f 2438/3448/3227 2441/3451/3230 2442/3452/3231 2439/3453/3232
f 2442/3454/3231 2443/3455/3233 1627/2130/2030 2444/3456/3234
f 2442/3452/3231 2444/3457/3234 2445/3458/3235 2439/3453/3232
f 2442/3454/3231 2441/3459/3230 2446/3460/3236 2443/3455/3233
f 2446/3460/3236 2447/3461/3237 2448/3462/3238 2443/3455/3233
f 2446/3460/3236 2441/3459/3230 2440/3463/3239 2449/3464/3240
f 2446/3460/3236 2449/3464/3240 2450/3465/3241 2447/3461/3237
f 2450/3465/3241 2449/3464/3240 1658/2193/2086 1664/2209/2102
f 2450/3465/3241 1664/2209/2102 1663/2208/2101 2451/3466/3242
f 2450/3465/3241 2451/3466/3242 2452/3467/3243 2447/3461/3237
f 2452/3468/3244 2453/3469/3245 2454/3470/3246 2455/3471/3247
f 2452/3467/3243 2455/3472/3248 2448/3462/3248 2447/3461/3237
f 2452/3468/3244 2451/3473/3249 2456/3474/3250 2453/3469/3245
f 2456/3474/3250 2451/3473/3249 1663/2218/2110 1668/2217/2109
f 2456/3474/3250 1668/2217/2109 2457/3475/3251 2458/3476/3252
f 2456/3474/3250 2458/3476/3252 2459/3477/3253 2453/3469/3245
f 2459/3477/3254 2460/3478/3255 2461/3479/3256 2462/3480/3257
f 2459/3477/3253 2462/3480/3258 2454/3470/3246 2453/3469/3245
f 2459/3477/3254 2458/3476/3259 2463/3481/3260 2460/3478/3255
f 2463/3481/3260 2458/3476/3259 2457/3475/3261 2464/3482/3262
f 2463/3483/3263 2464/3484/3264 2465/3485/3265 2466/3486/3266
f 2463/3483/3263 2466/3486/3266 2467/3487/3267 2460/3488/3255
f 2467/3487/3267 2468/3489/3268 2461/3490/3256 2460/3488/3255
f 2467/3487/3267 2466/3486/3266 2469/3491/3269 2470/3492/3270
f 2467/3487/3267 2470/3492/3270 2471/3493/3271 2468/3489/3268
f 2471/3493/3271 2472/3494/3272 2473/3495/3273 2474/3496/3274
f 2471/3493/3271 2474/3496/3274 2475/3497/3275 2468/3489/3268
f 2471/3493/3271 2470/3492/3270 2476/3498/3276 2472/3494/3272
f 2476/3498/3276 2470/3492/3270 2469/3491/3269 2477/3499/3277
f 2476/3498/3276 2477/3499/3277 2478/3500/3278 2479/3501/3279
f 2476/3498/3276 2479/3501/3279 2480/3502/3280 2472/3494/3272
f 2480/3502/3280 2481/3503/3281 2482/3504/3282 2483/3505/3283
f 2480/3502/3280 2483/3505/3283 2473/3495/3273 2472/3494/3272
f 2480/3502/3280 2479/3501/3279 2484/3506/3284 2481/3503/3281
f 2484/3506/3284 2479/3501/3279 2478/3500/3278 2485/3507/3285
f 2484/3506/3284 2485/3507/3285 2486/3508/3286 2487/3509/3287
f 2484/3506/3284 2487/3509/3287 2488/3510/3288 2481/3503/3281
f 2488/3510/3288 2489/3511/3289 2490/3512/3290 2491/3513/3291
f 2488/3510/3288 2491/3513/3291 2482/3504/3282 2481/3503/3281
f 2488/3510/3288 2487/3509/3287 2492/3514/3292 2489/3511/3289
f 2492/3514/3292 1742/2365/2238 1741/2364/2237 2489/3511/3289
f 2492/3514/3292 2487/3509/3287 2486/3508/3286 1747/2377/2247
f 2492/3514/3292 1747/2377/2247 1539/2376/2246 1742/2365/2238
f 2491/3513/3291 2490/3512/3290 2493/3515/3293 2494/3516/3294
f 2491/3513/3291 2494/3516/3294 2495/3517/3295 2482/3504/3282
f 2495/3517/3295 2494/3516/3294 2496/3518/3296 2497/3519/3297
f 2495/3517/3295 2497/3519/3297 2498/3520/3298 2499/3521/3299
f 2495/3517/3295 2499/3521/3299 2483/3505/3283 2482/3504/3282
f 2499/3521/3299 2498/3520/3298 2500/3522/3300 2501/3523/3301
f 2499/3521/3299 2501/3523/3301 2473/3495/3273 2483/3505/3283
f 2501/3523/3301 2500/3522/3300 2502/3524/3302 2503/3525/3303
f 2501/3523/3301 2503/3525/3303 2474/3496/3274 2473/3495/3273
f 2503/3525/3303 2502/3524/3302 2504/3526/3304 2505/3527/3305
f 2503/3525/3303 2505/3527/3305 2475/3497/3275 2474/3496/3274
f 2505/3527/3305 2504/3526/3304 2506/3528/3306 2507/3529/3307
f 2505/3527/3305 2507/3529/3307 2508/3530/3308 2475/3497/3275
f 2508/3531/3308 2507/3532/3307 2509/3533/3309 2510/3534/3310
f 2508/3531/3308 2510/3534/3310 2462/3480/3257 2461/3479/3256
f 2508/3530/3308 2461/3490/3256 2468/3489/3268 2475/3497/3275
f 2510/3534/3311 2509/3533/3312 2511/3535/3313 2512/3536/3314
f 2510/3534/3311 2512/3536/3314 2454/3470/3246 2462/3480/3258
f 2512/3536/3314 2511/3535/3313 1633/2142/2042 1635/2149/2047
f 2512/3536/3314 1635/2149/2047 2455/3471/3247 2454/3470/3246
f 2511/3535/3313 2509/3533/3312 2513/3537/3315 2514/3538/3316
f 2511/3535/3313 2514/3538/3316 1625/2143/2043 1633/2142/2042
f 2514/3538/3316 2513/3537/3315 2515/3539/3317 2516/3540/3318
f 2514/3538/3316 2516/3540/3318 1626/3541/3319 1625/2143/2043
f 2516/3540/3318 2515/3539/3317 2517/3542/3320 2518/3543/3321
f 2518/3543/3321 2517/3542/3320 2519/3544/3322 1589/3545/1972
f 2519/3544/3322 2520/3546/3323 2521/3547/3324 2522/3548/3325
f 2519/3544/3322 2522/3548/3326 1590/3549/1973 1589/3545/1972
f 2519/3544/3322 2517/3542/3320 2523/3550/3327 2520/3546/3323
f 2523/3551/3328 2524/3552/3329 2525/3553/3330 2520/3554/3331
f 2523/3550/3327 2517/3542/3320 2515/3539/3332 2526/3555/3333
f 2523/3551/3328 2526/3556/3334 2527/3557/3335 2524/3552/3329
f 2527/3557/3335 2528/3558/3336 2529/3559/3337 2524/3552/3329
f 2527/3557/3335 2526/3556/3334 2506/3528/3306 2504/3526/3304
f 2527/3557/3335 2504/3526/3304 2502/3524/3302 2528/3558/3336
f 2529/3559/3337 2530/3560/3338 2531/3561/3339 2532/3562/3340
f 2529/3559/3337 2532/3562/3340 2525/3553/3330 2524/3552/3329
f 2529/3559/3337 2528/3558/3336 2533/3563/3341 2530/3560/3338
f 2533/3563/3341 2534/3564/3342 2535/3565/3343 2530/3560/3338
f 2533/3563/3341 2528/3558/3336 2502/3524/3302 2500/3522/3300
f 2533/3563/3341 2500/3522/3300 2498/3520/3298 2534/3564/3342
f 2535/3565/3343 2536/3566/3344 2537/3567/3345 2538/3568/3346
f 2535/3565/3343 2538/3568/3346 2531/3561/3339 2530/3560/3338
f 2535/3565/3343 2534/3564/3342 2539/3569/3347 2536/3566/3344
f 2539/3569/3347 2540/3570/3348 2541/3571/3349 2536/3566/3344
f 2539/3569/3347 2534/3564/3342 2498/3520/3298 2497/3519/3297
f 2539/3569/3347 2497/3519/3297 2496/3518/3296 2540/3570/3348
f 2541/3571/3349 2542/3572/3350 1618/2115/2016 2543/3573/3351
f 2541/3571/3349 2543/3573/3351 2537/3567/3345 2536/3566/3344
f 2541/3571/3349 2540/3570/3348 2544/3574/3352 2542/3572/3350
f 2544/3574/3352 2545/3575/3353 2546/3576/3354 2542/3572/3350
f 2544/3574/3352 2540/3570/3348 2496/3518/3296 2547/3577/3355
f 2544/3574/3352 2547/3577/3355 2548/3578/3356 2545/3575/3353
f 2548/3578/3356 2549/3579/3357 1642/2162/2058 2545/3575/3353
f 2548/3578/3356 2547/3577/3355 2493/3515/3293 2550/3580/3358
f 2548/3578/3356 2550/3580/3358 2551/3581/3359 2549/3579/3357
f 2551/3581/3359 2552/3582/3360 2553/3583/3361 2549/3579/3357
f 2551/3581/3359 2550/3580/3358 2554/3584/3362 1746/2375/2245
f 2551/3581/3359 1746/2375/2245 1745/2374/2244 2552/3582/3360
f 2554/3584/3362 2550/3580/3358 2493/3515/3293 2490/3512/3290
f 2554/3584/3362 2490/3512/3290 2489/3511/3289 1741/2364/2237
f 2554/3584/3362 1741/2364/2237 1740/2363/2236 1746/2375/2245
f 2553/3583/3361 1643/2163/2059 1642/2162/2058 2549/3579/3357
f 2553/3583/3361 2552/3582/3360 2555/3585/3363 2556/3586/3364
f 2555/3585/3363 2557/3587/3365 2558/3588/3366 2556/3586/3364
f 2555/3585/3363 2552/3582/3360 1745/2374/2244 2559/3589/3367
f 2555/3585/3363 2559/3589/3367 2314/3301/3086 2557/3587/3365
f 2558/3588/3366 2560/3590/3368 1546/2385/2255 1752/2384/2254
f 2558/3588/3366 1752/2384/2254 2561/3591/3369 2556/3586/3364
f 2558/3588/3366 2557/3587/3365 2311/3298/3083 2560/3590/3368
f 2560/3590/3368 2308/3295/3080 2383/3394/3173 1546/2385/2255
f 2560/3590/3368 2311/3298/3083 2309/3296/3081 2308/3295/3080
f 2557/3587/3365 2314/3301/3086 2312/3299/3084 2311/3298/3083
f 2561/3591/3369 1752/2384/2254 1751/3592/3370 2562/3593/3370
f 2547/3577/3355 2496/3518/3296 2494/3516/3294 2493/3515/3293
f 2546/3576/3354 1513/2161/2057 1511/3594/3371 1619/2116/2017
f 2546/3576/3354 1619/2116/2017 1618/2115/2016 2542/3572/3350
f 2546/3576/3354 2545/3575/3353 1642/2162/2058 1513/2161/2057
f 2543/3573/3351 1618/2115/2016 1617/2114/2015 2563/3595/3372
f 2543/3573/3351 2563/3595/3372 2564/3596/3373 2537/3567/3345
f 2564/3596/3373 2563/3595/3372 2565/3597/3374 2566/3598/3375
f 2564/3596/3373 2566/3598/3375 1571/3599/3376 2567/3600/3377
f 2564/3596/3373 2567/3600/3377 2538/3568/3346 2537/3567/3345
f 2567/3600/3377 1571/3599/3376 1570/2025/3378 2568/3601/3379
f 2567/3600/3377 2568/3601/3379 2531/3561/3339 2538/3568/3346
f 2568/3601/3379 1570/2025/3378 1569/2024/1946 2569/3602/3380
f 2568/3601/3379 2569/3602/3380 2532/3562/3340 2531/3561/3339
f 2569/3602/3380 1569/2024/1946 2570/3603/3381 2571/3604/3382
f 2569/3602/3380 2571/3604/3382 2525/3553/3330 2532/3562/3340
f 2571/3604/3382 2570/3603/3381 2572/3605/3383 2521/3606/3384
f 2571/3604/3382 2521/3606/3384 2520/3554/3331 2525/3553/3330
f 2572/3605/3383 2570/3603/3381 2573/3607/3385 1585/3608/3386
f 2572/3609/3387 1585/3610/3388 1584/3611/3388 2574/3612/3389
f 2572/3609/3387 2574/3612/3389 2522/3548/3325 2521/3547/3324
f 2574/3612/3390 1584/3611/3391 1583/3613/3392 1591/3614/1974
f 2574/3612/3390 1591/3614/1974 1590/3549/1973 2522/3548/3326
f 2573/3615/3393 1568/2040/3394 1577/2039/1965 1581/2047/1964
f 2573/3615/3393 1581/2047/1964 1582/3616/3395 1585/3617/3395
f 2573/3607/3385 2570/3603/3381 1569/2024/1946 1568/2023/1945
f 2566/3618/3396 2565/3619/3397 2575/3620/3398 2576/3621/3399
f 2566/3618/3396 2576/3621/3399 1572/2028/1949 1571/2027/1948
f 2576/3622/3400 2575/3623/3401 2577/3624/3402 2578/3625/3403
f 2576/3622/3400 2578/3625/3403 1576/2035/1955 1572/2034/1954
f 2578/3625/3403 2577/3624/3402 2579/3626/3404 2580/3627/3405
f 2578/3625/3403 2580/3627/3405 2581/3628/3406 1576/2035/1955
f 2581/3628/3407 1595/2073/1981 1573/2036/1951 1576/2035/1955
f 2581/3628/3406 2580/3627/3405 2582/3629/3408 2583/3630/3409
f 2581/3631/3407 2583/3632/3410 1596/3633/1982 1595/3634/1981
f 2583/3630/3409 2582/3629/3408 2584/3635/3411 2585/3636/3412
f 2583/3632/3410 2585/3637/3412 1623/3638/2027 1596/3633/1982
f 2585/3636/3412 2584/3635/3411 2586/3639/3413 2587/3640/3414
f 2585/3636/3412 2587/3640/3414 1624/2127/2028 1623/2126/2027
f 2587/3640/3414 2586/3639/3413 2445/3641/3235 2444/3456/3234
f 2587/3640/3414 2444/3456/3234 1627/2130/2030 1624/2127/2028
f 2586/3639/3415 2584/3635/3411 2588/3642/3416 2589/3643/3417
f 2586/3639/3415 2589/3643/3417 2590/3644/3418 2445/3641/3419
f 2590/3644/3418 2589/3643/3417 2591/3645/3420 2592/3646/3421
f 2590/3644/3418 2592/3646/3421 2434/3442/3221 2433/3441/3220
f 2590/3644/3418 2433/3441/3220 2439/3447/3226 2445/3641/3419
f 2592/3646/3421 2591/3645/3420 2593/3647/3422 2594/3648/3423
f 2592/3646/3421 2594/3648/3423 2435/3443/3222 2434/3442/3221
f 2594/3648/3423 2593/3647/3422 2595/3649/3424 2596/3650/3425
f 2594/3648/3423 2596/3650/3425 2597/3651/3426 2435/3443/3222
f 2597/3651/3426 2596/3650/3425 2598/3652/3427 2414/3422/3201
f 2597/3651/3426 2414/3422/3201 2413/3421/3200 2419/3427/3206
f 2597/3651/3426 2419/3427/3206 2428/3436/3215 2435/3443/3222
f 2598/3652/3427 2596/3650/3425 2595/3649/3424 2599/3653/3428
f 2598/3652/3427 2599/3653/3428 2600/3654/3429 2409/3417/3196
f 2598/3652/3427 2409/3417/3196 2408/3416/3195 2414/3422/3201
f 2600/3654/3429 2599/3653/3428 2601/3655/3430 2602/3656/3431
f 2600/3654/3429 2602/3656/3431 2603/3657/3432 2404/3412/3191
f 2600/3654/3429 2404/3412/3191 2403/3411/3190 2409/3417/3196
f 2603/3657/3432 2602/3656/3431 1636/2152/2050 1645/2166/2062
f 2603/3657/3432 1645/2166/2062 1754/3658/3433 2399/3407/3186
f 2603/3657/3432 2399/3407/3186 2398/3406/3185 2404/3412/3191
f 2602/3656/3431 2601/3655/3430 1620/2122/2023 1636/2152/2050
f 2601/3655/3430 2604/3659/3434 1621/2123/2024 1620/2122/2023
f 2601/3655/3430 2599/3653/3428 2595/3649/3424 2604/3659/3434
f 2604/3659/3434 2605/3660/3435 2606/3661/3436 1621/2123/2024
f 2604/3659/3434 2595/3649/3424 2593/3647/3422 2605/3660/3435
f 2606/3661/3436 2607/3662/3437 2608/3663/3438 1615/2111/2012
f 2606/3661/3436 1615/2111/2012 1614/2110/2011 1621/2123/2024
f 2606/3661/3436 2605/3660/3435 2609/3664/3439 2607/3662/3437
f 2609/3664/3439 2588/3642/3416 2610/3665/3440 2607/3662/3437
f 2609/3664/3439 2605/3660/3435 2593/3647/3422 2591/3645/3420
f 2609/3664/3439 2591/3645/3420 2589/3643/3417 2588/3642/3416
f 2610/3665/3440 2582/3629/3408 2580/3627/3405 2579/3626/3404
f 2610/3665/3440 2579/3626/3404 2608/3663/3438 2607/3662/3437
f 2610/3665/3440 2588/3642/3416 2584/3635/3411 2582/3629/3408
f 2608/3663/3438 2579/3626/3404 2577/3624/3402 2611/3666/3441
f 2608/3663/3438 2611/3666/3441 1616/2112/2013 1615/2111/2012
f 2611/3666/3441 2577/3624/3402 2575/3623/3401 1611/3667/3442
f 2611/3666/3441 1611/3667/3442 1613/3668/3443 1616/2112/2013
f 2575/3620/3398 2565/3619/3397 1612/2108/2009 1611/2107/2008
f 2565/3597/3374 2563/3595/3372 1617/2114/2015 1612/2118/2019
f 2526/3555/3333 2515/3539/3332 2513/3537/3444 2506/3669/3306
f 2513/3537/3444 2509/3533/3309 2507/3532/3307 2506/3669/3306
f 2486/3508/3286 2485/3507/3285 2612/3670/3445 2613/3671/3446
f 2486/3508/3286 2613/3671/3446 1748/2378/2248 1747/2377/2247
f 2613/3671/3446 2612/3670/3445 2614/3672/3447 2615/3673/3448
f 2613/3671/3446 2615/3673/3448 2616/3674/3449 1748/2378/2248
f 2616/3674/3449 2617/3675/3450 1749/2379/2249 1748/2378/2248
f 2616/3676/3451 2615/3677/3451 2618/3678/3451 2619/3679/3451
f 2616/3676/3452 2619/3679/3453 2620/3680/3454 2617/3681/3455
f 2620/3680/3454 2621/3682/3456 2622/3683/3457 2617/3681/3455
f 2620/3680/3454 2619/3679/3453 2623/3684/3458 2624/3685/3459
f 2620/3680/3454 2624/3685/3459 2625/3686/3460 2621/3682/3456
f 2625/3686/3460 2626/3687/3461 2627/3688/3462 2621/3682/3456
f 2625/3689/3463 2624/3690/3464 2628/3691/3464 2629/3692/3465
f 2625/3689/3463 2629/3692/3465 2630/3693/3466 2626/3694/3466
f 2630/3693/3467 2631/3695/3468 2632/3696/3469 2626/3694/3467
f 2630/3697/3470 2629/3698/3471 2633/3699/3472 2634/3700/3473
f 2630/3697/3470 2634/3700/3473 2635/3701/3474 2631/3702/3475
f 2635/3701/3474 2326/3324/3105 2324/3323/3104 2631/3702/3475
f 2635/3701/3474 2634/3700/3473 2636/3703/3476 2637/3704/3477
f 2635/3701/3474 2637/3704/3477 2638/3705/3478 2326/3324/3105
f 2638/3705/3478 2329/3331/3110 2327/3325/3106 2326/3324/3105
f 2638/3705/3478 2637/3704/3477 2639/3706/3479 2640/3707/3480
f 2638/3705/3478 2640/3707/3480 2641/3708/3481 2329/3331/3110
f 2641/3708/3481 2332/3335/3114 2330/3332/3111 2329/3331/3110
f 2641/3709/3482 2640/3710/3483 2642/3711/3484 2643/3712/3485
f 2641/3709/3482 2643/3712/3485 2644/3713/3486 2332/3714/3487
f 2644/3713/3486 2335/3340/3119 2333/3339/3118 2332/3714/3487
f 2644/3713/3486 2643/3712/3485 2645/3715/3488 2646/3716/3489
f 2644/3713/3486 2646/3716/3489 2647/3717/3490 2335/3340/3119
f 2647/3717/3490 2646/3716/3489 2648/3718/3491 2649/3719/3492
f 2647/3717/3490 2649/3719/3492 2340/3346/3125 2338/3344/3123
f 2647/3717/3490 2338/3344/3123 2336/3341/3120 2335/3340/3119
f 2649/3719/3492 2648/3718/3491 2650/3720/3493 2651/3721/3494
f 2649/3719/3492 2651/3721/3494 2652/3722/3495 2340/3346/3125
f 2652/3722/3495 2651/3721/3494 2653/3723/3496 2654/3724/3497
f 2652/3722/3495 2654/3724/3497 2655/3725/3498 2343/3349/3128
f 2652/3722/3495 2343/3349/3128 2341/3347/3126 2340/3346/3125
f 2655/3725/3498 2654/3724/3497 2656/3726/3499 2657/3727/3500
f 2655/3725/3498 2657/3727/3500 2658/3728/3501 2346/3352/3131
f 2655/3725/3498 2346/3352/3131 2344/3350/3129 2343/3349/3128
f 2658/3728/3501 2657/3727/3500 2659/3729/3502 2660/3730/3503
f 2658/3728/3501 2660/3730/3503 2661/3731/3504 2662/3732/3505
f 2658/3728/3501 2662/3732/3505 2347/3353/3132 2346/3352/3131
f 2662/3732/3505 2661/3731/3504 2663/3733/3506 2664/3734/3507
f 2662/3732/3505 2664/3734/3507 2348/3354/3133 2347/3353/3132
f 2664/3734/3507 2663/3733/3506 2665/3735/3508 2666/3736/3509
f 2664/3734/3507 2666/3736/3509 2350/3356/3135 2348/3354/3133
f 2666/3736/3509 2665/3735/3508 2667/3737/3510 2668/3738/3511
f 2666/3736/3509 2668/3738/3511 2352/3358/3137 2350/3356/3135
f 2668/3738/3511 2667/3737/3510 2669/3739/3512 2670/3740/3513
f 2668/3738/3511 2670/3740/3513 2354/3360/3139 2352/3358/3137
f 2670/3741/3514 2669/3742/3515 2671/3743/3516 2672/3744/3517
f 2670/3741/3514 2672/3744/3517 2356/3364/3143 2354/3363/3142
f 2672/3744/3517 2671/3743/3516 2673/3745/3518 2361/3746/3519
f 2672/3744/3517 2361/3746/3519 2358/3366/3145 2356/3364/3143
f 2673/3745/3518 2671/3743/3516 2674/3747/3520 2675/3748/3521
f 2673/3749/3522 2675/3750/3523 2676/3751/3524 2364/3375/3154
f 2673/3749/3522 2364/3375/3154 2362/3373/3152 2361/3372/3151
f 2676/3751/3524 2675/3750/3523 2677/3752/3525 2678/3753/3526
f 2676/3751/3524 2678/3753/3527 2679/3754/3528 2367/3378/3157
f 2676/3751/3524 2367/3378/3157 2365/3376/3155 2364/3375/3154
f 2679/3754/3528 2678/3753/3527 2680/3755/3529 2681/3756/3530
f 2679/3754/3528 2681/3756/3530 2682/3757/3531 2370/3381/3160
f 2679/3754/3528 2370/3381/3160 2368/3379/3158 2367/3378/3157
f 2682/3757/3531 2681/3756/3530 1798/2444/2303 1806/2457/2314
f 2682/3757/3531 1806/2457/2314 2683/3758/3532 2684/3759/3533
f 2682/3757/3531 2684/3759/3533 2371/3382/3161 2370/3381/3160
f 2684/3759/3533 2683/3758/3532 2685/3760/3534 2686/3761/3535
f 2684/3759/3533 2686/3761/3535 2372/3383/3162 2371/3382/3161
f 2686/3761/3535 2685/3760/3534 2687/3762/3536 2688/3763/3537
f 2686/3761/3535 2688/3763/3537 2374/3385/3164 2372/3383/3162
f 2688/3763/3537 2687/3762/3536 2689/3764/3538 2690/3765/3539
f 2688/3763/3537 2690/3765/3539 2376/3387/3166 2374/3385/3164
f 2690/3765/3539 2689/3764/3538 2691/3766/3540 2384/3395/3174
f 2690/3765/3539 2384/3395/3174 2378/3389/3168 2376/3387/3166
f 2691/3767/3541 2689/3768/3538 2692/3769/3542 2693/3770/3543
f 2691/3767/3541 2693/3770/3543 2694/3771/3544 2387/3772/3544
f 2691/3766/3540 2387/3398/3177 2385/3396/3175 2384/3395/3174
f 2694/3771/3545 2389/3773/3545 2388/378/3545 2387/3772/3545
f 2694/3774/3546 2693/3775/3547 2695/3776/3548 2696/3777/3549
f 2694/3774/3546 2696/3777/3549 2390/3778/3550 2389/3779/3551
f 2696/3777/3549 2695/3776/3548 2697/3780/3552 2698/3781/3553
f 2696/3777/3549 2698/3781/3553 2391/3782/3554 2390/3778/3550
f 2698/3781/3553 2697/3780/3552 2699/3783/3555 2700/3784/3556
f 2698/3781/3553 2700/3784/3556 2701/3785/3557 2391/3782/3554
f 2700/3784/3556 2699/3783/3555 2702/3786/3558 2703/3787/3559
f 2700/3784/3556 2703/3787/3559 2704/3788/3560 2701/3785/3557
f 2704/3788/3560 2393/3401/3180 2705/3789/3561 2701/3785/3557
f 2704/3788/3560 2703/3787/3559 2706/3790/3562 2707/3791/3563
f 2704/3788/3560 2707/3791/3563 2394/3402/3181 2393/3401/3180
f 2707/3791/3563 2706/3790/3562 2708/3792/3564 2709/3793/3565
f 2707/3791/3563 2709/3793/3565 2710/3794/3566 2394/3402/3181
f 2710/3794/3566 2400/3408/3187 2395/3403/3182 2394/3402/3181
f 2710/3794/3566 2709/3793/3565 2711/3795/3567 2712/3796/3568
f 2710/3794/3566 2712/3796/3568 2713/3797/3569 2400/3408/3187
f 2713/3797/3569 2405/3413/3192 2401/3409/3188 2400/3408/3187
f 2713/3797/3569 2712/3796/3568 2714/3798/3570 2715/3799/3571
f 2713/3797/3569 2715/3799/3571 2716/3800/3572 2405/3413/3192
f 2716/3800/3572 2410/3418/3197 2406/3414/3193 2405/3413/3192
f 2716/3800/3572 2715/3799/3571 2717/3801/3573 2718/3802/3574
f 2716/3800/3572 2718/3802/3574 2719/3803/3575 2410/3418/3197
f 2719/3803/3575 2415/3423/3202 2411/3419/3198 2410/3418/3197
f 2719/3803/3575 2718/3802/3574 2720/3804/3576 2721/3805/3577
f 2719/3803/3575 2721/3805/3577 2722/3806/3578 2415/3423/3202
f 2722/3806/3578 2420/3428/3207 2416/3424/3203 2415/3423/3202
f 2722/3806/3578 2721/3805/3577 2723/3807/3579 2724/3808/3580
f 2722/3806/3578 2724/3808/3580 2725/3809/3581 2420/3428/3207
f 2725/3809/3581 2423/3431/3210 2421/3429/3208 2420/3428/3207
f 2725/3809/3581 2724/3808/3580 2726/3810/3582 2727/3811/3583
f 2725/3809/3581 2727/3811/3583 2728/3812/3584 2423/3431/3210
f 2728/3812/3584 2729/3813/3585 2424/3432/3211 2423/3431/3210
f 2728/3814/3586 2727/3815/3587 2730/3816/3588 2731/3817/3589
f 2728/3814/3586 2731/3817/3589 2732/3818/3590 2729/3819/3591
f 2732/3820/3592 2733/3821/3592 2734/3822/3592 2735/3823/3592
f 2732/3818/3590 2735/3824/3593 2736/3825/3594 2729/3819/3591
f 2732/3818/3590 2731/3817/3589 2737/3826/3595 2733/3827/3596
f 2737/3828/3597 2738/3829/3598 2739/3830/3599 2733/3831/3600
f 2737/3826/3595 2731/3817/3589 2730/3816/3588 2740/3832/3601
f 2737/3833/3597 2740/3834/3602 2741/3835/3603 2738/3836/3598
f 2741/3837/3604 2628/3691/3604 2624/3690/3604 2623/3838/3604
f 2741/3839/3603 2623/3684/3605 2742/3840/3606 2738/3829/3598
f 2741/3841/3607 2740/3832/3601 2743/3842/3608 2628/3843/3609
f 2743/3842/3608 2633/3699/3472 2629/3698/3471 2628/3843/3609
f 2743/3842/3608 2740/3832/3601 2730/3816/3588 2744/3844/3610
f 2743/3842/3608 2744/3844/3610 2745/3845/3611 2633/3699/3472
f 2745/3845/3611 2636/3703/3476 2634/3700/3473 2633/3699/3472
f 2745/3845/3611 2744/3844/3610 2726/3846/3612 2746/3847/3613
f 2745/3845/3611 2746/3847/3613 2747/3848/3614 2636/3703/3476
f 2747/3848/3614 2639/3706/3479 2637/3704/3477 2636/3703/3476
f 2747/3849/3615 2746/3850/3616 2723/3807/3579 2748/3851/3617
f 2747/3849/3615 2748/3851/3617 2749/3852/3618 2639/3853/3619
f 2749/3852/3618 2642/3711/3484 2640/3710/3483 2639/3853/3619
f 2749/3852/3618 2748/3851/3617 2720/3804/3576 2750/3854/3620
f 2749/3852/3618 2750/3854/3620 2751/3855/3621 2642/3711/3484
f 2751/3855/3621 2645/3715/3488 2643/3712/3485 2642/3711/3484
f 2751/3855/3621 2750/3854/3620 2717/3801/3573 2752/3856/3622
f 2751/3855/3621 2752/3856/3622 2753/3857/3623 2645/3715/3488
f 2753/3857/3623 2752/3856/3622 2714/3798/3570 2754/3858/3624
f 2753/3857/3623 2754/3858/3624 2650/3720/3493 2648/3718/3491
f 2753/3857/3623 2648/3718/3491 2646/3716/3489 2645/3715/3488
f 2754/3858/3624 2714/3798/3570 2712/3796/3568 2711/3795/3567
f 2754/3858/3624 2711/3795/3567 2755/3859/3625 2650/3720/3493
f 2755/3859/3625 2711/3795/3567 2709/3793/3565 2708/3792/3564
f 2755/3859/3625 2708/3792/3564 2756/3860/3626 2653/3723/3496
f 2755/3859/3625 2653/3723/3496 2651/3721/3494 2650/3720/3493
f 2756/3860/3626 2708/3792/3564 2706/3790/3562 2757/3861/3627
f 2756/3860/3626 2757/3861/3627 2758/3862/3628 2656/3726/3499
f 2756/3860/3626 2656/3726/3499 2654/3724/3497 2653/3723/3496
f 2758/3862/3628 2757/3861/3627 2702/3786/3558 2759/3863/3629
f 2758/3862/3628 2759/3863/3629 2760/3864/3630 2659/3729/3502
f 2758/3862/3628 2659/3729/3502 2657/3727/3500 2656/3726/3499
f 2760/3864/3630 2759/3863/3629 2761/3865/3631 2762/3866/3632
f 2760/3864/3630 2762/3866/3632 2763/3867/3633 2764/3868/3634
f 2760/3864/3630 2764/3868/3634 2660/3730/3503 2659/3729/3502
f 2764/3868/3634 2763/3867/3633 2765/3869/3635 2766/3870/3636
f 2764/3868/3634 2766/3870/3636 2661/3731/3504 2660/3730/3503
f 2766/3870/3636 2765/3869/3635 2767/3871/3637 2768/3872/3638
f 2766/3870/3636 2768/3872/3638 2663/3733/3506 2661/3731/3504
f 2768/3872/3638 2767/3871/3637 2769/3873/3639 2770/3874/3640
f 2768/3872/3638 2770/3874/3640 2665/3735/3508 2663/3733/3506
f 2770/3874/3640 2769/3873/3639 2771/3875/3641 2772/3876/3642
f 2770/3874/3640 2772/3876/3642 2667/3737/3510 2665/3735/3508
f 2772/3876/3642 2771/3875/3641 2773/3877/3643 2774/3878/3644
f 2772/3876/3642 2774/3878/3644 2669/3739/3512 2667/3737/3510
f 2774/3879/3645 2773/3880/3646 2775/3881/3647 2674/3747/3648
f 2774/3879/3645 2674/3747/3648 2671/3743/3516 2669/3742/3515
f 2775/3881/3647 2773/3880/3646 2776/3882/3649 2777/3883/3650
f 2775/3881/3651 2777/3883/3652 2778/3884/3653 2677/3885/3654
f 2775/3881/3651 2677/3885/3654 2675/3748/3521 2674/3747/3520
f 2778/3884/3653 2777/3883/3652 2779/3886/3655 2780/3887/3656
f 2778/3888/3657 2780/3889/3656 1799/2445/3658 2680/3755/3659
f 2778/3888/3657 2680/3755/3659 2678/3753/3526 2677/3752/3525
f 2780/3887/3656 2779/3886/3655 1810/3890/3660 1807/2460/2317
f 2780/3889/3656 1807/3891/2317 1800/2446/2316 1799/2445/3658
f 2779/3892/3661 2781/3893/3662 1809/3894/3663 1810/3895/3663
f 2779/3892/3661 2777/3896/3650 2776/3897/3649 2781/3893/3662
f 2781/3893/3664 1805/2455/2312 1801/2454/2311 1809/3894/3665
f 2781/3893/3664 2776/3897/3666 2782/3898/3667 1805/2455/2312
f 2782/3898/3667 2783/3899/3668 1802/2451/2308 1805/2455/2312
f 2782/3898/3667 2776/3897/3666 2773/3877/3643 2771/3875/3641
f 2782/3898/3667 2771/3875/3641 2769/3873/3639 2783/3899/3668
f 2783/3899/3668 2784/3900/3669 1803/2452/2309 1802/2451/2308
f 2783/3899/3668 2769/3873/3639 2767/3871/3637 2784/3900/3669
f 2784/3900/3669 2785/3901/3670 2786/3902/3671 1803/2452/2309
f 2784/3900/3669 2767/3871/3637 2765/3869/3635 2785/3901/3670
f 2786/3902/3671 2787/3903/3672 2788/3904/3673 2789/3905/3674
f 2786/3902/3671 2789/3905/3674 1804/2453/2310 1803/2452/2309
f 2786/3902/3671 2785/3901/3670 2790/3906/3675 2787/3903/3672
f 2790/3906/3675 2791/3907/3676 2792/3908/3677 2787/3903/3672
f 2790/3906/3675 2785/3901/3670 2765/3869/3635 2763/3867/3633
f 2790/3906/3675 2763/3867/3633 2762/3866/3632 2791/3907/3676
f 2792/3908/3677 2793/3909/3678 2692/3910/3679 2794/3911/3680
f 2792/3908/3677 2794/3911/3680 2788/3904/3673 2787/3903/3672
f 2792/3908/3677 2791/3907/3676 2795/3912/3681 2793/3909/3678
f 2795/3912/3681 2697/3780/3552 2695/3776/3548 2793/3909/3678
f 2795/3912/3681 2791/3907/3676 2762/3866/3632 2761/3865/3631
f 2795/3912/3681 2761/3865/3631 2699/3783/3555 2697/3780/3552
f 2794/3913/3682 2692/3914/3542 2689/3764/3538 2687/3762/3536
f 2794/3913/3682 2687/3762/3536 2685/3760/3534 2788/3915/3683
f 2793/3909/3678 2695/3776/3548 2693/3775/3547 2692/3910/3679
f 2789/3916/3684 2788/3915/3683 2685/3760/3534 2683/3758/3532
f 2789/3916/3684 2683/3758/3532 1806/2457/2314 1804/2456/2313
f 2761/3865/3631 2759/3863/3629 2702/3786/3558 2699/3783/3555
f 2757/3861/3627 2706/3790/3562 2703/3787/3559 2702/3786/3558
f 2752/3856/3622 2717/3801/3573 2715/3799/3571 2714/3798/3570
f 2750/3854/3620 2720/3804/3576 2718/3802/3574 2717/3801/3573
f 2748/3851/3617 2723/3807/3579 2721/3805/3577 2720/3804/3576
f 2746/3850/3616 2726/3810/3582 2724/3808/3580 2723/3807/3579
f 2744/3844/3610 2730/3816/3588 2727/3815/3587 2726/3846/3612
f 2742/3840/3685 2618/3678/3685 2796/3917/3685 2797/3918/3685
f 2742/3840/3606 2797/3918/3686 2739/3830/3599 2738/3829/3598
f 2742/3840/3687 2623/3684/3458 2619/3679/3453 2618/3678/3687
f 2797/3919/3688 2796/3920/3689 2798/3921/3690 2799/3922/3691
f 2797/3918/3686 2799/3923/3692 2800/3924/3693 2739/3830/3599
f 2800/3924/3693 2799/3923/3692 2801/3925/3694 2802/3926/3695
f 2800/3924/3693 2802/3926/3695 2803/3927/3696 2734/3928/3697
f 2800/3924/3693 2734/3928/3697 2733/3831/3600 2739/3830/3599
f 2803/3927/3696 2802/3926/3695 2804/3929/3698 1685/2249/2137
f 2803/3927/3696 1685/2249/2137 1680/2248/2136 1679/3930/3699
f 2803/3927/3696 1679/3930/3699 2735/3931/3700 2734/3928/3697
f 2804/3929/3698 2805/3932/3701 1695/2266/2152 1694/2265/2151
f 2804/3929/3698 1694/2265/2151 1686/2250/2138 1685/2249/2137
f 2804/3929/3698 2802/3926/3695 2801/3925/3694 2805/3932/3701
f 2805/3933/3702 2806/3934/3703 1696/2269/2155 1695/2268/2154
f 2805/3933/3702 2801/3935/3704 2807/3936/3705 2806/3934/3703
f 2807/3936/3705 2808/3937/3706 2809/3938/3707 2806/3934/3703
f 2807/3936/3705 2801/3935/3704 2799/3922/3691 2798/3921/3690
f 2807/3936/3705 2798/3921/3690 2810/3939/3708 2808/3937/3706
f 2810/3939/3708 2811/3940/3709 2812/3941/3710 2808/3937/3706
f 2810/3939/3708 2798/3921/3690 2796/3920/3689 2614/3672/3447
f 2810/3939/3708 2614/3672/3447 2612/3670/3445 2811/3940/3709
f 2812/3941/3710 2477/3499/3277 2469/3491/3269 2813/3942/3711
f 2812/3941/3710 2813/3942/3711 2809/3938/3707 2808/3937/3706
f 2812/3941/3710 2811/3940/3709 2478/3500/3278 2477/3499/3277
f 2813/3942/3711 2469/3491/3269 2466/3486/3266 2465/3485/3265
f 2813/3942/3711 2465/3485/3265 2814/3943/3712 2809/3938/3707
f 2814/3943/3712 2465/3485/3265 2464/3484/3264 2815/3944/3713
f 2814/3943/3712 2815/3944/3713 1691/2270/2156 1696/2269/2155
f 2814/3943/3712 1696/2269/2155 2806/3934/3703 2809/3938/3707
f 2815/3945/3714 2464/3482/3262 2457/3475/3261 2816/3946/3715
f 2815/3945/3714 2816/3946/3715 1692/2261/2147 1691/2260/2146
f 2816/3946/3716 2457/3475/3251 1668/2217/2109 1667/2216/2108
f 2816/3946/3716 1667/2216/2108 1670/2220/2112 1692/2261/2147
f 2811/3940/3709 2612/3670/3445 2485/3507/3285 2478/3500/3278
f 2796/3920/3689 2618/3947/3717 2615/3673/3448 2614/3672/3447
f 2736/3948/3594 2425/3433/3212 2424/3432/3211 2729/3813/3585
f 2736/3825/3594 2735/3824/3593 1679/3949/3718 1678/2234/2125
f 2736/3825/3594 1678/2234/2125 1677/2233/2124 2425/3950/3212
f 2681/3756/3530 2680/3755/3529 1799/2445/2304 1798/2444/2303
f 2632/3951/3469 2322/3318/3099 2320/3316/3097 2817/3952/3719
f 2632/3951/3469 2817/3952/3719 2627/3688/3462 2626/3687/3461
f 2632/3951/3469 2631/3953/3468 2324/3320/3101 2322/3318/3099
f 2817/3952/3719 2320/3316/3097 2318/3315/3096 2818/3954/3720
f 2817/3952/3719 2818/3954/3720 2819/3955/3721 2627/3688/3462
f 2819/3955/3721 2818/3954/3720 2820/3956/3722 2821/3957/3723
f 2819/3955/3721 2821/3957/3723 2822/3958/3724 2622/3683/3457
f 2819/3955/3721 2622/3683/3457 2621/3682/3456 2627/3688/3462
f 2822/3959/3725 2821/3960/3726 2823/3961/3727 1750/3962/2252
f 2822/3958/3725 1750/2382/2252 1539/2381/2251 1749/3963/3728
f 2822/3958/3724 1749/3963/3729 2617/3681/3455 2622/3683/3457
f 2823/3964/3730 2825/3965/3730 1744/2383/2253 1750/2382/2252
f 2824/3966/3731 2823/3961/3727 2821/3960/3726 2820/3967/3731
f 2818/3954/3732 2318/3315/3094 2316/3307/3093 2820/3956/3732
f 2455/3472/3247 1635/3968/2047 1510/2131/2046 2448/3462/3733
f 2449/3464/3240 2440/3463/3239 1655/2194/2087 1658/2193/2086
f 2448/3462/3238 1510/2131/2031 1627/2130/2030 2443/3455/3233
f 2440/3450/3229 2437/3449/3228 1656/2189/2083 1655/2188/2082
f 2429/3437/3216 2426/3434/3213 2425/3433/3212 1677/3969/3734
f 2429/3437/3216 1677/3969/3734 1659/2206/2099 1662/2205/2098
f 2399/3407/3186 1754/3658/3433 1753/3970/3735 2397/3405/3184
f 2287/3274/3059 2283/3266/3051 2281/3263/3050 2280/3262/3150
f 2256/3239/3736 2217/3177/2964 2216/3176/2963 1829/2490/2342
f 2256/3239/3736 1829/2490/2342 1828/2489/2341 2251/3218/3004
f 1825/2486/3737 1824/2485/3737 1820/3971/3737 1819/3210/3737
f 1797/3972/3738 2826/3973/3739 1796/2441/2300 1795/2440/2299
f 1797/3974/3740 1794/3975/3740 1793/3976/3741 2826/3977/3742
f 2826/3973/3739 2827/3978/3743 2828/3979/3744 1796/2441/2300
f 2826/3977/3742 1793/3976/3741 2829/3980/3745 2827/3981/3746
f 2829/3980/3745 2830/3982/3747 2831/3983/3748 2827/3981/3746
f 2829/3984/3749 1793/2437/2297 1792/2436/2296 2832/3985/3750
f 2829/3984/3749 2832/3985/3750 2833/3986/3751 2830/3987/3752
f 2833/3986/3751 2834/3988/3753 2835/3989/3754 2830/3987/3752
f 2833/3990/3755 2832/3991/3756 2828/3979/3757 2836/3992/3758
f 2833/3990/3755 2836/3992/3758 2837/3993/3759 2834/3994/3760
f 2837/3993/3759 2838/3995/3761 2839/3996/3762 2834/3994/3760
f 2837/3993/3763 2836/3992/3764 2831/3997/3765 2840/3998/3766
f 2837/3993/3763 2840/3998/3766 2841/3999/3767 2838/3995/3768
f 2841/3999/3767 2842/4000/3769 2843/4001/3770 2838/3995/3768
f 2841/4002/3771 2840/4003/3772 2835/4004/3773 2844/4005/3774
f 2841/4002/3771 2844/4005/3774 2845/4006/3775 2842/4007/3776
f 2845/4006/3775 2846/4008/3777 2847/4009/3778 2842/4007/3776
f 2845/4010/3779 2844/4011/3780 2839/4012/3781 2848/4013/3782
f 2845/4010/3779 2848/4013/3782 2849/4014/3783 2846/4015/3784
f 2849/4014/3783 2850/4016/3785 2851/4017/3786 2846/4015/3784
f 2849/4018/3787 2848/4019/3788 2843/4020/3789 2852/4021/3790
f 2849/4018/3787 2852/4021/3790 2853/4022/3791 2850/4023/3792
f 2853/4022/3791 2854/4024/3793 2855/4025/3794 2850/4023/3792
f 2853/4026/3795 2852/4027/3796 2847/4028/3797 2856/4029/3798
f 2853/4026/3795 2856/4029/3798 2857/4030/3799 2854/4031/3800
f 2857/4030/3799 2858/4032/3801 2859/4033/3802 2854/4031/3800
f 2857/4034/3803 2856/4035/3804 2851/4036/3805 2860/4037/3806
f 2857/4034/3803 2860/4037/3806 2861/4038/3807 2858/4039/3808
f 2861/4038/3807 2862/4040/3809 2863/4041/3810 2858/4039/3808
f 2861/4042/3811 2860/4043/3812 2855/4044/3813 2864/4045/3814
f 2861/4042/3811 2864/4045/3814 1769/4046/3815 2862/4047/3816
f 2864/4048/3817 2855/4025/3794 2854/4024/3793 2859/4049/3818
f 2864/4048/3817 2859/4049/3818 1770/4050/3819 1769/4051/3819
f 2863/4052/3820 1759/2395/2264 1756/2391/2260 1770/2408/3821
f 2863/4052/3820 1770/2408/3821 2859/4033/3802 2858/4032/3801
f 2863/4041/3810 2862/4040/3809 2865/4053/3822 1759/4054/2264
f 2865/4055/3822 1772/2412/2276 1760/2396/2265 1759/2395/2264
f 2865/4056/3823 2862/4047/3816 1769/4046/3815 1543/2409/3823
f 2865/4056/3824 1543/2409/3824 1767/2405/3824 1772/4057/3824
f 2860/4043/3812 2851/4017/3786 2850/4016/3785 2855/4044/3813
f 2856/4035/3804 2847/4009/3778 2846/4008/3777 2851/4036/3805
f 2852/4027/3796 2843/4001/3770 2842/4000/3769 2847/4028/3797
f 2848/4058/3788 2839/3996/3762 2838/3995/3761 2843/4001/3789
f 2844/4011/3780 2835/3989/3754 2834/3988/3753 2839/4012/3781
f 2840/4003/3772 2831/3983/3748 2830/3982/3747 2835/4004/3773
f 2836/3992/3764 2828/3979/3744 2827/3978/3743 2831/3997/3765
f 2832/3991/3756 1792/2442/2301 1796/2441/2300 2828/3979/3757
f 2825/4059/3825 2559/3589/3367 1745/2374/2244 1744/2373/2243
f 2866/4060/3826 1549/4061/3827 1790/3061/2857 2163/3060/2856
f 2866/4060/3826 2163/3060/2856 1775/2420/2281 1779/2422/2284
f 2866/4060/3826 1779/2422/2284 1774/2415/2283 1549/4061/3827
f 1783/3036/2837 1782/4062/3828 1528/2297/2180 1712/2300/2183
f 1783/3036/2837 1757/3035/2836 1547/3108/2902 1780/3107/2901
f 1782/4062/3828 1781/3001/3829 1709/4063/3830 1528/2297/2180
f 1739/2352/2229 2867/4064/3831 2868/4065/3832 1735/2353/2230
f 1739/2352/2229 1731/2351/2228 1728/4066/3833 2867/4064/3831
f 2868/4067/3834 2869/4068/3835 2870/4069/3836 2871/4070/3837
f 2868/4067/3834 2871/4070/3837 1736/2346/2223 1735/2345/2222
f 2868/4065/3832 2867/4064/3831 2872/4071/3838 2869/4072/3839
f 2872/4071/3838 1717/2310/2192 1716/2309/2191 2869/4072/3839
f 2872/4071/3838 2867/4064/3831 1728/4066/3833 1727/4073/3840
f 2872/4071/3838 1727/4073/3840 1723/2324/2204 1717/2310/2192
f 2871/4070/3837 2870/4069/3836 1730/2337/2213 1729/2336/2212
f 2871/4070/3837 1729/2336/2212 1733/2342/2219 1736/2346/2223
f 2870/4069/3836 1715/2306/2189 1720/2315/2196 1730/2337/2213
f 2870/4069/3836 2869/4068/3835 1716/2307/2190 1715/2306/2189
f 1730/2337/2213 1720/2315/2196 1719/2314/2195 1726/2338/2214
f 1727/4073/2210 1726/4074/2209 1719/4075/2202 1723/2324/2201
f 1725/2328/2207 2873/4076/3841 1688/2253/2141 1687/2252/2140
f 1725/2328/2207 1724/2327/2206 1711/2299/2835 2873/4076/3841
f 2873/4077/3841 2874/4078/3842 1690/2257/2144 1688/2256/2141
f 2873/4077/3841 1711/4079/2182 1710/4080/2181 2874/4078/3842
f 2874/4078/3843 1698/4081/3844 1672/4082/3845 1690/2257/3846
f 2874/4078/3843 1710/4080/2187 1699/4083/2820 1698/4081/3844
f 1720/2315/2196 1715/2306/2189 1714/2305/2188 1718/2313/2194
f 1718/2313/2194 1714/2305/2188 1684/2246/2134 1707/2294/2177
f 1714/2305/2188 1529/2272/2158 1671/2222/2114 1684/2246/2134
f 1707/2294/2177 1684/2246/2134 1683/2245/2133 1704/2290/2173
f 1705/2291/2174 1704/2290/2173 1683/2245/2133 1682/2244/2132
f 1694/2265/2151 1693/2264/2150 1689/2254/2142 1686/2250/2138
f 1693/2262/2148 1692/2261/2147 1670/2220/2112 1689/2273/2159
f 1690/2257/3846 1672/4082/3845 1660/4084/2092 1661/2258/2095
f 1665/2210/2103 1664/2209/2102 1658/2193/2086 1657/2192/2085
f 1626/2129/3847 1599/2083/1986 1597/2075/1983 1622/2125/2026
f 1623/2126/2027 1622/2125/2026 1597/2075/1983 1596/2074/1982
f 1613/3668/3443 1507/2109/2010 1616/2112/2013
f 1610/4085/3848 1603/2091/1995 1594/2068/1978 1593/2067/1977
f 1604/2092/2529 1603/2091/2006 1600/4086/2005 1602/4087/2530
f 1591/4088/1974 1583/4089/3392 1580/2044/1962 1579/2043/1961
f 1586/2055/1969 1578/2042/1960 1575/2049/1957 1574/2082/1952
f 1583/4090/3392 1582/3616/3849 1581/2047/1964 1580/2046/1962
f 1582/3616/3849 1583/4090/3392 1584/4091/3850 1585/3617/3850
f 1506/4092/3851 1610/4093/3851 1593/4094/3851 1592/4095/3851
f 1751/4096/3852 1752/4097/3852 1753/3970/3735 1754/3658/3433
f 1541/2388/2257 1771/4098/3853 1547/2392/2261 1755/2389/2258
f 1780/3107/2901 1781/3001/3829 1782/4062/3828 1783/3036/2837
f 1807/2460/3854 1810/3890/3854 1809/4099/3854 1808/2461/3854
f 1556/2477/2329 1820/2480/2332 1824/4100/3855 1821/2481/2333
f 1563/2554/3856 1861/2556/3856 1854/4101/3856 1855/2551/3856
f 1548/4102/3857 1784/4103/3857 1789/4104/3857 1785/4105/3857
f 1551/4106/3858 1794/4107/3858 1797/4108/3858 1795/4109/3858
f 1613/3668/3443 1508/2119/2020 1614/2110/2011 1507/2109/2010
f 1734/2354/2231 1535/4110/3859 1738/2350/2227 1534/2349/2226
f 1539/4111/3860 1540/4112/3860 1538/4113/3860 1743/4114/3860
f 1767/2096/3861 1766/4115/3861 1545/4116/3861 1772/4117/3861
f 2056/2861/2688 2054/2859/2686 2053/2858/2685
f 2069/2880/2706 2035/2837/1196 2067/2878/2704 2066/2877/2703
f 1599/2083/3862 1626/2129/3319 2516/4118/3318 2518/4119/3321
f 2701/4120/3863 2705/4121/3863 1546/4122/3863 2383/4123/3863
f 2389/3779/3551 2390/3778/3550 2386/4124/3864 2388/4125/3864
f 2390/3778/3550 2391/3782/3554 2382/4126/3865 2386/4124/3866
f 2391/3782/3554 2701/3785/3557 2383/4127/3867 2382/4126/3865
f 1544/4128/3868 1546/4129/3869 2705/3789/3561 2875/4130/3870
f 2705/3789/3561 2393/3401/3180 2392/3400/3179 2875/4130/3870
f 2392/3400/3179 1753/3970/3735 1544/4128/3868 2875/4130/3870
f 2392/3400/3179 2397/3405/3184 1753/3970/3735
f 2820/3956/3871 2316/3307/3871 1791/3306/3871 1550/4131/3871
f 2824/4132/3872 2820/4133/3873 2559/3589/3367
f 2820/4133/3873 1550/3302/3087 2314/3301/3086 2559/3589/3367
f 2182/4134/3874 2184/4135/3875 2187/4136/3875 2188/4137/3876
f 2053/2858/2685 2024/2824/2654 2052/2857/2684 2188/4138/3877
f 2052/4139/3878 2182/4134/3874 2188/4137/3876
f 2206/3155/2945 2205/3154/2944 2069/2880/2706
f 1815/4140/3879 1814/4141/3879 1817/4142/3880 1813/4143/3881
f 1817/4142/3880 1555/4144/3882 1813/4143/3881
f 2197/4145/3883 1816/4146/3883 1813/4147/3883 2204/4148/3883
f 1816/4149/3884 1815/4150/3884 1813/4151/3884
f 2048/2898/2724 2047/2853/2680 2046/2850/2679 2045/4152/3885
f 2046/2850/2679 2044/2849/2678 2045/4152/3885
f 2045/2848/2677 2049/4153/3886 2093/2904/2730 2073/2885/2711
f 2080/4154/3887 2081/4155/3888 2082/4156/3888 2084/4157/3889
f 2080/4154/3887 2084/4157/3889 2083/4158/3890 2085/4159/3890
f 2086/4160/3891 2080/4161/3891 2085/4162/3891 2088/4163/3891
f 2045/4152/3892 2078/3115/3892 2086/2895/3892 2088/2897/3892
f 2045/2848/2677 2073/2885/2711 2076/2888/2714 2078/4164/3893
f 2076/2888/2714 2077/3114/2906 2078/4164/3893
f 2079/4165/3894 2080/4166/3894 2086/4167/3894 2085/4168/3894
f 1811/2465/2320 1816/4169/2327 2197/3140/2930 1812/2466/2321
f 2559/3589/3367 2825/4059/3825 2823/4170/3895 2824/4132/3872
f 2045/2848/2677 2051/2884/2710 2049/4153/3886
f 2051/2856/2683 2050/2855/2682 2049/2854/2681
f 2184/4171/3896 2186/4172/3897 2187/4173/3898
f 2184/3125/3899 2185/3149/3899 2186/3156/3900
f 2876/4174/3901 2917/4175/3902 2918/4176/3903 2919/4177/3904
f 2876/4174/3901 2920/4178/3905 2921/4179/3906 2917/4175/3902
f 2876/4174/3901 2919/4177/3904 2922/4180/3907 2920/4178/3905
f 2877/4181/3908 2923/4182/3909 2924/4183/3910 2925/4184/3911
f 2877/4181/3908 2926/4185/3912 2927/4186/3913 2923/4182/3909
f 2877/4181/3908 2928/4187/3914 2929/4188/3915 2930/4189/3916
f 2877/4181/3908 2930/4189/3916 2931/4190/3917 2926/4185/3912
f 2877/4181/3908 2925/4184/3911 2932/4191/3918 2928/4187/3914
f 2878/4192/3919 2933/4193/3920 2934/4194/3921 2935/4195/3922
f 2878/4192/3919 2936/4196/3923 2937/4197/3924 2933/4193/3920
f 2878/4192/3919 2935/4195/3922 2938/4198/3925 2936/4196/3923
f 2879/4199/3926 2939/4200/3927 2940/4201/3928 2941/4202/3929
f 2879/4199/3926 2941/4202/3929 2942/4203/3930 2943/4204/3931
f 2879/4205/3932 2944/4206/3933 2945/4207/3934 2946/4208/3935
f 2879/4199/3926 2943/4204/3931 2947/4209/3936 2944/4210/3937
f 2879/4211/3932 2946/4212/3935 2948/4213/3938 2939/4214/3927
f 2880/4215/3939 2949/4216/3940 2950/4217/3941 2951/4218/3942
f 2880/4219/3943 2952/4220/3944 2953/4221/3945 2949/4222/3940
f 2880/4219/3946 2954/4223/3947 2955/4224/3948 2952/4220/3944
f 2880/4215/3939 2951/4218/3942 2956/4225/3949 2957/4226/3950
f 2880/4227/3951 2957/4228/3951 2958/4229/3952 2959/4230/3953
f 2880/4219/3946 2959/4231/3954 2960/4232/3955 2954/4223/3947
f 2881/4233/3956 2961/4234/3957 2962/4235/3958 2963/4236/3959
f 2881/4237/3960 2963/4238/3961 2964/4239/3962 2965/4240/3963
f 2881/4233/3956 2966/4241/3964 2967/4242/3965 2961/4234/3957
f 2881/4233/3966 2965/4243/3966 2883/4244/3966 2968/4245/3966
f 2881/4233/3956 2968/4245/3967 2969/4246/3968 2966/4241/3964
f 2882/4247/3969 2974/4248/3970 2975/4249/3971 2976/4250/3972
f 2882/4247/3969 2976/4250/3972 2977/4251/3973 2978/4252/3974
f 2882/4247/3969 2978/4252/3974 2979/4253/3975 2980/4254/3976
f 2882/4247/3977 2980/4254/3977 2981/4255/3977 2982/4256/3977
f 2882/4257/3978 2982/4258/3979 2983/4259/3980 2974/4260/3981
f 2883/4261/3982 2984/4262/3983 2985/4263/3984 2968/4264/3985
f 2883/4261/3982 2986/4265/3986 2987/4266/3987 2984/4262/3983
f 2883/4261/3982 2988/4267/3988 2989/4268/3989 2986/4265/3986
f 2883/4261/3990 2965/4269/3990 2990/4270/3991 2988/4267/3992
f 2884/4271/3993 2991/4272/3994 2992/4273/3995 2993/4274/3996
f 2884/4275/3997 2993/4276/3998 2994/4277/3999 2995/4278/4000
f 2884/4279/4001 2981/4255/4001 2980/4254/3976 2991/4280/4002
f 2884/4275/4003 2996/4281/4004 2997/4282/4005 2981/4283/4003
f 2884/4275/3997 2995/4278/4000 2998/4284/4006 2996/4281/4004
f 2885/4285/4007 3006/4286/4008 3007/4287/4009 3005/4288/4010
f 2885/4289/4011 3004/4290/4012 3008/4291/4013 3009/4292/4011
f 2885/4293/4014 3009/4294/4014 3010/4295/4014 3006/4296/4014
f 2886/4297/4015 3011/4298/4016 3012/4299/4017 2887/4300/4015
f 2886/4301/4018 3013/4302/4019 3014/4303/4020 3011/4304/4018
f 2886/4305/4021 2887/4306/4021 3015/4307/4022 3013/4308/4019
f 2887/4300/4023 3012/4299/4017 3016/4309/4024 3015/4310/4025
f 2888/4311/4026 3017/4312/4027 3006/4286/4008 3010/4313/4026
f 2888/4314/4028 3015/4310/4025 3016/4309/4024 3017/4315/4029
f 2888/4316/4030 3010/4295/4031 3013/4308/4019 3015/4307/4022
f 2889/4317/4032 3018/4318/4033 3019/4319/4034 3020/4320/4035
f 2889/4317/4032 3021/4321/4036 3022/4322/4037 3018/4318/4033
f 2889/4317/4032 3020/4320/4035 3023/4323/4038 3021/4321/4036
f 2890/4324/4039 3024/4325/4040 3025/4326/4041 3026/4327/4042
f 2890/4324/4039 3027/4328/4043 3028/4329/4044 3024/4325/4040
f 2890/4324/4039 3026/4327/4042 3029/4330/4045 3027/4328/4043
f 2891/4331/4046 3030/4332/4047 3031/4333/4048 2894/4334/4046
f 2891/4331/4049 3032/4335/4050 3033/4336/4051 3030/4332/4047
f 2891/4331/4052 3034/4337/4053 3035/4338/4054 3032/4335/4050
f 2891/4339/4055 3036/4340/4056 3037/4341/4057 3034/4342/4055
f 2891/4343/4058 2894/4344/4058 3038/4345/4058 3036/4346/4058
f 2892/4347/4059 3039/4348/4060 3040/4349/4061 3041/4350/4062
f 2892/4351/4059 3041/4352/4062 3042/4353/4063 2893/4354/4064
f 2892/4347/4065 3043/4355/4066 3044/4356/4067 3039/4348/4060
f 2892/4357/4068 2893/4358/4068 3045/4359/4069 3046/4360/4070
f 2892/4347/4065 3046/4361/4071 3047/4362/4072 3043/4355/4066
f 2893/4354/4073 3042/4353/4074 3048/4363/4075 3049/4364/4076
f 2893/4354/4073 3049/4364/4076 3050/4365/4077 3051/4366/4078
f 2893/4367/4079 3051/4368/4078 3052/4369/4080 3045/4370/4081
f 2894/4371/4082 3031/4372/4083 3053/4373/4084 3054/4374/4085
f 2894/4371/4086 3054/4374/4085 3055/4375/4087 3056/4376/4088
f 2894/4371/4086 3056/4376/4088 3057/4377/4089 3038/4378/4090
f 2895/4379/4091 3050/4365/4077 3058/4380/4092 3059/4381/4093
f 2895/4379/4091 3060/4382/4094 3061/4383/4095 3062/4384/4096
f 2895/4379/4091 3059/4381/4093 3063/4385/4097 3060/4382/4094
f 2895/4386/4098 3064/4387/4099 3051/4368/4078 3050/4388/4077
f 2895/4379/4100 3062/4384/4100 2898/4389/4100 3064/4390/4100
f 2896/4391/4101 3035/4392/4054 3034/4342/4053 3065/4393/4102
f 2896/4394/4103 3066/4395/4104 3067/4396/4105 3035/4338/4054
f 2896/4394/4103 3065/4397/4106 3068/4398/4107 3069/4399/4108
f 2896/4394/4103 3070/4400/4109 3071/4401/4110 3066/4395/4104
f 2896/4394/4103 3069/4399/4108 3072/4402/4111 3070/4400/4109
f 2897/4403/4112 3073/4404/4113 3074/4405/4114 2901/4406/4114
f 2897/4403/4112 3038/4345/4090 3057/4407/4089 3073/4404/4113
f 2897/4403/4115 3075/4408/4116 3036/4346/4056 3038/4345/4115
f 2897/4409/4117 2901/4410/4117 3076/4411/4117 3077/4412/4117
f 2897/4409/4118 3077/4412/4118 2906/4413/4119 3075/4414/4116
f 2898/4415/4120 3062/4416/4121 3078/4417/4122 3079/4418/4123
f 2898/4415/4124 3080/4419/4125 3081/4420/4126 3064/4421/4124
f 2898/4415/4127 3079/4418/4128 3082/4422/4129 3083/4423/4130
f 2898/4415/4127 3083/4423/4130 3084/4424/4131 3080/4419/4132
f 2899/4425/4133 3085/4426/4134 3086/4427/4135 3087/4428/4136
f 2899/4425/4133 3088/4429/4137 3089/4430/4138 3085/4426/4134
f 2899/4425/4133 3087/4428/4136 3090/4431/4139 3088/4429/4137
f 2900/4432/4140 3074/4405/4141 3091/4433/4142 2904/4434/4140
f 2900/4432/4143 3076/4435/4143 2901/4406/4143 3074/4405/4143
f 2900/4436/4144 2904/4437/4144 3092/4438/4145 3076/4439/4146
f 2902/4440/4147 3093/4441/4147 3094/4442/4148 3095/4443/4149
f 2902/4440/4150 3068/4444/4107 3065/4445/4106 3093/4441/4150
f 2902/4440/4151 3096/4446/4152 3097/4447/4153 3098/4448/4154
f 2902/4440/4151 3095/4443/4155 3099/4449/4156 3096/4446/4152
f 2902/4440/4157 3098/4448/4158 3100/4450/4159 3068/4444/4160
f 2903/4451/4161 3101/4452/4162 3071/4401/4110 3102/4453/4163
f 2903/4451/4161 3103/4454/4164 3104/4455/4165 3101/4452/4162
f 2903/4451/4161 3102/4453/4163 3105/4456/4166 3103/4454/4164
f 2904/4457/4167 3091/4458/4168 3106/4459/4169 3092/4460/4170
f 2905/4461/4171 3107/4462/4172 3075/4463/4116 2906/4464/4119
f 2905/4465/4173 2906/4466/4173 2907/4467/4173 3108/4468/4173
f 2905/4469/4174 3108/4470/4174 3094/4471/4175 3107/4472/4176
f 2906/4466/4177 3077/4473/4178 3109/4474/4179 3110/4475/4180
f 2906/4466/4177 3110/4475/4180 2908/4476/4181 2907/4467/4181
f 2907/4477/4182 2908/4478/4182 3111/4479/4183 3108/4480/4184
f 2908/4481/4185 3110/4482/4186 3112/4483/4187 3111/4484/4185
f 2909/4485/4188 3113/4486/4189 3114/4487/4190 3115/4488/4191
f 2909/4489/4192 3115/4490/4193 3116/4491/4194 3117/4492/4195
f 2909/4493/4196 3117/4494/4197 3118/4495/4198 3113/4496/4196
f 2910/4497/4199 3115/4488/4191 3114/4487/4190 3119/4498/4200
f 2910/4499/4201 3120/4500/4202 3116/4491/4194 3115/4490/4193
f 2910/4501/4203 3119/4502/4204 3121/4503/4205 3120/4504/4203
f 2911/4505/4206 3117/4492/4195 3116/4491/4194 3125/4506/4207
f 2911/4507/4208 3125/4508/4209 3126/4509/4210 3124/4510/4211
f 2911/4511/4212 3123/4512/4213 3118/4495/4198 3117/4494/4197
f 2912/4513/4214 3120/4504/4214 3121/4503/4215 3127/4514/4216
f 2912/4515/4217 3127/4516/4218 3126/4509/4210 3125/4508/4209
f 2912/4517/4219 3125/4506/4207 3116/4491/4194 3120/4500/4202
f 2913/4518/4220 3128/4519/4221 3129/4520/4222 3130/4521/4223
f 2913/4522/4224 3130/4523/4225 3131/4524/4226 3132/4525/4227
f 2913/4518/4220 3132/4526/4227 3133/4527/4228 3128/4519/4221
f 2914/4528/4229 3134/4529/4230 3135/4530/4231 3136/4531/4232
f 2914/4528/4229 3136/4531/4232 3131/4532/4226 3130/4521/4225
f 2914/4533/4233 3130/4534/4233 3129/4535/4234 3137/4536/4235
f 2914/4528/4229 3137/4537/4236 3138/4538/4237 3139/4539/4238
f 2914/4528/4229 3139/4539/4238 3140/4540/4239 3134/4529/4230
f 2915/4541/4240 3141/4542/4241 3142/4543/4242 3143/4544/4243
f 2915/4541/4240 3143/4544/4243 3144/4545/4244 3145/4546/4245
f 2915/4541/4240 3145/4546/4245 3146/4547/4246 3141/4542/4241
f 2916/4548/4247 3147/4549/4248 3148/4550/4249 3149/4551/4250
f 2916/4548/4247 3150/4552/4251 3151/4553/4252 3147/4549/4248
f 2916/4548/4247 3149/4551/4250 3152/4554/4253 3150/4552/4251
f 3152/4554/4253 3153/4555/4254 3154/4556/4255 3155/4557/4256
f 3152/4554/4253 3155/4557/4256 3156/4558/4257 3150/4552/4251
f 3152/4554/4253 3149/4551/4250 3157/4559/4258 3153/4555/4254
f 3157/4560/4258 3158/4561/4259 3159/4562/4260 3153/4563/4254
f 3157/4560/4258 3149/4564/4250 3148/4565/4261 3160/4566/4262
f 3157/4560/4258 3160/4566/4262 3161/4567/4263 3158/4561/4259
f 3161/4567/4263 3160/4566/4262 3162/4568/4264 3163/4569/4265
f 3161/4567/4263 3163/4569/4265 3164/4570/4266 3165/4571/4267
f 3161/4567/4263 3165/4571/4267 3166/4572/4268 3158/4561/4259
f 3166/4573/4268 3167/4574/4269 3168/4575/4270 3169/4576/4271
f 3166/4572/4268 3169/4577/4271 3159/4562/4260 3158/4561/4259
f 3166/4572/4268 3165/4571/4267 3170/4578/4272 3167/4579/4269
f 3170/4578/4272 3171/4580/4273 3172/4581/4274 3167/4579/4269
f 3170/4578/4272 3165/4571/4267 3164/4570/4266 3173/4582/4275
f 3170/4578/4272 3173/4582/4275 3174/4583/4276 3171/4580/4273
f 3174/4583/4276 3173/4582/4275 3175/4584/4277 3176/4585/4278
f 3174/4583/4276 3176/4585/4278 3177/4586/4279 3178/4587/4280
f 3174/4583/4276 3178/4587/4280 3179/4588/4281 3171/4580/4273
f 3179/4589/4282 3180/4590/4283 3181/4591/4284 3182/4592/4285
f 3179/4593/4281 3182/4594/4285 3172/4595/4274 3171/4596/4273
f 3179/4589/4282 3178/4597/4280 3183/4598/4286 3180/4590/4283
f 3183/4598/4286 3178/4597/4280 3177/4599/4279 3184/4600/4287
f 3183/4598/4286 3184/4600/4288 3185/4601/4289 3186/4602/4290
f 3183/4598/4286 3186/4602/4290 3187/4603/4291 3180/4590/4283
f 3187/4603/4291 3188/4604/4292 3181/4591/4284 3180/4590/4283
f 3187/4603/4291 3186/4602/4290 3189/4605/4293 3146/4547/4246
f 3187/4603/4291 3146/4547/4246 3145/4546/4245 3188/4604/4292
f 3189/4605/4293 3186/4602/4290 3185/4601/4289 3190/4606/4294
f 3189/4605/4293 3190/4606/4294 3191/4607/4295 3192/4608/4296
f 3189/4605/4293 3192/4608/4296 3141/4542/4241 3146/4547/4246
f 3192/4608/4296 3191/4607/4295 3193/4609/4297 3194/4610/4298
f 3192/4608/4296 3194/4610/4298 3142/4543/4242 3141/4542/4241
f 3194/4610/4298 3193/4609/4297 3195/4611/4299 3196/4612/4300
f 3194/4610/4298 3196/4612/4300 3197/4613/4301 3142/4543/4242
f 3197/4613/4301 3198/4614/4302 3143/4544/4243 3142/4543/4242
f 3197/4613/4301 3196/4612/4300 3199/4615/4303 3200/4616/4304
f 3197/4613/4301 3200/4616/4304 3201/4617/4305 3198/4614/4302
f 3201/4617/4305 3202/4618/4306 3203/4619/4307 3198/4614/4302
f 3201/4617/4305 3200/4616/4304 3204/4620/4308 3205/4621/4309
f 3201/4617/4305 3205/4621/4309 3206/4622/4310 3202/4618/4306
f 3206/4622/4310 3207/4623/4311 3208/4624/4312 3202/4618/4306
f 3206/4622/4310 3205/4621/4309 3209/4625/4313 3210/4626/4314
f 3206/4622/4310 3210/4626/4314 3211/4627/4315 3207/4623/4311
f 3211/4627/4315 3212/4628/4316 3213/4629/4317 3207/4623/4311
f 3211/4627/4315 3210/4626/4314 3214/4630/4318 3215/4631/4319
f 3211/4627/4315 3215/4631/4319 3216/4632/4320 3212/4628/4316
f 3216/4632/4320 3217/4633/4321 3218/4634/4322 3212/4628/4323
f 3216/4632/4320 3215/4631/4319 3219/4635/4324 3220/4636/4325
f 3216/4632/4320 3220/4636/4325 3221/4637/4326 3217/4633/4321
f 3221/4637/4326 3220/4636/4325 3222/4638/4327 3223/4639/4328
f 3221/4640/4329 3223/4641/4330 3224/4642/4331 3225/4643/4332
f 3221/4640/4329 3225/4643/4332 3226/4644/4333 3217/4645/4334
f 3226/4644/4333 3225/4643/4332 3227/4646/4335 3228/4647/4336
f 3226/4644/4333 3228/4647/4336 3229/4648/4337 3230/4649/4338
f 3226/4644/4333 3230/4649/4338 3218/4650/4322 3217/4645/4334
f 3230/4649/4338 3229/4648/4337 3231/4651/4339 3232/4652/4340
f 3230/4649/4338 3232/4652/4340 3233/4653/4341 3218/4650/4322
f 3233/4654/4341 3213/4629/4342 3212/4628/4323 3218/4634/4322
f 3233/4653/4341 3232/4652/4340 3234/4655/4343 3235/4656/4344
f 3233/4654/4341 3235/4657/4344 3236/4658/4345 3213/4629/4342
f 3236/4658/4345 3208/4624/4312 3207/4623/4311 3213/4629/4317
f 3236/4658/4345 3235/4657/4344 3237/4659/4346 3238/4660/4347
f 3236/4658/4345 3238/4660/4347 3239/4661/4348 3208/4624/4312
f 3239/4661/4348 3203/4619/4307 3202/4618/4306 3208/4624/4312
f 3239/4661/4348 3238/4660/4347 3240/4662/4349 3241/4663/4350
f 3239/4661/4348 3241/4663/4350 3144/4545/4244 3203/4619/4307
f 3241/4663/4350 3240/4662/4349 3181/4591/4284 3188/4604/4292
f 3241/4663/4350 3188/4604/4292 3145/4546/4245 3144/4545/4244
f 3240/4662/4349 3238/4660/4347 3237/4659/4346 3242/4664/4351
f 3240/4662/4349 3242/4664/4351 3182/4592/4285 3181/4591/4284
f 3242/4665/4351 3237/4666/4346 3243/4667/4352 3244/4668/4353
f 3242/4665/4351 3244/4668/4353 3172/4595/4274 3182/4594/4285
f 3244/4668/4353 3243/4667/4352 3245/4669/4354 3168/4575/4270
f 3244/4668/4353 3168/4575/4270 3167/4574/4269 3172/4595/4274
f 3245/4669/4354 3243/4667/4352 3234/4655/4343 3246/4670/4355
f 3245/4669/4354 3246/4670/4355 3247/4671/4356 3248/4672/4357
f 3245/4669/4354 3248/4672/4357 3169/4576/4271 3168/4575/4270
f 3248/4672/4357 3247/4671/4356 3249/4673/4358 3250/4674/4359
f 3248/4672/4357 3250/4674/4359 3159/4675/4260 3169/4576/4271
f 3250/4674/4359 3249/4673/4358 3251/4676/4360 3154/4677/4361
f 3250/4674/4359 3154/4677/4361 3153/4678/4254 3159/4675/4260
f 3251/4676/4360 3249/4673/4358 3252/4679/4362 3253/4680/4363
f 3251/4681/4364 3253/4682/4365 3254/4683/4366 3255/4684/4367
f 3251/4681/4364 3255/4684/4367 3155/4557/4256 3154/4556/4255
f 3255/4684/4367 3254/4683/4366 3256/4685/4368 3257/4686/4369
f 3255/4684/4367 3257/4686/4369 3156/4558/4257 3155/4557/4256
f 3257/4686/4369 3256/4685/4368 3258/4687/4370 3259/4688/4371
f 3257/4686/4369 3259/4688/4371 3260/4689/4372 3156/4558/4257
f 3260/4689/4372 3259/4688/4371 3261/4690/4373 3262/4691/4374
f 3260/4689/4372 3262/4691/4374 3263/4692/4375 3151/4553/4252
f 3260/4689/4372 3151/4553/4252 3150/4552/4251 3156/4558/4257
f 3263/4692/4375 3262/4691/4374 3264/4693/4376 3265/4694/4377
f 3263/4692/4375 3265/4694/4377 3266/4695/4378 3267/4696/4379
f 3263/4692/4375 3267/4696/4379 3147/4549/4248 3151/4553/4252
f 3267/4696/4379 3266/4695/4378 3268/4697/4380 3269/4698/4381
f 3267/4696/4379 3269/4698/4381 3148/4550/4249 3147/4549/4248
f 3269/4698/4382 3268/4697/4380 3270/4699/4383 3162/4700/4264
f 3269/4701/4382 3162/4568/4264 3160/4566/4262 3148/4565/4261
f 3270/4699/4383 3268/4697/4380 3271/4702/4384 3272/4703/4385
f 3270/4704/4383 3272/4705/4386 3273/4706/4387 3274/4707/4388
f 3270/4704/4383 3274/4707/4388 3163/4569/4265 3162/4568/4264
f 3274/4707/4388 3273/4706/4387 3275/4708/4389 3276/4709/4390
f 3274/4707/4388 3276/4709/4390 3164/4570/4266 3163/4569/4265
f 3276/4709/4390 3275/4708/4389 3277/4710/4391 3175/4584/4277
f 3276/4709/4390 3175/4584/4277 3173/4582/4275 3164/4570/4266
f 3277/4710/4391 3275/4708/4389 3278/4711/4392 3279/4712/4393
f 3277/4710/4391 3279/4712/4393 3280/4713/4394 3281/4714/4395
f 3277/4710/4391 3281/4714/4395 3176/4585/4278 3175/4584/4277
f 3281/4714/4395 3280/4713/4394 3282/4715/4396 3283/4716/4397
f 3281/4714/4395 3283/4716/4397 3177/4586/4279 3176/4585/4278
f 3283/4717/4397 3282/4718/4396 3284/4719/4398 3285/4720/4399
f 3283/4717/4397 3285/4720/4399 3184/4600/4287 3177/4599/4279
f 3285/4720/4400 3284/4719/4401 3286/4721/4402 3287/4722/4403
f 3285/4720/4400 3287/4722/4403 3185/4601/4289 3184/4600/4288
f 3287/4722/4403 3286/4721/4402 3288/4723/4404 3289/4724/4405
f 3287/4722/4403 3289/4724/4405 3190/4606/4294 3185/4601/4289
f 3289/4724/4405 3288/4723/4404 3290/4725/4406 3291/4726/4407
f 3289/4724/4405 3291/4726/4407 3191/4607/4295 3190/4606/4294
f 3291/4726/4407 3290/4725/4406 3292/4727/4408 3293/4728/4409
f 3291/4726/4407 3293/4728/4409 3193/4609/4297 3191/4607/4295
f 3293/4728/4409 3292/4727/4408 3294/4729/4410 3295/4730/4411
f 3293/4728/4409 3295/4730/4411 3195/4611/4299 3193/4609/4297
f 3295/4730/4411 3294/4729/4410 3296/4731/4412 3297/4732/4413
f 3295/4730/4411 3297/4732/4413 3298/4733/4414 3195/4611/4299
f 3298/4733/4414 3199/4615/4303 3196/4612/4300 3195/4611/4299
f 3298/4733/4414 3297/4732/4413 3299/4734/4415 3300/4735/4416
f 3298/4733/4414 3300/4735/4416 3301/4736/4417 3199/4615/4303
f 3301/4736/4417 3204/4620/4308 3200/4616/4304 3199/4615/4303
f 3301/4736/4417 3300/4735/4416 3302/4737/4418 3303/4738/4419
f 3301/4736/4417 3303/4738/4419 3304/4739/4420 3204/4620/4308
f 3304/4739/4420 3209/4625/4313 3205/4621/4309 3204/4620/4308
f 3304/4739/4420 3303/4738/4419 3305/4740/4421 3306/4741/4422
f 3304/4739/4420 3306/4741/4422 3307/4742/4423 3209/4625/4313
f 3307/4742/4423 3214/4630/4318 3210/4626/4314 3209/4625/4313
f 3307/4742/4423 3306/4741/4422 3308/4743/4424 3309/4744/4425
f 3307/4742/4423 3309/4744/4425 3310/4745/4426 3214/4630/4318
f 3310/4745/4426 3219/4635/4324 3215/4631/4319 3214/4630/4318
f 3310/4745/4426 3309/4744/4425 3311/4746/4427 3312/4747/736
f 3310/4745/4426 3312/4747/736 3313/4748/4428 3219/4635/4324
f 3313/4748/4428 3222/4638/4327 3220/4636/4325 3219/4635/4324
f 3313/4748/4428 3312/4747/736 3314/4749/4429 3315/4750/4430
f 3313/4748/4428 3315/4750/4430 3316/4751/4431 3222/4638/4327
f 3316/4751/4431 3317/4752/4432 3223/4639/4328 3222/4638/4327
f 3316/4751/4431 3315/4750/4430 3318/4753/4433 3319/4754/4434
f 3316/4751/4431 3319/4754/4434 3320/4755/4435 3317/4752/4432
f 3320/4755/4435 3321/4756/4436 3322/4757/4437 3317/4752/4438
f 3320/4755/4435 3319/4754/4434 3323/4758/4439 3324/4759/4440
f 3320/4755/4435 3324/4759/4440 3325/4760/4441 3321/4756/4436
f 3325/4760/4441 3324/4759/4440 3326/4761/4442 3327/4762/4443
f 3325/4763/4444 3327/4764/4443 3328/4765/4445 3329/4766/4446
f 3325/4763/4444 3329/4766/4446 3330/4767/4447 3321/4768/4448
f 3330/4767/4447 3329/4766/4446 3331/4769/4449 3332/4770/4450
f 3330/4767/4447 3332/4770/4451 3333/4771/4452 3334/4772/4453
f 3330/4767/4447 3334/4772/4453 3322/4773/4454 3321/4768/4448
f 3334/4772/4453 3333/4771/4452 3335/4774/4455 3336/4775/4456
f 3334/4772/4453 3336/4775/4456 3224/4642/4331 3322/4773/4454
f 3336/4775/4456 3335/4774/4455 3337/4776/4457 3227/4646/4335
f 3336/4775/4456 3227/4646/4335 3225/4643/4332 3224/4642/4331
f 3337/4776/4457 3335/4774/4455 3338/4777/4458 3339/4778/4459
f 3337/4776/4457 3339/4778/4459 3340/4779/4460 3341/4780/4461
f 3337/4776/4457 3341/4780/4461 3228/4647/4336 3227/4646/4335
f 3341/4780/4461 3340/4779/4460 3342/4781/4462 3343/4782/4463
f 3341/4780/4461 3343/4782/4463 3229/4648/4337 3228/4647/4336
f 3343/4782/4463 3342/4781/4462 3252/4679/4362 3344/4783/4464
f 3343/4782/4463 3344/4783/4464 3231/4651/4339 3229/4648/4337
f 3344/4783/4464 3252/4679/4362 3249/4673/4358 3247/4671/4356
f 3344/4783/4464 3247/4671/4356 3246/4670/4355 3231/4651/4339
f 3342/4784/4462 3340/4785/4465 3345/4786/4466 3346/4787/4467
f 3342/4781/4462 3346/4788/4467 3253/4680/4363 3252/4679/4362
f 3346/4787/4468 3345/4786/4469 3347/4789/4470 3348/4790/4471
f 3346/4787/4468 3348/4790/4471 3254/4683/4366 3253/4682/4365
f 3348/4790/4471 3347/4789/4470 3349/4791/4472 3350/4792/4473
f 3348/4790/4471 3350/4792/4473 3256/4685/4368 3254/4683/4366
f 3350/4792/4473 3349/4791/4472 3351/4793/4474 3352/4794/4475
f 3350/4792/4473 3352/4794/4475 3258/4687/4370 3256/4685/4368
f 3352/4794/4475 3351/4793/4474 3353/4795/4476 3354/4796/4477
f 3352/4794/4475 3354/4796/4477 3355/4797/4478 3258/4687/4370
f 3355/4797/4478 3354/4796/4477 3356/4798/4479 3357/4799/4480
f 3355/4797/4478 3357/4799/4480 3358/4800/4481 3261/4690/4373
f 3355/4797/4478 3261/4690/4373 3259/4688/4371 3258/4687/4370
f 3358/4800/4481 3357/4799/4480 3359/4801/4482 3360/4802/4483
f 3358/4800/4481 3360/4802/4483 3361/4803/4484 3264/4693/4376
f 3358/4800/4481 3264/4693/4376 3262/4691/4374 3261/4690/4373
f 3361/4803/4484 3360/4802/4483 3362/4804/4485 3363/4805/4486
f 3361/4803/4484 3363/4805/4486 3364/4806/4487 3365/4807/4488
f 3361/4803/4484 3365/4807/4488 3265/4694/4377 3264/4693/4376
f 3365/4807/4488 3364/4806/4487 3366/4808/4489 3367/4809/4490
f 3365/4807/4488 3367/4809/4490 3266/4695/4378 3265/4694/4377
f 3367/4809/4490 3366/4808/4489 3368/4810/4491 3271/4702/4384
f 3367/4809/4490 3271/4702/4384 3268/4697/4380 3266/4695/4378
f 3368/4810/4491 3366/4808/4489 3369/4811/4492 3370/4812/4493
f 3368/4810/4491 3370/4812/4493 3371/4813/4494 3372/4814/4495
f 3368/4810/4491 3372/4814/4495 3272/4703/4385 3271/4702/4384
f 3372/4815/4496 3371/4816/4497 3373/4817/4498 3374/4818/4499
f 3372/4815/4496 3374/4818/4499 3273/4706/4387 3272/4705/4386
f 3374/4818/4499 3373/4817/4498 3375/4819/4500 3278/4711/4392
f 3374/4818/4499 3278/4711/4392 3275/4708/4389 3273/4706/4387
f 3375/4819/4500 3373/4817/4498 3376/4820/4501 3377/4821/4502
f 3375/4819/4500 3377/4821/4502 3378/4822/4503 3379/4823/4504
f 3375/4819/4500 3379/4823/4504 3279/4712/4393 3278/4711/4392
f 3379/4823/4504 3378/4822/4503 3380/4824/4505 3381/4825/4506
f 3379/4823/4504 3381/4825/4506 3280/4713/4394 3279/4712/4393
f 3381/4825/4506 3380/4824/4505 3382/4826/4507 3383/4827/4508
f 3381/4825/4506 3383/4827/4508 3282/4715/4396 3280/4713/4394
f 3383/4828/4508 3382/4829/4509 3384/4830/4510 3385/4831/4511
f 3383/4828/4508 3385/4831/4511 3284/4719/4398 3282/4718/4396
f 3385/4831/4511 3384/4830/4510 3386/4832/4512 3387/4833/4513
f 3385/4831/4511 3387/4833/4513 3286/4721/4402 3284/4719/4401
f 3387/4833/4513 3386/4832/4512 3388/4834/4514 3389/4835/4515
f 3387/4833/4513 3389/4835/4515 3288/4723/4404 3286/4721/4402
f 3389/4835/4515 3388/4834/4514 3390/4836/4516 3391/4837/4517
f 3389/4835/4515 3391/4837/4517 3290/4725/4406 3288/4723/4404
f 3391/4837/4517 3390/4836/4516 3392/4838/4518 3393/4839/4519
f 3391/4837/4517 3393/4839/4519 3292/4727/4408 3290/4725/4406
f 3393/4839/4519 3392/4838/4518 3394/4840/4520 3395/4841/4521
f 3393/4839/4519 3395/4841/4521 3294/4729/4410 3292/4727/4408
f 3395/4841/4521 3394/4840/4520 3396/4842/4522 3397/4843/4523
f 3395/4841/4521 3397/4843/4523 3296/4731/4412 3294/4729/4410
f 3397/4843/4523 3396/4842/4522 3398/4844/4524 3399/4845/4525
f 3397/4843/4523 3399/4845/4525 3400/4846/4526 3296/4731/4412
f 3400/4846/4526 3299/4734/4415 3297/4732/4413 3296/4731/4412
f 3400/4846/4526 3399/4845/4525 3401/4847/4527 3402/4848/4528
f 3400/4846/4526 3402/4848/4528 3403/4849/4529 3299/4734/4415
f 3403/4849/4529 3302/4737/4418 3300/4735/4416 3299/4734/4415
f 3403/4849/4529 3402/4848/4528 3404/4850/4530 3405/4851/4531
f 3403/4849/4529 3405/4851/4531 3406/4852/4532 3302/4737/4418
f 3406/4852/4532 3305/4740/4421 3303/4738/4419 3302/4737/4418
f 3406/4852/4532 3405/4851/4531 3407/4853/4533 3408/4854/4534
f 3406/4852/4532 3408/4854/4534 3409/4855/4535 3305/4740/4421
f 3409/4855/4535 3308/4743/4424 3306/4741/4422 3305/4740/4421
f 3409/4855/4535 3408/4854/4534 3410/4856/4536 3411/4857/4537
f 3409/4855/4535 3411/4857/4537 3412/4858/4538 3308/4743/4424
f 3412/4858/4538 3311/4746/4427 3309/4744/4425 3308/4743/4424
f 3412/4858/4538 3411/4857/4537 3413/4859/4539 3414/4860/4540
f 3412/4858/4538 3414/4860/4540 3415/4861/4541 3311/4746/4427
f 3415/4861/4541 3314/4749/4429 3312/4747/736 3311/4746/4427
f 3415/4861/4541 3414/4860/4540 3416/4862/4542 3417/4863/4543
f 3415/4861/4541 3417/4863/4543 3418/4864/4544 3314/4749/4429
f 3418/4864/4544 3318/4753/4433 3315/4750/4430 3314/4749/4429
f 3418/4864/4544 3417/4863/4543 3419/4865/4545 3420/4866/4546
f 3418/4864/4544 3420/4866/4546 3421/4867/4547 3318/4753/4433
f 3421/4867/4547 3323/4758/4439 3319/4754/4434 3318/4753/4433
f 3421/4867/4547 3420/4866/4546 3422/4868/4548 3423/4869/4549
f 3421/4867/4547 3423/4869/4549 3424/4870/4550 3323/4758/4439
f 3424/4870/4550 3326/4761/4442 3324/4759/4440 3323/4758/4439
f 3424/4870/4550 3423/4869/4549 3425/4871/4551 3426/4872/4552
f 3424/4870/4550 3426/4872/4552 3427/4873/4553 3326/4761/4442
f 3427/4873/4553 3428/4874/4554 3327/4762/4443 3326/4761/4442
f 3427/4873/4553 3426/4872/4552 3429/4875/4555 3430/4876/4556
f 3427/4873/4553 3430/4876/4556 3431/4877/4557 3428/4874/4554
f 3431/4877/4557 3432/4878/4558 3433/4879/4559 3428/4874/4554
f 3431/4877/4557 3430/4876/4556 3434/4880/4560 3435/4881/4561
f 3431/4877/4557 3435/4881/4561 3436/4882/4562 3432/4878/4558
f 3436/4883/4562 3435/4884/4561 3437/4885/4563 3438/4886/4564
f 3436/4883/4562 3438/4886/4564 3439/4887/4565 3440/4888/4566
f 3436/4889/4562 3440/4890/4566 3441/4891/4567 3432/4892/4568
f 3441/4891/4567 3440/4890/4566 3442/4893/4569 3443/4894/4570
f 3441/4891/4567 3443/4894/4570 3444/4895/4571 3445/4896/4572
f 3441/4891/4567 3445/4896/4572 3433/4897/4573 3432/4892/4568
f 3445/4896/4572 3444/4895/4571 3446/4898/4574 3447/4899/4575
f 3445/4896/4572 3447/4899/4575 3328/4765/4445 3433/4897/4573
f 3447/4899/4575 3446/4898/4574 3448/4900/4576 3331/4769/4449
f 3447/4899/4575 3331/4769/4449 3329/4766/4446 3328/4765/4445
f 3448/4900/4576 3446/4898/4574 3449/4901/4577 3450/4902/4578
f 3448/4900/4576 3450/4902/4578 3451/4903/4579 3452/4904/4580
f 3448/4900/4576 3452/4904/4580 3332/4770/4450 3331/4769/4449
f 3452/4904/4580 3451/4903/4579 3453/4905/4581 3454/4906/4582
f 3452/4904/4580 3454/4906/4582 3333/4771/4452 3332/4770/4451
f 3454/4907/4582 3453/4908/4581 3455/4909/4583 3338/4910/4584
f 3454/4906/4582 3338/4777/4458 3335/4774/4455 3333/4771/4452
f 3455/4909/4585 3453/4908/4586 3456/4911/4587 3457/4912/4588
f 3455/4909/4585 3457/4912/4588 3458/4913/4589 3459/4914/4590
f 3455/4909/4583 3459/4914/4591 3339/4915/4592 3338/4910/4584
f 3459/4914/4590 3458/4913/4589 3347/4789/4470 3345/4786/4469
f 3459/4914/4591 3345/4786/4466 3340/4785/4465 3339/4915/4592
f 3458/4913/4589 3457/4912/4588 3460/4916/4593 3461/4917/4594
f 3458/4913/4589 3461/4917/4594 3349/4791/4472 3347/4789/4470
f 3461/4917/4594 3460/4916/4593 3462/4918/4595 3463/4919/4596
f 3461/4917/4594 3463/4919/4596 3351/4793/4474 3349/4791/4472
f 3463/4919/4596 3462/4918/4595 3464/4920/4597 3465/4921/4598
f 3463/4919/4596 3465/4921/4598 3353/4795/4476 3351/4793/4474
f 3465/4921/4598 3464/4920/4597 3466/4922/4599 3467/4923/4600
f 3465/4921/4598 3467/4923/4600 3468/4924/4601 3353/4795/4476
f 3468/4924/4601 3467/4923/4600 3469/4925/4602 3470/4926/4603
f 3468/4924/4601 3470/4926/4603 3471/4927/4604 3356/4798/4479
f 3468/4924/4601 3356/4798/4479 3354/4796/4477 3353/4795/4476
f 3471/4927/4604 3470/4926/4603 3472/4928/4605 3473/4929/4606
f 3471/4927/4604 3473/4929/4606 3474/4930/4607 3359/4801/4482
f 3471/4927/4604 3359/4801/4482 3357/4799/4480 3356/4798/4479
f 3474/4930/4607 3473/4929/4606 3475/4931/4608 3476/4932/4609
f 3474/4930/4607 3476/4932/4609 3477/4933/4610 3362/4804/4485
f 3474/4930/4607 3362/4804/4485 3360/4802/4483 3359/4801/4482
f 3477/4933/4610 3476/4932/4609 3478/4934/4611 3479/4935/4612
f 3477/4933/4610 3479/4935/4612 3480/4936/4613 3481/4937/4614
f 3477/4933/4610 3481/4937/4614 3363/4805/4486 3362/4804/4485
f 3481/4937/4614 3480/4936/4613 3482/4938/4615 3483/4939/4616
f 3481/4937/4614 3483/4939/4616 3364/4806/4487 3363/4805/4486
f 3483/4939/4616 3482/4938/4615 3484/4940/4617 3369/4811/4492
f 3483/4939/4616 3369/4811/4492 3366/4808/4489 3364/4806/4487
f 3484/4940/4617 3482/4938/4615 3485/4941/4618 3486/4942/4619
f 3484/4940/4617 3486/4942/4619 3487/4943/4620 3488/4944/4621
f 3484/4940/4617 3488/4944/4621 3370/4812/4493 3369/4811/4492
f 3488/4944/4621 3487/4943/4620 3489/4945/4622 3490/4946/4623
f 3488/4944/4621 3490/4946/4623 3371/4813/4494 3370/4812/4493
f 3490/4947/4624 3489/4948/4625 3491/4949/4626 3376/4820/4501
f 3490/4947/4624 3376/4820/4501 3373/4817/4498 3371/4816/4497
f 3491/4949/4626 3489/4948/4625 3492/4950/4627 3493/4951/4628
f 3491/4949/4626 3493/4951/4629 3494/4952/4630 3495/4953/4631
f 3491/4949/4626 3495/4953/4631 3377/4821/4502 3376/4820/4501
f 3495/4953/4631 3494/4952/4630 3496/4954/4632 3497/4955/4633
f 3495/4953/4631 3497/4955/4633 3378/4822/4503 3377/4821/4502
f 3497/4955/4633 3496/4954/4632 3498/4956/4634 3499/4957/4635
f 3497/4955/4633 3499/4957/4635 3380/4824/4505 3378/4822/4503
f 3499/4957/4635 3498/4956/4634 3500/4958/4636 3501/4959/4637
f 3499/4957/4635 3501/4959/4637 3382/4826/4507 3380/4824/4505
f 3501/4960/4638 3500/4961/4639 3502/4962/4640 3503/4963/4641
f 3501/4960/4638 3503/4963/4641 3384/4830/4510 3382/4829/4509
f 3503/4963/4641 3502/4962/4640 3504/4964/4642 3505/4965/4643
f 3503/4963/4641 3505/4965/4643 3386/4832/4512 3384/4830/4510
f 3505/4965/4643 3504/4964/4642 3506/4966/4644 3507/4967/4645
f 3505/4965/4643 3507/4967/4645 3388/4834/4514 3386/4832/4512
f 3507/4967/4645 3506/4966/4644 3508/4968/4646 3509/4969/4647
f 3507/4967/4645 3509/4969/4647 3390/4836/4516 3388/4834/4514
f 3509/4969/4647 3508/4968/4646 3510/4970/4648 3511/4971/4649
f 3509/4969/4647 3511/4971/4649 3392/4838/4518 3390/4836/4516
f 3511/4971/4649 3510/4970/4648 3512/4972/4650 3513/4973/4651
f 3511/4971/4649 3513/4973/4651 3394/4840/4520 3392/4838/4518
f 3513/4973/4651 3512/4972/4650 3514/4974/4652 3515/4975/4653
f 3513/4973/4651 3515/4975/4653 3396/4842/4522 3394/4840/4520
f 3515/4975/4653 3514/4974/4652 3516/4976/4654 3517/4977/4655
f 3515/4975/4653 3517/4977/4655 3398/4844/4524 3396/4842/4522
f 3517/4977/4656 3516/4976/4657 3518/4978/4658 3519/4979/4659
f 3517/4977/4656 3519/4979/4659 3520/4980/4660 3398/4844/4524
f 3520/4980/4660 3401/4847/4527 3399/4845/4525 3398/4844/4524
f 3520/4980/4660 3519/4979/4659 3521/4981/4661 3522/4982/4662
f 3520/4980/4660 3522/4982/4662 3523/4983/4663 3401/4847/4527
f 3523/4983/4663 3404/4850/4530 3402/4848/4528 3401/4847/4527
f 3523/4983/4663 3522/4982/4662 3524/4984/4664 3525/4985/4665
f 3523/4983/4663 3525/4985/4665 3526/4986/4666 3404/4850/4530
f 3526/4986/4666 3407/4853/4533 3405/4851/4531 3404/4850/4530
f 3526/4986/4666 3525/4985/4665 3527/4987/4667 3528/4988/4668
f 3526/4986/4666 3528/4988/4668 3529/4989/4669 3407/4853/4533
f 3529/4989/4669 3410/4856/4536 3408/4854/4534 3407/4853/4533
f 3529/4989/4669 3528/4988/4668 3530/4990/4670 3531/4991/4671
f 3529/4989/4669 3531/4991/4671 3532/4992/4672 3410/4856/4536
f 3532/4992/4672 3413/4859/4539 3411/4857/4537 3410/4856/4536
f 3532/4992/4672 3531/4991/4671 3533/4993/4673 3534/4994/4674
f 3532/4992/4672 3534/4994/4674 3535/4995/4675 3413/4859/4539
f 3535/4995/4675 3416/4862/4542 3414/4860/4540 3413/4859/4539
f 3535/4995/4675 3534/4994/4674 3536/4996/4676 3537/4997/4677
f 3535/4995/4675 3537/4997/4677 3538/4998/4678 3416/4862/4542
f 3538/4998/4678 3419/4865/4545 3417/4863/4543 3416/4862/4542
f 3538/4998/4678 3537/4997/4677 3539/4999/4679 3540/5000/4680
f 3538/4998/4678 3540/5000/4680 3541/5001/4681 3419/4865/4545
f 3541/5001/4681 3422/4868/4548 3420/4866/4546 3419/4865/4545
f 3541/5001/4681 3540/5000/4680 3542/5002/4682 3543/5003/4683
f 3541/5001/4681 3543/5003/4683 3544/5004/4684 3422/4868/4548
f 3544/5004/4684 3425/4871/4551 3423/4869/4549 3422/4868/4548
f 3544/5004/4684 3543/5003/4683 3545/5005/4685 3546/5006/4686
f 3544/5004/4684 3546/5006/4686 3547/5007/4687 3425/4871/4551
f 3547/5007/4687 3429/4875/4555 3426/4872/4552 3425/4871/4551
f 3547/5007/4687 3546/5006/4686 3548/5008/4688 3549/5009/4689
f 3547/5007/4687 3549/5009/4689 3550/5010/4690 3429/4875/4555
f 3550/5010/4690 3434/4880/4560 3430/4876/4556 3429/4875/4555
f 3550/5010/4690 3549/5009/4689 3551/5011/4691 3552/5012/4692
f 3550/5010/4690 3552/5012/4692 3553/5013/4693 3434/4880/4560
f 3553/5013/4693 3437/5014/4563 3435/4881/4561 3434/4880/4560
f 3553/5013/4693 3552/5012/4692 3554/5015/4694 3555/5016/4695
f 3553/5013/4693 3555/5016/4695 3556/5017/4696 3437/5014/4563
f 3556/5017/4696 3555/5016/4695 3557/5018/4697 3558/5019/4698
f 3556/5020/4699 3558/5021/4700 3559/5022/4701 3560/5023/4702
f 3556/5020/4699 3560/5023/4702 3438/5024/4564 3437/5025/4563
f 3560/5023/4702 3559/5022/4701 3561/5026/4703 3562/5027/4704
f 3560/5023/4702 3562/5027/4704 3439/5028/4705 3438/5024/4564
f 3562/5027/4704 3561/5026/4703 3563/5029/4706 3564/5030/4707
f 3562/5027/4704 3564/5030/4707 3565/5031/4708 3439/5028/4705
f 3565/5031/4708 3564/5030/4707 3566/5032/4709 3567/5033/4710
f 3565/5034/4711 3567/5035/4712 3568/5036/4713 3442/5037/4569
f 3565/5034/4711 3442/5037/4569 3440/4888/4566 3439/4887/4565
f 3568/5038/4714 3567/5039/4715 3569/5040/4716 3570/5041/4717
f 3568/5038/4714 3570/5041/4717 3571/5042/4718 3572/5043/4719
f 3568/5044/4713 3572/5045/4720 3443/4894/4570 3442/4893/4569
f 3572/5043/4719 3571/5042/4718 3573/5046/4721 3574/5047/4722
f 3572/5045/4720 3574/5048/4723 3444/4895/4571 3443/4894/4570
f 3574/5047/4722 3573/5046/4721 3575/5049/4724 3449/5050/4725
f 3574/5048/4723 3449/4901/4577 3446/4898/4574 3444/4895/4571
f 3575/5049/4724 3573/5046/4721 3576/5051/4726 3577/5052/4727
f 3575/5049/4724 3577/5052/4727 3578/5053/4728 3579/5054/4729
f 3575/5049/4724 3579/5054/4729 3450/5055/4730 3449/5050/4725
f 3579/5054/4729 3578/5053/4728 3580/5056/4731 3581/5057/4732
f 3579/5054/4729 3581/5057/4732 3451/5058/4733 3450/5055/4730
f 3581/5057/4732 3580/5056/4731 3582/5059/4734 3456/4911/4587
f 3581/5057/4732 3456/4911/4587 3453/4908/4586 3451/5058/4733
f 3582/5059/4734 3580/5056/4731 3583/5060/4735 3584/5061/4736
f 3582/5059/4734 3584/5061/4736 3462/4918/4595 3460/4916/4593
f 3582/5059/4734 3460/4916/4593 3457/4912/4588 3456/4911/4587
f 3584/5061/4736 3583/5060/4735 3585/5062/4737 3586/5063/4738
f 3584/5061/4736 3586/5063/4738 3464/4920/4597 3462/4918/4595
f 3586/5063/4738 3585/5062/4737 3587/5064/4739 3588/5065/4740
f 3586/5063/4738 3588/5065/4740 3466/4922/4599 3464/4920/4597
f 3588/5065/4740 3587/5064/4739 3589/5066/4741 3590/5067/4742
f 3588/5065/4740 3590/5067/4742 3591/5068/4743 3466/4922/4599
f 3591/5068/4743 3590/5067/4742 3592/5069/4744 3593/5070/4745
f 3591/5068/4743 3593/5070/4745 3594/5071/4746 3469/4925/4602
f 3591/5068/4743 3469/4925/4602 3467/4923/4600 3466/4922/4599
f 3594/5071/4746 3593/5070/4745 3595/5072/4747 3596/5073/4748
f 3594/5071/4746 3596/5073/4748 3597/5074/4749 3472/4928/4605
f 3594/5071/4746 3472/4928/4605 3470/4926/4603 3469/4925/4602
f 3597/5074/4749 3596/5073/4748 3598/5075/4750 3599/5076/4751
f 3597/5074/4749 3599/5076/4751 3600/5077/4752 3475/4931/4608
f 3597/5074/4749 3475/4931/4608 3473/4929/4606 3472/4928/4605
f 3600/5077/4752 3599/5076/4751 3601/5078/4753 3602/5079/4754
f 3600/5077/4752 3602/5079/4754 3603/5080/4755 3478/4934/4611
f 3600/5077/4752 3478/4934/4611 3476/4932/4609 3475/4931/4608
f 3603/5080/4755 3602/5079/4754 3604/5081/4756 3605/5082/4757
f 3603/5080/4755 3605/5082/4757 3606/5083/4758 3607/5084/4759
f 3603/5080/4755 3607/5084/4759 3479/4935/4612 3478/4934/4611
f 3607/5084/4759 3606/5083/4758 3608/5085/4760 3609/5086/4761
f 3607/5084/4759 3609/5086/4761 3480/4936/4613 3479/4935/4612
f 3609/5086/4761 3608/5085/4760 3610/5087/4762 3485/4941/4618
f 3609/5086/4761 3485/4941/4618 3482/4938/4615 3480/4936/4613
f 3610/5087/4762 3608/5085/4760 3611/5088/4763 3612/5089/4764
f 3610/5087/4762 3612/5089/4764 3613/5090/4765 3614/5091/4766
f 3610/5087/4762 3614/5091/4766 3486/4942/4619 3485/4941/4618
f 3614/5091/4766 3613/5090/4765 3615/5092/4767 3616/5093/4768
f 3614/5091/4766 3616/5093/4768 3487/4943/4620 3486/4942/4619
f 3616/5093/4768 3615/5092/4767 3617/5094/4769 3492/5095/4770
f 3616/5093/4768 3492/5095/4770 3489/4945/4622 3487/4943/4620
f 3617/5094/4769 3615/5092/4767 3618/5096/4771 3619/5097/4772
f 3617/5094/4773 3619/5097/4772 3620/5098/4774 3621/5099/4775
f 3617/5094/4773 3621/5099/4775 3493/5100/4628 3492/5095/4627
f 3621/5101/4776 3620/5102/4777 3622/5103/4778 3623/5104/4779
f 3621/5101/4776 3623/5104/4779 3494/4952/4630 3493/4951/4629
f 3623/5104/4779 3622/5103/4778 3624/5105/4780 3625/5106/4781
f 3623/5104/4779 3625/5106/4781 3496/4954/4632 3494/4952/4630
f 3625/5106/4781 3624/5105/4780 3626/5107/4782 3627/5108/4783
f 3625/5106/4781 3627/5108/4783 3498/4956/4634 3496/4954/4632
f 3627/5108/4783 3626/5107/4782 3628/5109/4784 3629/5110/4785
f 3627/5108/4783 3629/5110/4785 3500/4958/4636 3498/4956/4634
f 3629/5111/4786 3628/5112/4787 3630/5113/4788 3631/5114/4789
f 3629/5111/4786 3631/5114/4789 3502/4962/4640 3500/4961/4639
f 3631/5114/4789 3630/5113/4788 3632/5115/4790 3633/5116/4791
f 3631/5114/4789 3633/5116/4791 3504/4964/4642 3502/4962/4640
f 3633/5116/4791 3632/5115/4790 3634/5117/4792 3635/5118/4793
f 3633/5116/4791 3635/5118/4793 3506/4966/4644 3504/4964/4642
f 3635/5118/4793 3634/5117/4792 3636/5119/4299 3637/5120/4794
f 3635/5118/4793 3637/5120/4794 3508/4968/4646 3506/4966/4644
f 3637/5120/4794 3636/5119/4299 3638/5121/4795 3639/5122/4796
f 3637/5120/4794 3639/5122/4796 3510/4970/4648 3508/4968/4646
f 3639/5122/4796 3638/5121/4795 3640/5123/4797 3641/5124/4798
f 3639/5122/4796 3641/5124/4798 3512/4972/4650 3510/4970/4648
f 3641/5124/4798 3640/5123/4797 3642/5125/4799 3643/5126/4800
f 3641/5124/4798 3643/5126/4800 3514/4974/4652 3512/4972/4650
f 3643/5126/4800 3642/5125/4799 3644/5127/4801 3645/5128/4802
f 3643/5126/4800 3645/5128/4802 3516/4976/4654 3514/4974/4652
f 3645/5128/4803 3644/5127/4804 3646/5129/4805 3647/5130/4806
f 3645/5128/4803 3647/5130/4806 3518/4978/4658 3516/4976/4657
f 3647/5130/4807 3646/5129/4808 3648/5131/4809 3649/5132/4810
f 3647/5130/4807 3649/5132/4810 3650/5133/4811 3518/4978/4812
f 3650/5133/4811 3521/4981/4661 3519/4979/4659 3518/4978/4812
f 3650/5133/4811 3649/5132/4810 3651/5134/4813 3652/5135/4814
f 3650/5133/4811 3652/5135/4814 3653/5136/4815 3521/4981/4661
f 3653/5136/4815 3524/4984/4664 3522/4982/4662 3521/4981/4661
f 3653/5136/4815 3652/5135/4814 3654/5137/4816 3655/5138/4817
f 3653/5136/4815 3655/5138/4817 3656/5139/4818 3524/4984/4664
f 3656/5139/4819 3527/4987/4667 3525/4985/4665 3524/4984/4664
f 3656/5139/4818 3655/5138/4817 3657/5140/4820 3658/5141/4821
f 3656/5139/4819 3658/5141/4822 3659/5142/4823 3527/4987/4667
f 3659/5142/4823 3530/4990/4670 3528/4988/4668 3527/4987/4667
f 3659/5142/4823 3658/5141/4822 3660/5143/4824 3661/5144/4825
f 3659/5142/4823 3661/5144/4826 3662/5145/4827 3530/4990/4670
f 3662/5145/4827 3533/4993/4673 3531/4991/4671 3530/4990/4670
f 3662/5145/4827 3661/5144/4826 3663/5146/4828 3664/5147/4829
f 3662/5145/4827 3664/5147/4829 3665/5148/4830 3533/4993/4673
f 3665/5148/4830 3536/4996/4676 3534/4994/4674 3533/4993/4673
f 3665/5148/4830 3664/5147/4829 3666/5149/4831 3667/5150/4832
f 3665/5148/4830 3667/5150/4832 3668/5151/4833 3536/4996/4676
f 3668/5151/4833 3539/4999/4679 3537/4997/4677 3536/4996/4676
f 3668/5151/4833 3667/5150/4832 3669/5152/4834 3670/5153/4675
f 3668/5151/4833 3670/5153/4675 3671/5154/4835 3539/4999/4679
f 3671/5154/4835 3542/5002/4682 3540/5000/4680 3539/4999/4679
f 3671/5154/4835 3670/5153/4675 3672/5155/4836 3673/5156/4679
f 3671/5154/4835 3673/5156/4679 3674/5157/4837 3542/5002/4682
f 3674/5157/4837 3545/5005/4685 3543/5003/4683 3542/5002/4682
f 3674/5157/4837 3673/5156/4679 3675/5158/4838 3676/5159/4839
f 3674/5157/4837 3676/5159/4839 3677/5160/4840 3545/5005/4685
f 3677/5160/4840 3548/5008/4688 3546/5006/4686 3545/5005/4685
f 3677/5160/4840 3676/5159/4839 3678/5161/4841 3679/5162/4842
f 3677/5160/4840 3679/5162/4842 3680/5163/4843 3548/5008/4688
f 3680/5163/4843 3551/5011/4691 3549/5009/4689 3548/5008/4688
f 3680/5163/4843 3679/5162/4842 3681/5164/4844 3682/5165/4845
f 3680/5163/4843 3682/5165/4845 3683/5166/4846 3551/5011/4691
f 3683/5166/4846 3554/5015/4694 3552/5012/4692 3551/5011/4691
f 3683/5166/4846 3682/5165/4845 3684/5167/4847 3685/5168/4848
f 3683/5166/4846 3685/5168/4848 3686/5169/4849 3554/5015/4694
f 3686/5169/4849 3557/5018/4697 3555/5016/4695 3554/5015/4694
f 3686/5169/4849 3685/5168/4848 3687/5170/4850 3688/5171/4851
f 3686/5169/4849 3688/5171/4851 3689/5172/4852 3557/5018/4697
f 3689/5172/4852 3688/5171/4851 3690/5173/4853 3691/5174/4854
f 3689/5175/4855 3691/5176/4856 3692/5177/4857 3693/5178/4858
f 3689/5172/4855 3693/5179/4858 3558/5019/4698 3557/5018/4697
f 3693/5178/4858 3692/5177/4857 3694/5180/4859 3695/5181/4860
f 3693/5178/4858 3695/5181/4860 3559/5022/4701 3558/5021/4700
f 3695/5181/4860 3694/5180/4859 3696/5182/4861 3697/5183/4862
f 3695/5181/4860 3697/5183/4862 3561/5026/4703 3559/5022/4701
f 3697/5183/4862 3696/5182/4861 3698/5184/4863 3699/5185/4864
f 3697/5183/4862 3699/5185/4864 3563/5029/4706 3561/5026/4703
f 3699/5185/4864 3698/5184/4863 3700/5186/4865 3701/5187/4866
f 3699/5185/4864 3701/5187/4866 3702/5188/4867 3563/5029/4706
f 3702/5189/4867 3701/5190/4868 3703/5191/4869 3704/5192/4870
f 3702/5188/4867 3704/5193/4870 3705/5194/4871 3566/5032/4709
f 3702/5188/4867 3566/5032/4709 3564/5030/4707 3563/5029/4706
f 3705/5195/4872 3704/5192/4873 3706/5196/4874 3707/5197/4875
f 3705/5195/4872 3707/5197/4875 3708/5198/4876 3569/5040/4716
f 3705/5194/4871 3569/5199/4877 3567/5033/4710 3566/5032/4709
f 3708/5198/4876 3707/5197/4875 3709/5200/4878 3710/5201/4879
f 3708/5198/4876 3710/5201/4879 3711/5202/4880 3712/5203/4881
f 3708/5198/4876 3712/5203/4881 3570/5041/4717 3569/5040/4716
f 3712/5203/4881 3711/5202/4880 3713/5204/4882 3714/5205/4883
f 3712/5203/4881 3714/5205/4883 3571/5042/4718 3570/5041/4717
f 3714/5205/4883 3713/5204/4882 3715/5206/4884 3576/5051/4726
f 3714/5205/4883 3576/5051/4726 3573/5046/4721 3571/5042/4718
f 3715/5206/4884 3713/5204/4882 3716/5207/4885 3717/5208/4886
f 3715/5206/4884 3717/5208/4886 3718/5209/4887 3719/5210/4888
f 3715/5206/4884 3719/5210/4888 3577/5052/4727 3576/5051/4726
f 3719/5210/4888 3718/5209/4887 3720/5211/4889 3721/5212/4890
f 3719/5210/4888 3721/5212/4890 3578/5053/4728 3577/5052/4727
f 3721/5212/4890 3720/5211/4889 3585/5062/4737 3583/5060/4735
f 3721/5212/4890 3583/5060/4735 3580/5056/4731 3578/5053/4728
f 3720/5211/4889 3718/5209/4887 3722/5213/4891 3723/5214/4892
f 3720/5211/4889 3723/5214/4892 3587/5064/4739 3585/5062/4737
f 3723/5214/4892 3722/5213/4891 3724/5215/4893 3725/5216/4894
f 3723/5214/4892 3725/5216/4894 3589/5066/4741 3587/5064/4739
f 3725/5216/4894 3724/5215/4893 3726/5217/4895 3727/5218/4896
f 3725/5216/4894 3727/5218/4896 3728/5219/4897 3589/5066/4741
f 3728/5219/4897 3727/5218/4896 3729/5220/4898 3730/5221/4899
f 3728/5219/4897 3730/5221/4899 3731/5222/4900 3592/5069/4744
f 3728/5219/4897 3592/5069/4744 3590/5067/4742 3589/5066/4741
f 3731/5222/4900 3730/5221/4899 3732/5223/4901 3733/5224/4902
f 3731/5222/4900 3733/5224/4902 3734/5225/4903 3595/5072/4747
f 3731/5222/4900 3595/5072/4747 3593/5070/4745 3592/5069/4744
f 3734/5225/4903 3733/5224/4902 3735/5226/4904 3736/5227/4905
f 3734/5225/4903 3736/5227/4905 3737/5228/4906 3598/5075/4750
f 3734/5225/4903 3598/5075/4750 3596/5073/4748 3595/5072/4747
f 3737/5228/4906 3736/5227/4905 3738/5229/4907 3739/5230/4908
f 3737/5228/4906 3739/5230/4908 3740/5231/4909 3601/5078/4753
f 3737/5228/4906 3601/5078/4753 3599/5076/4751 3598/5075/4750
f 3740/5231/4909 3739/5230/4908 3741/5232/4910 3742/5233/4911
f 3740/5231/4909 3742/5233/4911 3743/5234/4912 3604/5081/4756
f 3740/5231/4909 3604/5081/4756 3602/5079/4754 3601/5078/4753
f 3743/5234/4912 3742/5233/4911 3744/5235/4913 3745/5236/4914
f 3743/5234/4912 3745/5236/4914 3746/5237/4915 3747/5238/4916
f 3743/5234/4912 3747/5238/4916 3605/5082/4757 3604/5081/4756
f 3747/5238/4916 3746/5237/4915 3748/5239/4917 3749/5240/4918
f 3747/5238/4916 3749/5240/4918 3606/5083/4758 3605/5082/4757
f 3749/5240/4918 3748/5239/4917 3750/5241/4919 3611/5088/4763
f 3749/5240/4918 3611/5088/4763 3608/5085/4760 3606/5083/4758
f 3750/5241/4919 3748/5239/4917 3751/5242/4920 3752/5243/4921
f 3750/5241/4919 3752/5243/4921 3753/5244/4922 3754/5245/4923
f 3750/5241/4919 3754/5245/4923 3612/5089/4764 3611/5088/4763
f 3754/5245/4923 3753/5244/4922 3755/5246/4924 3756/5247/4925
f 3754/5245/4923 3756/5247/4925 3613/5090/4765 3612/5089/4764
f 3756/5247/4925 3755/5246/4924 3757/5248/4926 3618/5096/4771
f 3756/5247/4925 3618/5096/4771 3615/5092/4767 3613/5090/4765
f 3757/5248/4926 3755/5246/4924 3758/5249/4927 3759/5250/4928
f 3757/5248/4926 3759/5250/4928 3760/5251/4929 3761/5252/4930
f 3757/5248/4926 3761/5252/4930 3619/5097/4772 3618/5096/4771
f 3761/5252/4930 3760/5251/4929 3762/5253/4931 3763/5254/4932
f 3761/5252/4930 3763/5254/4932 3620/5098/4774 3619/5097/4772
f 3763/5255/4933 3762/5256/4934 3764/5257/4935 3765/5258/4936
f 3763/5255/4933 3765/5258/4936 3622/5103/4778 3620/5102/4777
f 3765/5258/4936 3764/5257/4935 3766/5259/4937 3767/5260/4938
f 3765/5258/4936 3767/5260/4938 3624/5105/4780 3622/5103/4778
f 3767/5260/4938 3766/5259/4937 3768/5261/4939 3769/5262/4940
f 3767/5260/4938 3769/5262/4940 3626/5107/4782 3624/5105/4780
f 3769/5262/4940 3768/5261/4939 3770/5263/4941 3771/5264/4942
f 3769/5262/4940 3771/5264/4942 3628/5109/4784 3626/5107/4782
f 3771/5265/4943 3770/5266/4944 3772/5267/4945 3773/5268/4946
f 3771/5265/4943 3773/5268/4946 3630/5113/4788 3628/5112/4787
f 3773/5268/4946 3772/5267/4945 3774/5269/4947 3775/5270/4948
f 3773/5268/4946 3775/5270/4948 3632/5115/4790 3630/5113/4788
f 3775/5270/4948 3774/5269/4947 3776/5271/4521 3777/5272/4949
f 3775/5270/4948 3777/5272/4949 3634/5117/4792 3632/5115/4790
f 3777/5272/4949 3776/5271/4521 3778/5273/4412 3779/5274/4950
f 3777/5272/4949 3779/5274/4950 3636/5119/4299 3634/5117/4792
f 3779/5274/4950 3778/5273/4412 3780/5275/4951 3781/5276/4952
f 3779/5274/4950 3781/5276/4952 3638/5121/4795 3636/5119/4299
f 3781/5276/4952 3780/5275/4951 3782/5277/4953 3783/5278/4954
f 3781/5276/4952 3783/5278/4954 3640/5123/4797 3638/5121/4795
f 3783/5278/4954 3782/5277/4953 3784/5279/4955 3785/5280/4956
f 3783/5278/4954 3785/5280/4956 3642/5125/4799 3640/5123/4797
f 3785/5280/4956 3784/5279/4955 3786/5281/4957 3787/5282/4958
f 3785/5280/4956 3787/5282/4958 3644/5127/4801 3642/5125/4799
f 3787/5282/4959 3786/5281/4960 3788/5283/4961 3789/5284/4959
f 3787/5282/4959 3789/5284/4959 3646/5129/4805 3644/5127/4804
f 3789/5284/4962 3788/5283/4963 3790/5285/4964 3791/5286/4965
f 3789/5284/4962 3791/5286/4965 3648/5131/4809 3646/5129/4808
f 3791/5286/4965 3790/5285/4964 3792/5287/4966 3793/5288/4967
f 3791/5286/4965 3793/5288/4967 3794/5289/4968 3648/5131/4809
f 3794/5289/4968 3651/5134/4813 3649/5132/4810 3648/5131/4809
f 3794/5289/4968 3793/5288/4967 3795/5290/4969 3796/5291/4970
f 3794/5289/4968 3796/5291/4970 3797/5292/4971 3651/5134/4813
f 3797/5292/4971 3654/5137/4816 3652/5135/4814 3651/5134/4813
f 3797/5292/4971 3796/5291/4970 3798/5293/4972 3799/5294/4973
f 3797/5292/4971 3799/5294/4973 3800/5295/4974 3654/5137/4816
f 3800/5295/4974 3657/5140/4820 3655/5138/4817 3654/5137/4816
f 3800/5295/4974 3799/5294/4973 3801/5296/4816 3802/5297/4975
f 3800/5295/4974 3802/5297/4975 3803/5298/4976 3657/5140/4820
f 3803/5298/4976 3660/5143/4977 3658/5141/4821 3657/5140/4820
f 3803/5298/4976 3802/5297/4975 3804/5299/4978 3805/5300/4979
f 3803/5298/4976 3805/5300/4979 3806/5301/4980 3660/5143/4977
f 3806/5301/4980 3663/5146/4981 3661/5144/4825 3660/5143/4824
f 3806/5301/4980 3805/5300/4979 3807/5302/4982 3808/5303/4983
f 3806/5301/4980 3808/5303/4983 3809/5304/4984 3663/5146/4981
f 3809/5304/4985 3666/5149/4831 3664/5147/4829 3663/5146/4828
f 3809/5304/4984 3808/5303/4983 3810/5305/4986 3811/5306/4987
f 3809/5304/4985 3811/5306/4988 3812/5307/4989 3666/5149/4831
f 3812/5307/4989 3669/5152/4834 3667/5150/4832 3666/5149/4831
f 3812/5307/4989 3811/5306/4988 3813/5308/4990 3814/5309/4991
f 3812/5307/4989 3814/5309/4991 3815/5310/4992 3669/5152/4834
f 3815/5310/4992 3672/5155/4836 3670/5153/4675 3669/5152/4834
f 3815/5310/4992 3814/5309/4991 3816/5311/4993 3817/5312/4994
f 3815/5310/4992 3817/5312/4994 3818/5313/4995 3672/5155/4836
f 3818/5313/4995 3675/5158/4838 3673/5156/4679 3672/5155/4836
f 3818/5313/4995 3817/5312/4994 3819/5314/4996 3820/5315/4997
f 3818/5313/4995 3820/5315/4997 3821/5316/4998 3675/5158/4838
f 3821/5316/4998 3678/5161/4841 3676/5159/4839 3675/5158/4838
f 3821/5316/4998 3820/5315/4997 3822/5317/4999 3823/5318/5000
f 3821/5316/4998 3823/5318/5000 3824/5319/5001 3678/5161/4841
f 3824/5319/5001 3681/5164/4844 3679/5162/4842 3678/5161/4841
f 3824/5319/5001 3823/5318/5000 3825/5320/5002 3826/5321/5003
f 3824/5319/5001 3826/5321/5003 3827/5322/5004 3681/5164/4844
f 3827/5322/5004 3684/5167/4847 3682/5165/4845 3681/5164/4844
f 3827/5322/5004 3826/5321/5003 3828/5323/5002 3829/5324/5005
f 3827/5322/5004 3829/5324/5005 3830/5325/5006 3684/5167/4847
f 3830/5325/5006 3687/5170/4850 3685/5168/4848 3684/5167/4847
f 3830/5325/5006 3829/5324/5005 3831/5326/5007 3832/5327/5008
f 3830/5325/5006 3832/5327/5008 3833/5328/5009 3687/5170/4850
f 3833/5328/5009 3690/5173/4853 3688/5171/4851 3687/5170/4850
f 3833/5328/5009 3832/5327/5008 3834/5329/5010 3835/5330/5011
f 3833/5328/5009 3835/5330/5011 3836/5331/5012 3690/5173/4853
f 3836/5331/5012 3835/5330/5011 3837/5332/5013 3838/5333/5014
f 3836/5334/5012 3838/5335/5014 3839/5336/5015 3840/5337/5016
f 3836/5331/5012 3840/5338/5016 3691/5174/4854 3690/5173/4853
f 3840/5337/5016 3839/5336/5015 3841/5339/5017 3842/5340/5018
f 3840/5337/5016 3842/5340/5018 3692/5177/4857 3691/5176/4856
f 3842/5340/5018 3841/5339/5017 3843/5341/5019 3844/5342/5020
f 3842/5340/5018 3844/5342/5020 3694/5180/4859 3692/5177/4857
f 3844/5342/5020 3843/5341/5019 3845/5343/5021 3846/5344/5022
f 3844/5342/5020 3846/5344/5022 3696/5182/4861 3694/5180/4859
f 3846/5344/5022 3845/5343/5021 3847/5345/5023 3848/5346/5024
f 3846/5344/5022 3848/5346/5024 3698/5184/4863 3696/5182/4861
f 3848/5346/5024 3847/5345/5023 3849/5347/5025 3850/5348/5026
f 3848/5346/5024 3850/5348/5026 3700/5186/4865 3698/5184/4863
f 3850/5349/5027 3849/5350/5028 3851/5351/5029 3852/5352/5030
f 3850/5349/5027 3852/5352/5030 3853/5353/5031 3700/5354/5032
f 3853/5353/5031 3852/5352/5030 3854/5355/5033 3855/5356/5034
f 3853/5353/5031 3855/5356/5034 3856/5357/5035 3703/5191/4869
f 3853/5353/5031 3703/5191/4869 3701/5190/4868 3700/5354/5032
f 3856/5357/5035 3855/5356/5034 3857/5358/5036 3858/5359/5037
f 3856/5357/5035 3858/5359/5037 3859/5360/5038 3706/5196/4874
f 3856/5357/5035 3706/5196/4874 3704/5192/4873 3703/5191/4869
f 3859/5360/5038 3858/5359/5037 3860/5361/5039 3861/5362/5040
f 3859/5360/5038 3861/5362/5040 3862/5363/5041 3709/5200/4878
f 3859/5360/5038 3709/5200/4878 3707/5197/4875 3706/5196/4874
f 3862/5363/5041 3861/5362/5040 3863/5364/5042 3864/5365/5043
f 3862/5363/5041 3864/5365/5043 3865/5366/5044 3866/5367/5045
f 3862/5363/5041 3866/5367/5045 3710/5201/4879 3709/5200/4878
f 3866/5367/5045 3865/5366/5044 3867/5368/5046 3868/5369/5047
f 3866/5367/5045 3868/5369/5047 3711/5202/4880 3710/5201/4879
f 3868/5369/5047 3867/5368/5046 3869/5370/5048 3716/5207/4885
f 3868/5369/5047 3716/5207/4885 3713/5204/4882 3711/5202/4880
f 3869/5370/5048 3867/5368/5046 3870/5371/5049 3871/5372/5050
f 3869/5370/5048 3871/5372/5050 3872/5373/5051 3873/5374/5052
f 3869/5370/5048 3873/5374/5052 3717/5208/4886 3716/5207/4885
f 3873/5374/5052 3872/5373/5051 3724/5215/4893 3722/5213/4891
f 3873/5374/5052 3722/5213/4891 3718/5209/4887 3717/5208/4886
f 3872/5373/5051 3871/5372/5050 3874/5375/5053 3875/5376/5054
f 3872/5373/5051 3875/5376/5054 3726/5217/4895 3724/5215/4893
f 3875/5376/5054 3874/5375/5053 3876/5377/5055 3877/5378/5056
f 3875/5376/5054 3877/5378/5056 3878/5379/5057 3726/5217/4895
f 3878/5379/5057 3877/5378/5056 3879/5380/5058 3880/5381/5059
f 3878/5379/5057 3880/5381/5059 3881/5382/5060 3729/5220/4898
f 3878/5379/5057 3729/5220/4898 3727/5218/4896 3726/5217/4895
f 3881/5382/5060 3880/5381/5059 3882/5383/5061 3883/5384/5062
f 3881/5382/5060 3883/5384/5062 3884/5385/5063 3732/5223/4901
f 3881/5382/5060 3732/5223/4901 3730/5221/4899 3729/5220/4898
f 3884/5385/5064 3883/5384/5062 3885/5386/5065 3886/5387/5066
f 3884/5385/5064 3886/5387/5066 3887/5388/5067 3735/5226/4904
f 3884/5385/5063 3735/5226/4904 3733/5224/4902 3732/5223/4901
f 3887/5388/5067 3886/5387/5066 3888/5389/5068 3889/5390/5069
f 3887/5388/5067 3889/5390/5069 3890/5391/5070 3738/5229/4907
f 3887/5388/5067 3738/5229/4907 3736/5227/4905 3735/5226/4904
f 3890/5391/5070 3889/5390/5069 3891/5392/5071 3892/5393/5072
f 3890/5391/5070 3892/5393/5072 3893/5394/5073 3741/5232/4910
f 3890/5391/5070 3741/5232/4910 3739/5230/4908 3738/5229/4907
f 3893/5394/5073 3892/5393/5072 3894/5395/5074 3895/5396/5075
f 3893/5394/5073 3895/5396/5075 3896/5397/5076 3744/5235/4913
f 3893/5394/5073 3744/5235/4913 3742/5233/4911 3741/5232/4910
f 3896/5397/5076 3895/5396/5075 3897/5398/5077 3898/5399/5078
f 3896/5397/5076 3898/5399/5078 3899/5400/5079 3900/5401/5080
f 3896/5397/5076 3900/5401/5080 3745/5236/4914 3744/5235/4913
f 3900/5401/5080 3899/5400/5079 3901/5402/5081 3902/5403/5082
f 3900/5401/5080 3902/5403/5082 3746/5237/4915 3745/5236/4914
f 3902/5403/5082 3901/5402/5081 3903/5404/5083 3751/5242/4920
f 3902/5403/5082 3751/5242/4920 3748/5239/4917 3746/5237/4915
f 3903/5404/5083 3901/5402/5081 3904/5405/5084 3905/5406/5085
f 3903/5404/5083 3905/5406/5085 3906/5407/5086 3907/5408/5087
f 3903/5404/5083 3907/5408/5087 3752/5243/4921 3751/5242/4920
f 3907/5408/5087 3906/5407/5086 3908/5409/5088 3909/5410/5089
f 3907/5408/5087 3909/5410/5089 3753/5244/4922 3752/5243/4921
f 3909/5410/5089 3908/5409/5088 3910/5411/5090 3758/5249/4927
f 3909/5410/5089 3758/5249/4927 3755/5246/4924 3753/5244/4922
f 3910/5411/5090 3908/5409/5088 3911/5412/5091 3912/5413/5092
f 3910/5411/5090 3912/5413/5092 3913/5414/5093 3914/5415/5094
f 3910/5411/5090 3914/5415/5094 3759/5250/4928 3758/5249/4927
f 3914/5415/5094 3913/5414/5093 3915/5416/5095 3916/5417/5096
f 3914/5415/5094 3916/5417/5096 3760/5251/4929 3759/5250/4928
f 3916/5417/5096 3915/5416/5095 3917/5418/5097 3918/5419/5098
f 3916/5417/5096 3918/5419/5098 3762/5253/4931 3760/5251/4929
f 3918/5420/5099 3917/5421/5100 3919/5422/5101 3920/5423/5102
f 3918/5420/5099 3920/5423/5102 3764/5257/4935 3762/5256/4934
f 3920/5423/5102 3919/5422/5101 3921/5424/5103 3922/5425/5104
f 3920/5423/5102 3922/5425/5104 3766/5259/4937 3764/5257/4935
f 3922/5425/5104 3921/5424/5103 3923/5426/5105 3924/5427/5106
f 3922/5425/5104 3924/5427/5106 3768/5261/4939 3766/5259/4937
f 3924/5427/5106 3923/5426/5105 3925/5428/5107 3926/5429/5108
f 3924/5427/5106 3926/5429/5108 3770/5263/4941 3768/5261/4939
f 3926/5430/5109 3925/5431/5110 3927/5432/5111 3928/5433/5112
f 3926/5430/5109 3928/5433/5112 3772/5267/4945 3770/5266/4944
f 3928/5433/5112 3927/5432/5111 3929/5434/5113 3930/5435/5114
f 3928/5433/5112 3930/5435/5114 3774/5269/4947 3772/5267/4945
f 3930/5435/5114 3929/5434/5113 3931/5436/5115 3932/5437/5116
f 3930/5435/5114 3932/5437/5116 3776/5271/4521 3774/5269/4947
f 3932/5437/5116 3931/5436/5115 3933/5438/5117 3934/5439/5118
f 3932/5437/5116 3934/5439/5118 3778/5273/4412 3776/5271/4521
f 3934/5439/5118 3933/5438/5117 3935/5440/5119 3936/5441/5120
f 3934/5439/5118 3936/5441/5120 3780/5275/4951 3778/5273/4412
f 3936/5441/5120 3935/5440/5119 3937/5442/5121 3938/5443/5122
f 3936/5441/5120 3938/5443/5122 3782/5277/4953 3780/5275/4951
f 3938/5443/5122 3937/5442/5121 3939/5444/5123 3940/5445/5124
f 3938/5443/5122 3940/5445/5124 3784/5279/4955 3782/5277/4953
f 3940/5445/5124 3939/5444/5123 3941/5446/5125 3942/5447/5126
f 3940/5445/5124 3942/5447/5126 3786/5281/4957 3784/5279/4955
f 3942/5447/5127 3941/5446/5128 3943/5448/5129 3944/5449/5130
f 3942/5447/5127 3944/5449/5130 3788/5283/4961 3786/5281/4960
f 3944/5449/5131 3943/5448/5132 3945/5450/5133 3946/5451/5134
f 3944/5449/5131 3946/5451/5134 3790/5285/4964 3788/5283/4963
f 3946/5451/5134 3945/5450/5133 3947/5452/5135 3948/5453/5136
f 3946/5451/5134 3948/5453/5136 3792/5287/4966 3790/5285/4964
f 3948/5453/5136 3947/5452/5135 3949/5454/5137 3950/5455/4970
f 3948/5453/5136 3950/5455/4970 3951/5456/5138 3792/5287/4966
f 3951/5456/5138 3795/5290/4969 3793/5288/4967 3792/5287/4966
f 3951/5456/5138 3950/5455/4970 3952/5457/4841 3953/5458/4540
f 3951/5456/5138 3953/5458/4540 3954/5459/4972 3795/5290/4969
f 3954/5459/4972 3798/5293/4972 3796/5291/4970 3795/5290/4969
f 3954/5459/4972 3953/5458/4540 3955/5460/5139 3956/5461/4816
f 3954/5459/4972 3956/5461/4816 3957/5462/4816 3798/5293/4972
f 3957/5462/4816 3801/5296/4816 3799/5294/4973 3798/5293/4972
f 3957/5462/4816 3956/5461/4816 3958/5463/4816 3959/5464/4540
f 3957/5462/4816 3959/5464/4540 3960/5465/4972 3801/5296/4816
f 3960/5465/4972 3804/5299/4978 3802/5297/4975 3801/5296/4816
f 3960/5465/4972 3959/5464/4540 3961/5466/5140 3962/5467/4973
f 3960/5465/4972 3962/5467/4973 3963/5468/5141 3804/5299/4978
f 3963/5468/5141 3807/5302/4982 3805/5300/4979 3804/5299/4978
f 3963/5468/5141 3962/5467/4973 3964/5469/4973 3965/5470/5142
f 3963/5468/5141 3965/5470/5142 3966/5471/5143 3807/5302/4982
f 3966/5471/5143 3810/5305/4986 3808/5303/4983 3807/5302/4982
f 3966/5471/5143 3965/5470/5142 3967/5472/4995 3968/5473/5144
f 3966/5471/5143 3968/5473/5144 3969/5474/5145 3810/5305/4986
f 3969/5474/5145 3813/5308/5146 3811/5306/4987 3810/5305/4986
f 3969/5474/5145 3968/5473/5144 3970/5475/5147 3971/5476/5148
f 3969/5474/5145 3971/5476/5148 3972/5477/5149 3813/5308/5146
f 3972/5477/5150 3816/5311/4993 3814/5309/4991 3813/5308/4990
f 3972/5477/5149 3971/5476/5148 3973/5478/5151 3974/5479/5152
f 3972/5477/5150 3974/5479/5153 3975/5480/5154 3816/5311/4993
f 3975/5480/5154 3819/5314/4996 3817/5312/4994 3816/5311/4993
f 3975/5480/5154 3974/5479/5153 3976/5481/5155 3977/5482/5156
f 3975/5480/5154 3977/5482/5156 3978/5483/5157 3819/5314/4996
f 3978/5483/5157 3822/5317/4999 3820/5315/4997 3819/5314/4996
f 3978/5483/5157 3977/5482/5156 3979/5484/5158 3980/5485/5159
f 3978/5483/5157 3980/5485/5159 3981/5486/5160 3822/5317/4999
f 3981/5486/5160 3825/5320/5002 3823/5318/5000 3822/5317/4999
f 3981/5486/5160 3980/5485/5159 3982/5487/5161 3983/5488/5162
f 3981/5486/5160 3983/5488/5162 3984/5489/5163 3825/5320/5002
f 3984/5489/5163 3828/5323/5002 3826/5321/5003 3825/5320/5002
f 3984/5489/5163 3983/5488/5162 3985/5490/4838 3986/5491/5164
f 3984/5489/5163 3986/5491/5164 3987/5492/5165 3828/5323/5002
f 3987/5492/5165 3831/5326/5007 3829/5324/5005 3828/5323/5002
f 3987/5492/5165 3986/5491/5164 3988/5493/5166 3989/5494/5167
f 3987/5492/5165 3989/5494/5167 3990/5495/5168 3831/5326/5007
f 3990/5495/5168 3834/5329/5010 3832/5327/5008 3831/5326/5007
f 3990/5495/5168 3989/5494/5167 3991/5496/5169 3992/5497/5170
f 3990/5495/5168 3992/5497/5170 3993/5498/5171 3834/5329/5010
f 3993/5498/5171 3992/5497/5170 3994/5499/5172 3995/5500/5173
f 3993/5498/5171 3995/5500/5173 3996/5501/5174 3837/5332/5013
f 3993/5498/5171 3837/5332/5013 3835/5330/5011 3834/5329/5010
f 3996/5501/5174 3995/5500/5173 3997/5502/5175 3998/5503/5176
f 3996/5504/5174 3998/5505/5176 3999/5506/5177 4000/5507/5178
f 3996/5501/5174 4000/5508/5178 3838/5333/5014 3837/5332/5013
f 4000/5507/5178 3999/5506/5177 4001/5509/5179 4002/5510/5180
f 4000/5507/5178 4002/5510/5180 3839/5336/5015 3838/5335/5014
f 4002/5510/5180 4001/5509/5179 4003/5511/5181 4004/5512/5182
f 4002/5510/5180 4004/5512/5182 3841/5339/5017 3839/5336/5015
f 4004/5512/5182 4003/5511/5181 4005/5513/5183 4006/5514/5184
f 4004/5512/5182 4006/5514/5184 3843/5341/5019 3841/5339/5017
f 4006/5514/5184 4005/5513/5183 4007/5515/5185 4008/5516/5186
f 4006/5514/5184 4008/5516/5186 3845/5343/5021 3843/5341/5019
f 4008/5516/5186 4007/5515/5185 4009/5517/5187 4010/5518/5188
f 4008/5516/5186 4010/5518/5188 3847/5345/5023 3845/5343/5021
f 4010/5519/5188 4009/5520/5187 4011/5521/5189 4012/5522/5190
f 4010/5518/5188 4012/5523/5190 3849/5347/5025 3847/5345/5023
f 4012/5522/5191 4011/5521/5189 4013/5524/5192 4014/5525/5193
f 4012/5522/5191 4014/5525/5193 3851/5351/5029 3849/5350/5028
f 4014/5525/5193 4013/5524/5192 3023/4323/4038 4015/5526/5194
f 4014/5525/5193 4015/5526/5194 4016/5527/5195 3851/5351/5029
f 4016/5527/5195 4015/5526/5194 4017/5528/5196 4018/5529/5197
f 4016/5527/5195 4018/5529/5197 4019/5530/5198 3854/5355/5033
f 4016/5527/5195 3854/5355/5033 3852/5352/5030 3851/5351/5029
f 4019/5530/5198 4018/5529/5197 4020/5531/5199 4021/5532/5200
f 4019/5530/5198 4021/5532/5200 4022/5533/5201 3857/5358/5036
f 4019/5530/5198 3857/5358/5036 3855/5356/5034 3854/5355/5033
f 4022/5533/5201 4021/5532/5200 4023/5534/5202 4024/5535/4032
f 4022/5533/5201 4024/5535/4032 4025/5536/5203 3860/5361/5039
f 4022/5533/5201 3860/5361/5039 3858/5359/5037 3857/5358/5036
f 4025/5536/5203 4024/5535/4032 4026/5537/5204 4027/5538/5205
f 4025/5536/5203 4027/5538/5205 4028/5539/5206 3863/5364/5042
f 4025/5536/5203 3863/5364/5042 3861/5362/5040 3860/5361/5039
f 4028/5539/5206 4027/5538/5205 4029/5540/5207 4030/5541/4740
f 4028/5539/5206 4030/5541/4740 4031/5542/4600 4032/5543/5208
f 4028/5539/5206 4032/5543/5208 3864/5365/5043 3863/5364/5042
f 4032/5543/5208 4031/5542/4600 4033/5544/5209 4034/5545/5210
f 4032/5543/5208 4034/5545/5210 3865/5366/5044 3864/5365/5043
f 4034/5545/5210 4033/5544/5209 4035/5546/5211 3870/5371/5049
f 4034/5545/5210 3870/5371/5049 3867/5368/5046 3865/5366/5044
f 4035/5546/5211 4033/5544/5209 4036/5547/5212 4037/5548/5213
f 4035/5546/5211 4037/5548/5213 3876/5377/5055 3874/5375/5053
f 4035/5546/5211 3874/5375/5053 3871/5372/5050 3870/5371/5049
f 4037/5548/5213 4036/5547/5212 4038/5549/5214 4039/5550/5215
f 4037/5548/5213 4039/5550/5215 4040/5551/5216 3876/5377/5055
f 4040/5551/5216 4039/5550/5215 4041/5552/5217 4042/5553/5218
f 4040/5551/5216 4042/5553/5218 4043/5554/5219 3879/5380/5058
f 4040/5551/5216 3879/5380/5058 3877/5378/5056 3876/5377/5055
f 4043/5554/5219 4042/5553/5218 4044/5555/5220 4045/5556/5221
f 4043/5554/5219 4045/5556/5221 4046/5557/5222 3882/5383/5061
f 4043/5554/5219 3882/5383/5061 3880/5381/5059 3879/5380/5058
f 4046/5557/5222 4045/5556/5221 4047/5558/5223 4048/5559/5224
f 4046/5557/5222 4048/5559/5224 4049/5560/5225 3885/5386/5065
f 4046/5557/5222 3885/5386/5065 3883/5384/5062 3882/5383/5061
f 4049/5560/5225 4048/5559/5224 4050/5561/5054 4051/5562/5054
f 4049/5560/5225 4051/5562/5054 4052/5563/5054 3888/5389/5068
f 4049/5560/5225 3888/5389/5068 3886/5387/5066 3885/5386/5065
f 4052/5563/5054 4051/5562/5054 4053/5564/5054 4054/5565/5054
f 4052/5563/5054 4054/5565/5054 4055/5566/5226 3891/5392/5071
f 4052/5563/5054 3891/5392/5071 3889/5390/5069 3888/5389/5068
f 4055/5566/5226 4054/5565/5054 4056/5567/5054 4057/5568/5227
f 4055/5566/5226 4057/5568/5227 4058/5569/5228 3894/5395/5074
f 4055/5566/5226 3894/5395/5074 3892/5393/5072 3891/5392/5071
f 4058/5569/5228 4057/5568/5227 4059/5570/5229 4060/5571/5230
f 4058/5569/5228 4060/5571/5230 4061/5572/5231 3897/5398/5077
f 4058/5569/5228 3897/5398/5077 3895/5396/5075 3894/5395/5074
f 4061/5572/5231 4060/5571/5230 4062/5573/5232 4063/5574/5233
f 4061/5572/5231 4063/5574/5233 4064/5575/5234 4065/5576/5235
f 4061/5572/5231 4065/5576/5235 3898/5399/5078 3897/5398/5077
f 4065/5576/5235 4064/5575/5234 4066/5577/5236 4067/5578/5237
f 4065/5576/5235 4067/5578/5237 3899/5400/5079 3898/5399/5078
f 4067/5578/5237 4066/5577/5236 4068/5579/5238 3904/5405/5084
f 4067/5578/5237 3904/5405/5084 3901/5402/5081 3899/5400/5079
f 4068/5579/5238 4066/5577/5236 4069/5580/5239 4070/5581/5240
f 4068/5579/5238 4070/5581/5240 4071/5582/5241 4072/5583/5242
f 4068/5579/5238 4072/5583/5242 3905/5406/5085 3904/5405/5084
f 4072/5583/5242 4071/5582/5241 4073/5584/5243 4074/5585/5244
f 4072/5583/5242 4074/5585/5244 3906/5407/5086 3905/5406/5085
f 4074/5585/5244 4073/5584/5243 4075/5586/5245 3911/5412/5091
f 4074/5585/5244 3911/5412/5091 3908/5409/5088 3906/5407/5086
f 4075/5586/5245 4073/5584/5243 4076/5587/5246 4077/5588/5247
f 4075/5586/5245 4077/5588/5247 4078/5589/5248 4079/5590/5249
f 4075/5586/5245 4079/5590/5249 3912/5413/5092 3911/5412/5091
f 4079/5590/5249 4078/5589/5248 4080/5591/5250 4081/5592/5251
f 4079/5590/5249 4081/5592/5251 3913/5414/5093 3912/5413/5092
f 4081/5592/5251 4080/5591/5250 4082/5593/5252 4083/5594/5253
f 4081/5592/5251 4083/5594/5253 3915/5416/5095 3913/5414/5093
f 4083/5594/5253 4082/5593/5254 4084/5595/5255 4085/5596/5256
f 4083/5594/5253 4085/5596/5256 3917/5418/5097 3915/5416/5095
f 4085/5597/5257 4084/5598/5255 4086/5599/5258 4087/5600/5259
f 4085/5597/5257 4087/5600/5259 3919/5422/5101 3917/5421/5100
f 4087/5600/5259 4086/5599/5258 4088/5601/5260 4089/5602/5261
f 4087/5600/5259 4089/5602/5261 3921/5424/5103 3919/5422/5101
f 4089/5602/5261 4088/5601/5260 4090/5603/5262 4091/5604/5263
f 4089/5602/5261 4091/5604/5263 3923/5426/5105 3921/5424/5103
f 4091/5604/5263 4090/5603/5262 4092/5605/5264 4093/5606/5265
f 4091/5604/5263 4093/5606/5265 3925/5428/5107 3923/5426/5105
f 4093/5607/5266 4092/5608/5267 4094/5609/5268 4095/5610/5269
f 4093/5607/5266 4095/5610/5269 3927/5432/5111 3925/5431/5110
f 4095/5610/5269 4094/5609/5268 4096/5611/5270 4097/5612/5271
f 4095/5610/5269 4097/5612/5271 3929/5434/5113 3927/5432/5111
f 4097/5612/5271 4096/5611/5270 4098/5613/5272 4099/5614/5273
f 4097/5612/5271 4099/5614/5273 3931/5436/5115 3929/5434/5113
f 4099/5614/5273 4098/5613/5272 4100/5615/5274 4101/5616/5275
f 4099/5614/5273 4101/5616/5275 3933/5438/5117 3931/5436/5115
f 4101/5616/5275 4100/5615/5274 4102/5617/5276 4103/5618/5277
f 4101/5616/5275 4103/5618/5277 3935/5440/5119 3933/5438/5117
f 4103/5618/5277 4102/5617/5276 4104/5619/5278 4105/5620/5279
f 4103/5618/5277 4105/5620/5279 3937/5442/5121 3935/5440/5119
f 4105/5620/5279 4104/5619/5278 4106/5621/5280 4107/5622/5281
f 4105/5620/5279 4107/5622/5281 3939/5444/5123 3937/5442/5121
f 4107/5622/5281 4106/5621/5280 4108/5623/5282 4109/5624/5283
f 4107/5622/5281 4109/5624/5283 3941/5446/5125 3939/5444/5123
f 4109/5624/5284 4108/5623/5285 4110/5625/5286 4111/5626/5287
f 4109/5624/5284 4111/5626/5287 3943/5448/5129 3941/5446/5128
f 4111/5626/5288 4110/5625/5289 4112/5627/5290 4113/5628/5291
f 4111/5626/5288 4113/5628/5291 3945/5450/5133 3943/5448/5132
f 4113/5628/5291 4112/5627/5290 4114/5629/5292 4115/5630/5293
f 4113/5628/5291 4115/5630/5293 3947/5452/5135 3945/5450/5133
f 4115/5630/5293 4114/5629/5292 4116/5631/5294 4117/5632/5295
f 4115/5630/5293 4117/5632/5295 3949/5454/5137 3947/5452/5135
f 4117/5632/5295 4116/5631/5294 4118/5633/5296 4119/5634/5297
f 4117/5632/5295 4119/5634/5297 4120/5635/4540 3949/5454/5137
f 4120/5635/4540 3952/5457/4841 3950/5455/4970 3949/5454/5137
f 4120/5635/4540 4119/5634/5297 4121/5636/5298 4122/5637/4972
f 4120/5635/4540 4122/5637/4972 4123/5638/4841 3952/5457/4841
f 4123/5638/4841 3955/5460/5139 3953/5458/4540 3952/5457/4841
f 4123/5638/4841 4122/5637/4972 4124/5639/5299 4125/5640/4816
f 4123/5638/4841 4125/5640/4816 4126/5641/4816 3955/5460/5139
f 4126/5641/4816 3958/5463/4816 3956/5461/4816 3955/5460/5139
f 4126/5641/4816 4125/5640/4816 4127/5642/4972 4128/5643/5140
f 4126/5641/4816 4128/5643/5140 4129/5644/5300 3958/5463/4816
f 4129/5644/5300 3961/5466/5140 3959/5464/4540 3958/5463/4816
f 4129/5644/5300 4128/5643/5140 4130/5645/5140 4131/5646/5300
f 4129/5644/5300 4131/5646/5300 4132/5647/5300 3961/5466/5140
f 4132/5647/5300 3964/5469/4973 3962/5467/4973 3961/5466/5140
f 4132/5647/5300 4131/5646/5300 4133/5648/4973 4134/5649/4972
f 4132/5647/5300 4134/5649/4972 4135/5650/4973 3964/5469/4973
f 4135/5650/4973 3967/5472/4995 3965/5470/5142 3964/5469/4973
f 4135/5650/4973 4134/5649/4972 4136/5651/4816 4137/5652/4816
f 4135/5650/4973 4137/5652/4816 4138/5653/5301 3967/5472/4995
f 4138/5653/5301 3970/5475/5147 3968/5473/5144 3967/5472/4995
f 4138/5653/5301 4137/5652/4816 4139/5654/4816 4140/5655/5302
f 4138/5653/5301 4140/5655/5302 4141/5656/5303 3970/5475/5147
f 4141/5656/5303 3973/5478/5304 3971/5476/5148 3970/5475/5147
f 4141/5656/5303 4140/5655/5302 4142/5657/5305 4143/5658/5306
f 4141/5656/5303 4143/5658/5306 4144/5659/5307 3973/5478/5304
f 4144/5659/5308 3976/5481/5309 3974/5479/5152 3973/5478/5151
f 4144/5659/5307 4143/5658/5306 4145/5660/5310 4146/5661/5311
f 4144/5659/5308 4146/5661/5311 4147/5662/5312 3976/5481/5309
f 4147/5662/5312 3979/5484/5158 3977/5482/5156 3976/5481/5155
f 4147/5662/5312 4146/5661/5311 4148/5663/5313 4149/5664/5314
f 4147/5662/5312 4149/5664/5314 4150/5665/5315 3979/5484/5158
f 4150/5665/5315 3982/5487/5161 3980/5485/5159 3979/5484/5158
f 4150/5665/5315 4149/5664/5314 4151/5666/5316 4152/5667/5317
f 4150/5665/5315 4152/5667/5317 4153/5668/5318 3982/5487/5161
f 4153/5668/5318 3985/5490/4838 3983/5488/5162 3982/5487/5161
f 4153/5668/5318 4152/5667/5317 4154/5669/4974 4155/5670/5319
f 4153/5668/5318 4155/5670/5319 4156/5671/5320 3985/5490/4838
f 4156/5671/5320 3988/5493/5166 3986/5491/5164 3985/5490/4838
f 4156/5671/5320 4155/5670/5319 4157/5672/5321 4158/5673/5322
f 4156/5671/5320 4158/5673/5322 4159/5674/5323 3988/5493/5166
f 4159/5674/5323 3991/5496/5169 3989/5494/5167 3988/5493/5166
f 4159/5674/5323 4158/5673/5322 4160/5675/5324 4161/5676/5325
f 4159/5674/5323 4161/5676/5325 4162/5677/5326 3991/5496/5169
f 4162/5677/5326 3994/5499/5172 3992/5497/5170 3991/5496/5169
f 4162/5677/5326 4161/5676/5325 3028/4329/4044 3027/4328/4043
f 4162/5677/5326 3027/4328/4043 3029/4330/4045 3994/5499/5172
f 4161/5676/5325 4160/5675/5324 4163/5678/5327 3028/4329/4044
f 4163/5678/5327 4160/5675/5324 4164/5679/5328 4165/5680/5329
f 4163/5678/5327 4165/5680/5329 4166/5681/5330 4167/5682/5331
f 4163/5678/5327 4167/5682/5331 3024/4325/4040 3028/4329/4044
f 4167/5682/5331 4166/5681/5330 4168/5683/5332 4169/5684/5333
f 4167/5682/5331 4169/5684/5333 3025/4326/4041 3024/4325/4040
f 4169/5684/5333 4168/5683/5332 4170/5685/5334 4171/5686/5335
f 4169/5684/5333 4171/5686/5335 4172/5687/5336 3025/4326/4041
f 4172/5687/5336 4173/5688/5337 3026/4327/4042 3025/4326/4041
f 4172/5687/5336 4171/5686/5335 4174/5689/5338 4175/5690/5339
f 4172/5687/5336 4175/5690/5339 4176/5691/5340 4173/5688/5337
f 4176/5691/5340 3998/5503/5176 3997/5502/5175 4173/5688/5337
f 4176/5691/5340 4175/5690/5339 4177/5692/5341 4178/5693/5342
f 4176/5691/5340 4178/5693/5342 3999/5694/5177 3998/5503/5176
f 4178/5695/5343 4177/5696/5341 4179/5697/5344 4180/5698/5345
f 4178/5699/5343 4180/5700/5345 4001/5509/5179 3999/5506/5177
f 4180/5698/5345 4179/5697/5344 4181/5701/5346 4182/5702/5347
f 4180/5698/5345 4182/5702/5347 4003/5703/5181 4001/5704/5179
f 4182/5702/5347 4181/5701/5346 4183/5705/5348 4184/5706/5349
f 4182/5702/5347 4184/5706/5349 4005/5707/5183 4003/5703/5181
f 4184/5706/5349 4183/5705/5348 4185/5708/5350 4186/5709/5351
f 4184/5706/5349 4186/5709/5351 4007/5710/5185 4005/5707/5183
f 4186/5709/5351 4185/5708/5350 4187/5711/5352 4188/5712/5353
f 4186/5709/5351 4188/5712/5353 4009/5713/5187 4007/5710/5185
f 4188/5714/5354 4187/5715/5352 4189/5716/5355 4190/5717/5356
f 4188/5714/5354 4190/5717/5356 4011/5521/5189 4009/5520/5187
f 4190/5717/5356 4189/5716/5355 4191/5718/5357 4192/5719/5358
f 4190/5717/5356 4192/5719/5358 4013/5524/5192 4011/5521/5189
f 4192/5719/5358 4191/5718/5357 3022/4322/4037 3021/4321/4036
f 4192/5719/5358 3021/4321/4036 3023/4323/4038 4013/5524/5192
f 4191/5718/5357 4189/5716/5355 4193/5720/5359 4194/5721/5360
f 4191/5718/5357 4194/5721/5360 4195/5722/5361 3022/4322/4037
f 4195/5722/5361 4194/5721/5360 4196/5723/5362 4197/5724/5363
f 4195/5722/5361 4197/5724/5363 4198/5725/5364 4199/5726/5365
f 4195/5722/5361 4199/5726/5365 3018/4318/4033 3022/4322/4037
f 4199/5726/5365 4198/5725/5364 4200/5727/5366 4201/5728/5367
f 4199/5726/5365 4201/5728/5367 3019/4319/4034 3018/4318/4033
f 4201/5728/5367 4200/5727/5366 4202/5729/771 4203/5730/5368
f 4201/5728/5367 4203/5730/5368 4204/5731/5369 3019/4319/4034
f 4204/5731/5369 4017/5528/5196 3020/4320/4035 3019/4319/4034
f 4204/5731/5369 4203/5730/5368 4205/5732/5370 4020/5531/5199
f 4204/5731/5369 4020/5531/5199 4018/5529/5197 4017/5528/5196
f 4205/5732/5370 4203/5730/5368 4202/5729/771 4206/5733/5371
f 4205/5732/5370 4206/5733/5371 4207/5734/5372 4023/5534/5202
f 4205/5732/5370 4023/5534/5202 4021/5532/5200 4020/5531/5199
f 4207/5734/5372 4206/5733/5371 4208/5735/5373 4209/5736/4600
f 4207/5734/5372 4209/5736/4600 4210/5737/4891 4026/5537/5204
f 4207/5734/5372 4026/5537/5204 4024/5535/4032 4023/5534/5202
f 4210/5737/4891 4209/5736/4600 4211/5738/5374 4212/5739/5375
f 4210/5737/4891 4212/5739/5375 4213/5740/5376 4029/5540/5207
f 4210/5737/4891 4029/5540/5207 4027/5538/5205 4026/5537/5204
f 4213/5740/5376 4212/5739/5375 4214/5741/5377 4215/5742/5378
f 4213/5740/5376 4215/5742/5378 4216/5743/5379 4217/5744/5380
f 4213/5740/5376 4217/5744/5380 4030/5541/4740 4029/5540/5207
f 4217/5744/5380 4216/5743/5379 4218/5745/5381 4219/5746/5382
f 4217/5744/5380 4219/5746/5382 4031/5542/4600 4030/5541/4740
f 4219/5746/5382 4218/5745/5381 4038/5549/5214 4036/5547/5212
f 4219/5746/5382 4036/5547/5212 4033/5544/5209 4031/5542/4600
f 4218/5745/5381 4216/5743/5379 4220/5747/5383 4221/5748/5384
f 4218/5745/5381 4221/5748/5384 4222/5749/5385 4038/5549/5214
f 4222/5749/5385 4221/5748/5384 4223/5750/5386 4224/5751/5387
f 4222/5749/5385 4224/5751/5387 4225/5752/5388 4041/5552/5217
f 4222/5749/5385 4041/5552/5217 4039/5550/5215 4038/5549/5214
f 4225/5752/5388 4224/5751/5387 4226/5753/5389 4227/5754/5390
f 4225/5752/5388 4227/5754/5390 4228/5755/4896 4044/5555/5220
f 4225/5752/5388 4044/5555/5220 4042/5553/5218 4041/5552/5217
f 4228/5755/4896 4227/5754/5390 4229/5756/5054 4230/5757/5054
f 4228/5755/4896 4230/5757/5054 4231/5758/5054 4047/5558/5223
f 4228/5755/4896 4047/5558/5223 4045/5556/5221 4044/5555/5220
f 4231/5758/5054 4230/5757/5054 4232/5759/5054 4233/5760/5054
f 4231/5758/5054 4233/5760/5054 4234/5761/5054 4050/5561/5054
f 4231/5758/5054 4050/5561/5054 4048/5559/5224 4047/5558/5223
f 4234/5761/5054 4233/5760/5054 4235/5762/5054 4236/5763/5054
f 4234/5761/5054 4236/5763/5054 4237/5764/5054 4053/5564/5054
f 4234/5761/5054 4053/5564/5054 4051/5562/5054 4050/5561/5054
f 4237/5764/5054 4236/5763/5054 4238/5765/5054 4239/5766/5054
f 4237/5764/5054 4239/5766/5054 4240/5767/5054 4056/5567/5054
f 4237/5764/5054 4056/5567/5054 4054/5565/5054 4053/5564/5054
f 4240/5767/5054 4239/5766/5054 4241/5768/4893 4242/5769/4893
f 4240/5767/5054 4242/5769/4893 4243/5770/5391 4059/5570/5229
f 4240/5767/5054 4059/5570/5229 4057/5568/5227 4056/5567/5054
f 4243/5770/5391 4242/5769/4893 4244/5771/5392 4245/5772/5393
f 4243/5770/5391 4245/5772/5393 4246/5773/5394 4062/5573/5232
f 4243/5770/5391 4062/5573/5232 4060/5571/5230 4059/5570/5229
f 4246/5773/5394 4245/5772/5393 4247/5774/5395 4248/5775/5396
f 4246/5773/5394 4248/5775/5396 4249/5776/5397 4250/5777/5398
f 4246/5773/5394 4250/5777/5398 4063/5574/5233 4062/5573/5232
f 4250/5777/5398 4249/5776/5397 4251/5778/5399 4252/5779/5400
f 4250/5777/5398 4252/5779/5400 4064/5575/5234 4063/5574/5233
f 4252/5779/5400 4251/5778/5399 4253/5780/5401 4069/5580/5239
f 4252/5779/5400 4069/5580/5239 4066/5577/5236 4064/5575/5234
f 4253/5780/5401 4251/5778/5399 4254/5781/5402 4255/5782/5403
f 4253/5780/5401 4255/5782/5403 4256/5783/5404 4257/5784/5405
f 4253/5780/5401 4257/5784/5405 4070/5581/5240 4069/5580/5239
f 4257/5784/5405 4256/5783/5404 4258/5785/5054 4259/5786/5085
f 4257/5784/5405 4259/5786/5085 4071/5582/5241 4070/5581/5240
f 4259/5786/5085 4258/5785/5054 4260/5787/5406 4076/5587/5246
f 4259/5786/5085 4076/5587/5246 4073/5584/5243 4071/5582/5241
f 4260/5787/5406 4258/5785/5054 4261/5788/4483 4262/5789/5407
f 4260/5787/5406 4262/5789/5407 4263/5790/5408 4264/5791/5409
f 4260/5787/5406 4264/5791/5409 4077/5588/5247 4076/5587/5246
f 4264/5791/5409 4263/5790/5408 4265/5792/5410 4266/5793/5411
f 4264/5791/5409 4266/5793/5411 4078/5589/5248 4077/5588/5247
f 4266/5793/5411 4265/5792/5410 4267/5794/5412 4268/5795/5413
f 4266/5793/5411 4268/5795/5413 4080/5591/5250 4078/5589/5248
f 4268/5795/5413 4267/5794/5412 4269/5796/5414 4270/5797/5415
f 4268/5795/5413 4270/5797/5415 4082/5593/5252 4080/5591/5250
f 4270/5798/5416 4269/5799/5417 4271/5800/5418 4272/5801/5419
f 4270/5798/5416 4272/5801/5419 4084/5598/5255 4082/5802/5254
f 4272/5801/5419 4271/5800/5418 4273/5803/5420 4274/5804/5421
f 4272/5801/5419 4274/5804/5421 4086/5599/5258 4084/5598/5255
f 4274/5804/5421 4273/5803/5420 4275/5805/5422 4276/5806/5423
f 4274/5804/5421 4276/5806/5423 4088/5601/5260 4086/5599/5258
f 4276/5806/5423 4275/5805/5422 4277/5807/5424 4278/5808/5425
f 4276/5806/5423 4278/5808/5425 4090/5603/5262 4088/5601/5260
f 4278/5808/5425 4277/5807/5424 4279/5809/5426 4280/5810/5427
f 4278/5808/5425 4280/5810/5427 4092/5605/5264 4090/5603/5262
f 4280/5811/5428 4279/5812/5429 4281/5813/5430 4282/5814/5431
f 4280/5811/5428 4282/5814/5431 4094/5609/5268 4092/5608/5267
f 4282/5814/5431 4281/5813/5430 4283/5815/5432 4284/5816/5433
f 4282/5814/5431 4284/5816/5433 4096/5611/5270 4094/5609/5268
f 4284/5816/5433 4283/5815/5432 4285/5817/5434 4286/5818/5435
f 4284/5816/5433 4286/5818/5435 4098/5613/5272 4096/5611/5270
f 4286/5818/5435 4285/5817/5434 4287/5819/5436 4288/5820/5437
f 4286/5818/5435 4288/5820/5437 4100/5615/5274 4098/5613/5272
f 4288/5820/5437 4287/5819/5436 4289/5821/5438 4290/5822/5439
f 4288/5820/5437 4290/5822/5439 4102/5617/5276 4100/5615/5274
f 4290/5822/5439 4289/5821/5438 4291/5823/5440 4292/5824/5441
f 4290/5822/5439 4292/5824/5441 4104/5619/5278 4102/5617/5276
f 4292/5824/5441 4291/5823/5440 3139/4539/4238 3138/4538/4237
f 4292/5824/5441 3138/4538/4237 4106/5621/5280 4104/5619/5278
f 4291/5823/5440 4289/5821/5438 4293/5825/5442 4294/5826/5443
f 4291/5823/5440 4294/5826/5443 3140/4540/4239 3139/4539/4238
f 4294/5826/5443 4293/5825/5442 4295/5827/5444 4296/5828/5445
f 4294/5826/5443 4296/5828/5445 4297/5829/5446 3140/4540/4239
f 4297/5829/5446 4296/5828/5445 4298/5830/5447 4299/5831/5448
f 4297/5829/5446 4299/5831/5448 4300/5832/4973 4301/5833/4682
f 4297/5829/5446 4301/5833/4682 3134/4529/4230 3140/4540/4239
f 4301/5833/4682 4300/5832/4973 4302/5834/4972 4303/5835/4682
f 4301/5833/4682 4303/5835/4682 3135/4530/4231 3134/4529/4230
f 4303/5835/4682 4302/5834/4972 4304/5836/4972 4305/5837/4973
f 4303/5835/4682 4305/5837/4973 4306/5838/5449 3135/4530/4231
f 4306/5838/5449 4307/5839/5450 3136/4531/4232 3135/4530/4231
f 4306/5838/5449 4305/5837/4973 4308/5840/4973 4309/5841/5451
f 4306/5838/5449 4309/5841/5451 4310/5842/5452 4307/5839/5450
f 4310/5842/5452 4311/5843/5453 4312/5844/5454 4307/5839/5450
f 4310/5842/5452 4309/5841/5451 4313/5845/5451 4314/5846/5452
f 4310/5842/5452 4314/5846/5452 4315/5847/5455 4311/5843/5453
f 4315/5847/5455 4316/5848/5456 4317/5849/5457 4311/5843/5453
f 4315/5847/5455 4314/5846/5452 4318/5850/5458 4319/5851/5459
f 4315/5847/5455 4319/5851/5459 4320/5852/5460 4316/5848/5456
f 4320/5853/5461 4321/5854/5462 4322/5855/5463 4316/5856/5464
f 4320/5852/5460 4319/5851/5459 4323/5857/5465 4324/5858/5466
f 4320/5853/5461 4324/5859/5467 4325/5860/5468 4321/5854/5462
f 4325/5861/5469 4326/5862/5470 4327/5863/5471 4321/5864/5472
f 4325/5860/5468 4324/5859/5467 4328/5865/5473 4329/5866/5474
f 4325/5861/5469 4329/5867/5474 4330/5868/5475 4326/5862/5470
f 4330/5868/5475 4331/5869/5476 4332/5870/5477 4326/5862/5470
f 4330/5868/5475 4329/5867/5474 4333/5871/5478 4334/5872/5479
f 4330/5868/5475 4334/5872/5479 4335/5873/5480 4331/5869/5476
f 4335/5873/5480 4336/5874/4972 4337/5875/5481 4331/5869/5476
f 4335/5873/5480 4334/5872/5479 4338/5876/5482 4339/5877/5483
f 4335/5873/5480 4339/5877/5483 4340/5878/4972 4336/5874/4972
f 4340/5878/4972 4341/5879/4540 4342/5880/5484 4336/5874/4972
f 4340/5878/4972 4339/5877/5483 4343/5881/5485 4344/5882/4972
f 4340/5878/4972 4344/5882/4972 4345/5883/4540 4341/5879/4540
f 4345/5883/4540 4346/5884/4816 4347/5885/4816 4341/5879/4540
f 4345/5883/4540 4344/5882/4972 4348/5886/5486 4349/5887/5487
f 4345/5883/4540 4349/5887/5487 4350/5888/5488 4346/5884/4816
f 4350/5888/5488 4351/5889/5489 4352/5890/5299 4346/5884/4816
f 4350/5888/5488 4349/5887/5487 4353/5891/5490 4354/5892/5491
f 4350/5888/5488 4354/5892/5491 4355/5893/5492 4351/5889/5489
f 4355/5893/5492 4356/5894/5493 4357/5895/5494 4351/5889/5489
f 4355/5893/5492 4354/5892/5491 4358/5896/5495 4359/5897/5496
f 4355/5893/5492 4359/5897/5496 4360/5898/5497 4356/5894/5493
f 4360/5898/5497 4361/5899/5498 4362/5900/5499 4356/5894/5493
f 4360/5898/5497 4359/5897/5496 4363/5901/5500 4364/5902/5501
f 4360/5898/5497 4364/5902/5501 4365/5903/5502 4361/5899/5498
f 4365/5903/5502 4366/5904/5503 4367/5905/5504 4361/5899/5498
f 4365/5903/5502 4364/5902/5501 4368/5906/5505 4369/5907/5506
f 4365/5903/5502 4369/5907/5506 4370/5908/5507 4366/5904/5503
f 4370/5908/5507 4371/5909/5508 4372/5910/5509 4366/5904/5503
f 4370/5908/5507 4369/5907/5506 4373/5911/5510 4374/5912/5511
f 4370/5908/5507 4374/5912/5511 4375/5913/5512 4371/5909/5508
f 4375/5913/5512 4376/5914/5513 4377/5915/5514 4371/5909/5508
f 4375/5913/5512 4374/5912/5511 4378/5916/5486 4379/5917/4540
f 4375/5913/5512 4379/5917/4540 4380/5918/4970 4376/5914/5513
f 4380/5918/4970 4381/5919/5515 4382/5920/5516 4376/5914/5513
f 4380/5918/4970 4379/5917/4540 4383/5921/5517 4384/5922/5518
f 4380/5918/4970 4384/5922/5518 4385/5923/5519 4381/5919/5515
f 4385/5923/5519 4386/5924/5520 4387/5925/5521 4381/5919/5515
f 4385/5923/5519 4384/5922/5518 4388/5926/5522 4389/5927/5523
f 4385/5923/5519 4389/5927/5523 4390/5928/5524 4386/5924/5520
f 4390/5928/5524 4166/5681/5330 4165/5680/5329 4386/5924/5520
f 4390/5928/5524 4389/5927/5523 4391/5929/5525 4392/5930/5526
f 4390/5928/5524 4392/5930/5526 4168/5683/5332 4166/5681/5330
f 4392/5930/5526 4391/5929/5525 4393/5931/5527 4394/5932/5528
f 4392/5930/5526 4394/5932/5528 4170/5685/5334 4168/5683/5332
f 4394/5932/5528 4393/5931/5527 4395/5933/5529 4396/5934/5530
f 4394/5932/5528 4396/5934/5530 4397/5935/5531 4170/5685/5334
f 4397/5935/5531 4174/5689/5338 4171/5686/5335 4170/5685/5334
f 4397/5935/5531 4396/5934/5530 4398/5936/5532 4399/5937/5533
f 4397/5935/5531 4399/5937/5533 4400/5938/5534 4174/5689/5338
f 4400/5938/5534 4177/5692/5341 4175/5690/5339 4174/5689/5338
f 4400/5939/5534 4399/5940/5533 4401/5941/5535 4402/5942/5536
f 4400/5939/5534 4402/5942/5536 4179/5697/5344 4177/5696/5341
f 4402/5942/5536 4401/5941/5535 4403/5943/5537 4404/5944/5538
f 4402/5942/5536 4404/5944/5538 4181/5701/5346 4179/5697/5344
f 4404/5944/5538 4403/5943/5537 4405/5945/5539 4406/5946/5540
f 4404/5944/5538 4406/5946/5540 4183/5705/5348 4181/5701/5346
f 4406/5946/5540 4405/5945/5539 4407/5947/5541 4408/5948/5542
f 4406/5946/5540 4408/5948/5542 4185/5708/5350 4183/5705/5348
f 4408/5948/5542 4407/5947/5541 4409/5949/5543 4410/5950/5544
f 4408/5948/5542 4410/5950/5544 4187/5711/5352 4185/5708/5350
f 4410/5951/5544 4409/5952/5545 4411/5953/5546 4193/5720/5359
f 4410/5951/5544 4193/5720/5359 4189/5716/5355 4187/5715/5352
f 4411/5953/5546 4409/5952/5545 4412/5954/5547 4413/5955/5548
f 4411/5953/5546 4413/5955/5548 4414/5956/5549 4196/5723/5362
f 4411/5953/5546 4196/5723/5362 4194/5721/5360 4193/5720/5359
f 4414/5956/5549 4413/5955/5548 4415/5957/5550 4416/5958/5551
f 4414/5956/5549 4416/5958/5551 4417/5959/5552 4418/5960/5553
f 4414/5956/5549 4418/5960/5553 4197/5724/5363 4196/5723/5362
f 4418/5960/5553 4417/5959/5552 4419/5961/5554 4420/5962/5555
f 4418/5960/5553 4420/5962/5555 4198/5725/5364 4197/5724/5363
f 4420/5962/5555 4419/5961/5554 4421/5963/5556 4422/5964/5557
f 4420/5962/5555 4422/5964/5557 4200/5727/5366 4198/5725/5364
f 4422/5964/5557 4421/5963/5556 4423/5965/5558 4424/5966/5559
f 4422/5964/5557 4424/5966/5559 4202/5729/771 4200/5727/5366
f 4424/5966/5559 4423/5965/5558 4425/5967/5560 4208/5735/5373
f 4424/5966/5559 4208/5735/5373 4206/5733/5371 4202/5729/771
f 4425/5967/5560 4423/5965/5558 4426/5968/5561 4427/5969/5562
f 4425/5967/5560 4427/5969/5562 4428/5970/5563 4211/5738/5374
f 4425/5967/5560 4211/5738/5374 4209/5736/4600 4208/5735/5373
f 4428/5970/5563 4427/5969/5562 4429/5971/5564 4430/5972/5053
f 4428/5970/5563 4430/5972/5053 4431/5973/5565 4214/5741/5377
f 4428/5970/5563 4214/5741/5377 4212/5739/5375 4211/5738/5374
f 4431/5973/5565 4430/5972/5053 4432/5974/5566 4433/5975/5567
f 4431/5973/5565 4433/5975/5567 4434/5976/5568 4435/5977/5569
f 4431/5973/5565 4435/5977/5569 4215/5742/5378 4214/5741/5377
f 4435/5977/5569 4434/5976/5568 4436/5978/5570 4220/5747/5383
f 4435/5977/5569 4220/5747/5383 4216/5743/5379 4215/5742/5378
f 4436/5978/5570 4434/5976/5568 4437/5979/5571 4438/5980/5572
f 4436/5978/5570 4438/5980/5572 4439/5981/5068 4223/5750/5386
f 4436/5978/5570 4223/5750/5386 4221/5748/5384 4220/5747/5383
f 4439/5981/5068 4438/5980/5572 4440/5982/5573 4441/5983/5574
f 4439/5981/5068 4441/5983/5574 4442/5984/5054 4226/5753/5389
f 4439/5981/5068 4226/5753/5389 4224/5751/5387 4223/5750/5386
f 4442/5984/5054 4441/5983/5574 4443/5985/5574 4444/5986/5054
f 4442/5984/5054 4444/5986/5054 4445/5987/5054 4229/5756/5054
f 4442/5984/5054 4229/5756/5054 4227/5754/5390 4226/5753/5389
f 4445/5987/5054 4444/5986/5054 4446/5988/5054 4447/5989/5054
f 4445/5987/5054 4447/5989/5054 4448/5990/5054 4232/5759/5054
f 4445/5987/5054 4232/5759/5054 4230/5757/5054 4229/5756/5054
f 4448/5990/5054 4447/5989/5054 4449/5991/5054 4450/5992/5054
f 4448/5990/5054 4450/5992/5054 4451/5993/5054 4235/5762/5054
f 4448/5990/5054 4235/5762/5054 4233/5760/5054 4232/5759/5054
f 4451/5993/5054 4450/5992/5054 4452/5994/4893 4453/5995/4893
f 4451/5993/5054 4453/5995/4893 4454/5996/5051 4238/5765/5054
f 4451/5993/5054 4238/5765/5054 4236/5763/5054 4235/5762/5054
f 4454/5996/5051 4453/5995/4893 4455/5997/5575 4456/5998/5576
f 4454/5996/5051 4456/5998/5576 4457/5999/5577 4241/5768/4893
f 4454/5996/5051 4241/5768/4893 4239/5766/5054 4238/5765/5054
f 4457/5999/5577 4456/5998/5576 4458/6000/5578 4459/6001/5579
f 4457/5999/5577 4459/6001/5579 4460/6002/5580 4244/5771/5392
f 4457/5999/5577 4244/5771/5392 4242/5769/4893 4241/5768/4893
f 4460/6002/5580 4459/6001/5579 4461/6003/5581 4462/6004/5582
f 4460/6002/5580 4462/6004/5582 4463/6005/5583 4247/5774/5395
f 4460/6002/5580 4247/5774/5395 4245/5772/5393 4244/5771/5392
f 4463/6005/5583 4462/6004/5582 4464/6006/5584 4465/6007/5585
f 4463/6005/5583 4465/6007/5585 4466/6008/5586 4467/6009/5587
f 4463/6005/5583 4467/6009/5587 4248/5775/5396 4247/5774/5395
f 4467/6009/5587 4466/6008/5586 4468/6010/5588 4469/6011/5589
f 4467/6009/5587 4469/6011/5589 4249/5776/5397 4248/5775/5396
f 4469/6011/5589 4468/6010/5588 4470/6012/5590 4254/5781/5402
f 4469/6011/5589 4254/5781/5402 4251/5778/5399 4249/5776/5397
f 4470/6012/5590 4468/6010/5588 4471/6013/5591 4472/6014/5592
f 4470/6012/5590 4472/6014/5592 4473/6015/5593 4474/6016/5594
f 4470/6012/5590 4474/6016/5594 4255/5782/5403 4254/5781/5402
f 4474/6016/5594 4473/6015/5593 4475/6017/5595 4476/6018/5596
f 4474/6016/5594 4476/6018/5596 4256/5783/5404 4255/5782/5403
f 4476/6018/5596 4475/6017/5595 4477/6019/5597 4261/5788/4483
f 4476/6018/5596 4261/5788/4483 4258/5785/5054 4256/5783/5404
f 4477/6019/5597 4475/6017/5595 4478/6020/5598 4479/6021/5407
f 4477/6019/5597 4479/6021/5407 4480/6022/5599 4481/6023/5600
f 4477/6019/5597 4481/6023/5600 4262/5789/5407 4261/5788/4483
f 4481/6023/5600 4480/6022/5599 4482/6024/5601 4483/6025/5602
f 4481/6023/5600 4483/6025/5602 4263/5790/5408 4262/5789/5407
f 4483/6025/5602 4482/6024/5601 4484/6026/5603 4485/6027/5604
f 4483/6025/5602 4485/6027/5604 4265/5792/5410 4263/5790/5408
f 4485/6027/5604 4484/6026/5603 4486/6028/5605 4487/6029/5606
f 4485/6027/5604 4487/6029/5606 4267/5794/5412 4265/5792/5410
f 4487/6029/5606 4486/6028/5605 4488/6030/5607 4489/6031/5608
f 4487/6029/5606 4489/6031/5608 4269/5796/5414 4267/5794/5412
f 4489/6032/5609 4488/6033/5610 4490/6034/5611 4491/6035/5612
f 4489/6032/5609 4491/6035/5612 4271/5800/5418 4269/5799/5417
f 4491/6035/5612 4490/6034/5611 4492/6036/5613 4493/6037/5614
f 4491/6035/5612 4493/6037/5614 4273/5803/5420 4271/5800/5418
f 4493/6037/5614 4492/6036/5613 4494/6038/5615 4495/6039/5616
f 4493/6037/5614 4495/6039/5616 4275/5805/5422 4273/5803/5420
f 4495/6039/5616 4494/6038/5615 4496/6040/5617 4497/6041/5618
f 4495/6039/5616 4497/6041/5618 4277/5807/5424 4275/5805/5422
f 4497/6041/5618 4496/6040/5617 4498/6042/5619 4499/6043/5620
f 4497/6041/5618 4499/6043/5620 4279/5809/5426 4277/5807/5424
f 4499/6044/5621 4498/6045/5622 4500/6046/5623 4501/6047/5624
f 4499/6044/5621 4501/6047/5624 4281/5813/5430 4279/5812/5429
f 4501/6047/5624 4500/6046/5623 4502/6048/5625 4503/6049/5626
f 4501/6047/5624 4503/6049/5626 4283/5815/5432 4281/5813/5430
f 4503/6049/5626 4502/6048/5625 4504/6050/5627 4505/6051/5628
f 4503/6049/5626 4505/6051/5628 4285/5817/5434 4283/5815/5432
f 4505/6051/5628 4504/6050/5627 4506/6052/5629 4507/6053/5630
f 4505/6051/5628 4507/6053/5630 4287/5819/5436 4285/5817/5434
f 4507/6053/5630 4506/6052/5629 4295/5827/5444 4293/5825/5442
f 4507/6053/5630 4293/5825/5442 4289/5821/5438 4287/5819/5436
f 4506/6052/5629 4504/6050/5627 4508/6054/5631 4509/6055/5632
f 4506/6052/5629 4509/6055/5632 4510/6056/5633 4295/5827/5444
f 4510/6056/5633 4509/6055/5632 4511/6057/5634 4512/6058/5635
f 4510/6056/5633 4512/6058/5635 4513/6059/5636 4298/5830/5447
f 4510/6056/5633 4298/5830/5447 4296/5828/5445 4295/5827/5444
f 4513/6059/5636 4512/6058/5635 4514/6060/5637 4515/6061/5638
f 4513/6059/5636 4515/6061/5638 4516/6062/5639 4517/6063/5640
f 4513/6059/5636 4517/6063/5640 4299/5831/5448 4298/5830/5447
f 4517/6063/5640 4516/6062/5639 4518/6064/5641 4519/6065/5642
f 4517/6063/5640 4519/6065/5642 4300/5832/4973 4299/5831/5448
f 4519/6065/5642 4518/6064/5641 4520/6066/5643 4521/6067/4796
f 4519/6065/5642 4521/6067/4796 4302/5834/4972 4300/5832/4973
f 4521/6067/4796 4520/6066/5643 4522/6068/5644 4523/6069/4972
f 4521/6067/4796 4523/6069/4972 4304/5836/4972 4302/5834/4972
f 4523/6069/4972 4522/6068/5644 4524/6070/5645 4525/6071/4973
f 4523/6069/4972 4525/6071/4973 4526/6072/4972 4304/5836/4972
f 4526/6072/4972 4308/5840/4973 4305/5837/4973 4304/5836/4972
f 4526/6072/4972 4525/6071/4973 4527/6073/4973 4528/6074/4972
f 4526/6072/4972 4528/6074/4972 4529/6075/4973 4308/5840/4973
f 4529/6075/4973 4313/5845/5451 4309/5841/5451 4308/5840/4973
f 4529/6075/4973 4528/6074/4972 4530/6076/4972 4531/6077/4973
f 4529/6075/4973 4531/6077/4973 4532/6078/5646 4313/5845/5451
f 4532/6078/5646 4318/5850/5458 4314/5846/5452 4313/5845/5451
f 4532/6078/5646 4531/6077/4973 4533/6079/4973 4534/6080/5647
f 4532/6078/5646 4534/6080/5647 4535/6081/5648 4318/5850/5458
f 4535/6081/5648 4323/5857/5465 4319/5851/5459 4318/5850/5458
f 4535/6081/5648 4534/6080/5647 4536/6082/5647 4537/6083/5649
f 4535/6081/5648 4537/6083/5649 4538/6084/5650 4323/5857/5465
f 4538/6084/5650 4328/6085/5651 4324/5858/5466 4323/5857/5465
f 4538/6084/5650 4537/6083/5649 4539/6086/5652 4540/6087/5653
f 4538/6084/5650 4540/6087/5653 4541/6088/5654 4328/6085/5651
f 4541/6089/5655 4333/6090/5478 4329/5866/5474 4328/5865/5473
f 4541/6088/5654 4540/6087/5653 4542/6091/5656 4543/6092/5657
f 4541/6088/5655 4543/6092/5658 4544/6093/5659 4333/5871/5478
f 4544/6093/5659 4338/5876/5482 4334/5872/5479 4333/5871/5478
f 4544/6093/5659 4543/6092/5658 4545/6094/5660 4546/6095/5661
f 4544/6093/5659 4546/6095/5661 4547/6096/5662 4338/5876/5482
f 4547/6096/5662 4343/5881/5485 4339/5877/5483 4338/5876/5482
f 4547/6096/5662 4546/6095/5661 4548/6097/5663 4549/6098/5664
f 4547/6096/5662 4549/6098/5664 4550/6099/5665 4343/5881/5485
f 4550/6099/5665 4348/5886/5486 4344/5882/4972 4343/5881/5485
f 4550/6099/5665 4549/6098/5664 4551/6100/5666 4552/6101/5667
f 4550/6099/5665 4552/6101/5667 4553/6102/4644 4348/5886/5486
f 4553/6102/4644 4353/5891/5490 4349/5887/5487 4348/5886/5486
f 4553/6102/4644 4552/6101/5667 4554/6103/5668 4555/6104/5669
f 4553/6102/4644 4555/6104/5669 4556/6105/5670 4353/5891/5490
f 4556/6105/5670 4358/5896/5495 4354/5892/5491 4353/5891/5490
f 4556/6105/5671 4555/6104/5672 4557/6106/5673 4558/6107/5674
f 4556/6105/5671 4558/6107/5674 4559/6108/5675 4358/5896/5495
f 4559/6108/5675 4363/5901/5500 4359/5897/5496 4358/5896/5495
f 4559/6108/5675 4558/6107/5674 4560/6109/5676 4561/6110/5677
f 4559/6108/5675 4561/6110/5677 4562/6111/5678 4363/5901/5500
f 4562/6111/5678 4368/5906/5505 4364/5902/5501 4363/5901/5500
f 4562/6111/5678 4561/6110/5677 4563/6112/5679 4564/6113/5680
f 4562/6111/5678 4564/6113/5680 4565/6114/5681 4368/5906/5505
f 4565/6114/5681 4373/5911/5510 4369/5907/5506 4368/5906/5505
f 4565/6114/5681 4564/6113/5680 4566/6115/5439 4567/6116/5119
f 4565/6114/5681 4567/6116/5119 4568/6117/5119 4373/5911/5510
f 4568/6117/5119 4378/5916/5486 4374/5912/5511 4373/5911/5510
f 4568/6117/5119 4567/6116/5119 4569/6118/5682 4570/6119/5683
f 4568/6117/5119 4570/6119/5683 4571/6120/5684 4378/5916/5486
f 4571/6120/5684 4383/5921/5517 4379/5917/4540 4378/5916/5486
f 4571/6120/5684 4570/6119/5683 4572/6121/5685 4573/6122/5686
f 4571/6120/5684 4573/6122/5686 4574/6123/5687 4383/5921/5517
f 4574/6123/5687 4388/5926/5522 4384/5922/5518 4383/5921/5517
f 4574/6123/5687 4573/6122/5686 4575/6124/5688 4576/6125/5689
f 4574/6123/5687 4576/6125/5689 4577/6126/5690 4388/5926/5522
f 4577/6126/5690 4391/5929/5525 4389/5927/5523 4388/5926/5522
f 4577/6126/5690 4576/6125/5689 4578/6127/5691 4579/6128/5692
f 4577/6126/5690 4579/6128/5692 4393/5931/5527 4391/5929/5525
f 4579/6128/5692 4578/6127/5691 4580/6129/5693 4581/6130/5694
f 4579/6128/5692 4581/6130/5694 4395/5933/5529 4393/5931/5527
f 4581/6130/5694 4580/6129/5693 4582/6131/5695 4583/6132/5696
f 4581/6130/5694 4583/6132/5696 4584/6133/5697 4395/5933/5529
f 4584/6133/5697 4398/5936/5532 4396/5934/5530 4395/5933/5529
f 4584/6134/5698 4583/6135/5699 4585/6136/5700 4586/6137/5701
f 4584/6134/5698 4586/6137/5701 4587/6138/5702 4398/6139/5703
f 4587/6138/5702 4401/5941/5535 4399/5940/5533 4398/6139/5703
f 4587/6138/5702 4586/6137/5701 4588/6140/5704 4589/6141/5705
f 4587/6138/5702 4589/6141/5705 4403/5943/5537 4401/5941/5535
f 4589/6141/5705 4588/6140/5704 4590/6142/5706 4591/6143/5707
f 4589/6141/5705 4591/6143/5707 4405/5945/5539 4403/5943/5537
f 4591/6143/5707 4590/6142/5706 4592/6144/5708 4593/6145/5709
f 4591/6143/5707 4593/6145/5709 4407/5947/5541 4405/5945/5539
f 4593/6145/5709 4592/6144/5708 4594/6146/5710 4412/6147/5711
f 4593/6145/5709 4412/6147/5711 4409/5949/5543 4407/5947/5541
f 4594/6146/5710 4592/6144/5708 4595/6148/5712 4596/6149/5713
f 4594/6150/5714 4596/6151/5715 4597/6152/5716 4415/5957/5550
f 4594/6150/5714 4415/5957/5550 4413/5955/5548 4412/5954/5547
f 4597/6152/5716 4596/6151/5715 4598/6153/5717 4599/6154/5718
f 4597/6152/5716 4599/6154/5718 4600/6155/5719 4601/6156/5720
f 4597/6152/5716 4601/6156/5720 4416/5958/5551 4415/5957/5550
f 4601/6156/5720 4600/6155/5719 4602/6157/5721 4603/6158/5722
f 4601/6156/5720 4603/6158/5722 4417/5959/5552 4416/5958/5551
f 4603/6158/5722 4602/6157/5721 4604/6159/5723 4605/6160/5724
f 4603/6158/5722 4605/6160/5724 4419/5961/5554 4417/5959/5552
f 4605/6160/5724 4604/6159/5723 4606/6161/5725 4607/6162/5726
f 4605/6160/5724 4607/6162/5726 4421/5963/5556 4419/5961/5554
f 4607/6162/5726 4606/6161/5725 4608/6163/5727 4426/5968/5561
f 4607/6162/5726 4426/5968/5561 4423/5965/5558 4421/5963/5556
f 4608/6163/5727 4606/6161/5725 4609/6164/5728 4610/6165/5729
f 4608/6163/5727 4610/6165/5729 4611/6166/5730 4429/5971/5564
f 4608/6163/5727 4429/5971/5564 4427/5969/5562 4426/5968/5561
f 4611/6166/5730 4610/6165/5729 4612/6167/5731 4613/6168/5732
f 4611/6166/5730 4613/6168/5732 4614/6169/5733 4432/5974/5566
f 4611/6166/5730 4432/5974/5566 4430/5972/5053 4429/5971/5564
f 4614/6169/5733 4613/6168/5732 4615/6170/5734 4616/6171/5735
f 4614/6169/5733 4616/6171/5735 4617/6172/5736 4618/6173/5737
f 4614/6169/5733 4618/6173/5737 4433/5975/5567 4432/5974/5566
f 4618/6173/5737 4617/6172/5736 4619/6174/5738 4437/5979/5571
f 4618/6173/5737 4437/5979/5571 4434/5976/5568 4433/5975/5567
f 4619/6174/5738 4617/6172/5736 4620/6175/5739 4621/6176/5740
f 4619/6174/5738 4621/6176/5740 4622/6177/5741 4440/5982/5573
f 4619/6174/5738 4440/5982/5573 4438/5980/5572 4437/5979/5571
f 4622/6177/5741 4621/6176/5740 4623/6178/5742 4624/6179/5743
f 4622/6177/5741 4624/6179/5743 4625/6180/5574 4443/5985/5574
f 4622/6177/5741 4443/5985/5574 4441/5983/5574 4440/5982/5573
f 4625/6180/5574 4624/6179/5743 4626/6181/5744 4627/6182/5574
f 4625/6180/5574 4627/6182/5574 4628/6183/5054 4446/5988/5054
f 4625/6180/5574 4446/5988/5054 4444/5986/5054 4443/5985/5574
f 4628/6183/5054 4627/6182/5574 4629/6184/5054 4630/6185/4893
f 4628/6183/5054 4630/6185/4893 4631/6186/4893 4449/5991/5054
f 4628/6183/5054 4449/5991/5054 4447/5989/5054 4446/5988/5054
f 4631/6186/4893 4630/6185/4893 4632/6187/5745 4633/6188/5746
f 4631/6186/4893 4633/6188/5746 4634/6189/5747 4452/5994/4893
f 4631/6186/4893 4452/5994/4893 4450/5992/5054 4449/5991/5054
f 4634/6189/5747 4633/6188/5746 4635/6190/5748 4636/6191/5749
f 4634/6189/5747 4636/6191/5749 4637/6192/5750 4455/5997/5575
f 4634/6189/5747 4455/5997/5575 4453/5995/4893 4452/5994/4893
f 4637/6192/5750 4636/6191/5749 4638/6193/5751 4639/6194/5752
f 4637/6192/5750 4639/6194/5752 4640/6195/5753 4458/6000/5578
f 4637/6192/5750 4458/6000/5578 4456/5998/5576 4455/5997/5575
f 4640/6195/5753 4639/6194/5752 4641/6196/5754 4642/6197/5755
f 4640/6195/5753 4642/6197/5755 4643/6198/5756 4461/6003/5581
f 4640/6195/5753 4461/6003/5581 4459/6001/5579 4458/6000/5578
f 4643/6198/5756 4642/6197/5755 4644/6199/5757 4645/6200/5758
f 4643/6198/5756 4645/6200/5758 4646/6201/5759 4464/6006/5584
f 4643/6198/5756 4464/6006/5584 4462/6004/5582 4461/6003/5581
f 4646/6201/5759 4645/6200/5758 4647/6202/5760 4648/6203/5760
f 4646/6201/5759 4648/6203/5760 4649/6204/5761 4650/6205/5762
f 4646/6201/5759 4650/6205/5762 4465/6007/5585 4464/6006/5584
f 4650/6205/5762 4649/6204/5761 4651/6206/5763 4652/6207/5764
f 4650/6205/5762 4652/6207/5764 4466/6008/5586 4465/6007/5585
f 4652/6207/5764 4651/6206/5763 4653/6208/4757 4471/6013/5591
f 4652/6207/5764 4471/6013/5591 4468/6010/5588 4466/6008/5586
f 4653/6208/4757 4651/6206/5763 4654/6209/5574 4655/6210/5054
f 4653/6208/4757 4655/6210/5054 4656/6211/5765 4657/6212/5563
f 4653/6208/4757 4657/6212/5563 4472/6014/5592 4471/6013/5591
f 4657/6212/5563 4656/6211/5765 4658/6213/5766 4659/6214/5767
f 4657/6212/5563 4659/6214/5767 4473/6015/5593 4472/6014/5592
f 4659/6214/5767 4658/6213/5766 4660/6215/5768 4478/6020/5598
f 4659/6214/5767 4478/6020/5598 4475/6017/5595 4473/6015/5593
f 4660/6215/5768 4658/6213/5766 4661/6216/5769 4662/6217/5770
f 4660/6215/5768 4662/6217/5770 4663/6218/5771 4664/6219/5772
f 4660/6215/5768 4664/6219/5772 4479/6021/5407 4478/6020/5598
f 4664/6219/5772 4663/6218/5771 4665/6220/5773 4666/6221/5774
f 4664/6219/5772 4666/6221/5774 4480/6022/5599 4479/6021/5407
f 4666/6221/5774 4665/6220/5773 4667/6222/5775 4668/6223/5776
f 4666/6221/5774 4668/6223/5776 4482/6024/5601 4480/6022/5599
f 4668/6223/5776 4667/6222/5775 4669/6224/5777 4670/6225/5778
f 4668/6223/5776 4670/6225/5778 4484/6026/5603 4482/6024/5601
f 4670/6225/5778 4669/6224/5777 4671/6226/5779 4672/6227/5780
f 4670/6225/5778 4672/6227/5780 4486/6028/5605 4484/6026/5603
f 4672/6228/5781 4671/6229/5782 4673/6230/5783 4674/6231/5784
f 4672/6227/5781 4674/6232/5784 4488/6030/5607 4486/6028/5605
f 4674/6231/5784 4673/6230/5783 4675/6233/5785 4676/6234/5786
f 4674/6231/5784 4676/6234/5786 4490/6034/5611 4488/6033/5610
f 4676/6234/5786 4675/6233/5785 4677/6235/5787 4678/6236/5788
f 4676/6234/5786 4678/6236/5788 4492/6036/5613 4490/6034/5611
f 4678/6236/5788 4677/6235/5787 4679/6237/5789 4680/6238/5790
f 4678/6236/5788 4680/6238/5790 4494/6038/5615 4492/6036/5613
f 4680/6238/5790 4679/6237/5789 4681/6239/5791 4682/6240/5792
f 4680/6238/5790 4682/6240/5792 4496/6040/5617 4494/6038/5615
f 4682/6241/5792 4681/6242/5791 4683/6243/5793 4684/6244/5794
f 4682/6240/5792 4684/6245/5794 4498/6042/5619 4496/6040/5617
f 4684/6244/5795 4683/6243/5793 4685/6246/5796 4686/6247/5797
f 4684/6244/5795 4686/6247/5797 4500/6046/5623 4498/6045/5622
f 4686/6247/5797 4685/6246/5796 4687/6248/5798 4688/6249/5799
f 4686/6247/5797 4688/6249/5799 4502/6048/5625 4500/6046/5623
f 4688/6249/5799 4687/6248/5798 4689/6250/5800 4508/6054/5631
f 4688/6249/5799 4508/6054/5631 4504/6050/5627 4502/6048/5625
f 4689/6250/5800 4687/6248/5798 3087/4428/4136 3086/4427/4135
f 4689/6250/5800 3086/4427/4135 4690/6251/5801 4511/6057/5634
f 4689/6250/5800 4511/6057/5634 4509/6055/5632 4508/6054/5631
f 4690/6251/5801 3086/4427/4135 3085/4426/4134 4691/6252/5802
f 4690/6251/5801 4691/6252/5802 4692/6253/5803 4514/6060/5637
f 4690/6251/5801 4514/6060/5637 4512/6058/5635 4511/6057/5634
f 4692/6253/5803 4691/6252/5802 3063/4385/4097 3059/4381/4093
f 4692/6253/5803 3059/4381/4093 3058/4380/4092 4693/6254/5804
f 4692/6253/5803 4693/6254/5804 4515/6061/5638 4514/6060/5637
f 4693/6254/5804 3058/4380/4092 4694/6255/5805 4695/6256/5806
f 4693/6254/5804 4695/6256/5806 4516/6062/5639 4515/6061/5638
f 4695/6256/5806 4694/6255/5805 4696/6257/5807 4697/6258/5808
f 4695/6256/5806 4697/6258/5808 4518/6064/5641 4516/6062/5639
f 4697/6258/5808 4696/6257/5807 4698/6259/5809 4699/6260/5810
f 4697/6258/5808 4699/6260/5810 4520/6066/5643 4518/6064/5641
f 4699/6260/5810 4698/6259/5809 4700/6261/5811 4701/6262/5812
f 4699/6260/5810 4701/6262/5812 4522/6068/5644 4520/6066/5643
f 4701/6262/5812 4700/6261/5811 4702/6263/4683 4703/6264/5646
f 4701/6262/5812 4703/6264/5646 4524/6070/5645 4522/6068/5644
f 4703/6264/5646 4702/6263/4683 4704/6265/4839 4705/6266/5813
f 4703/6264/5646 4705/6266/5813 4706/6267/5814 4524/6070/5645
f 4706/6267/5814 4527/6073/4973 4525/6071/4973 4524/6070/5645
f 4706/6267/5814 4705/6266/5813 4707/6268/4415 4708/6269/4816
f 4706/6267/5814 4708/6269/4816 4709/6270/4973 4527/6073/4973
f 4709/6270/4973 4530/6076/4972 4528/6074/4972 4527/6073/4973
f 4709/6270/4973 4708/6269/4816 4710/6271/5815 4711/6272/4540
f 4709/6270/4973 4711/6272/4540 4712/6273/4972 4530/6076/4972
f 4712/6273/4972 4533/6079/4973 4531/6077/4973 4530/6076/4972
f 4712/6273/4972 4711/6272/4540 4713/6274/5816 4714/6275/4972
f 4712/6273/4972 4714/6275/4972 4715/6276/4972 4533/6079/4973
f 4715/6276/4972 4536/6082/5647 4534/6080/5647 4533/6079/4973
f 4715/6276/4972 4714/6275/4972 4716/6277/4540 4717/6278/4972
f 4715/6276/4972 4717/6278/4972 4718/6279/5645 4536/6082/5647
f 4718/6279/5645 4539/6086/5652 4537/6083/5649 4536/6082/5647
f 4718/6279/5645 4717/6278/4972 4719/6280/4972 4720/6281/4682
f 4718/6279/5645 4720/6281/4682 4721/6282/5451 4539/6086/5652
f 4721/6282/5451 4542/6091/5656 4540/6087/5653 4539/6086/5652
f 4721/6282/5451 4720/6281/4682 4722/6283/4837 4723/6284/5817
f 4721/6282/5451 4723/6284/5817 4724/6285/5818 4542/6091/5656
f 4724/6285/5818 4545/6094/5819 4543/6092/5657 4542/6091/5656
f 4724/6285/5818 4723/6284/5817 4725/6286/5820 4726/6287/5821
f 4724/6285/5818 4726/6287/5821 4727/6288/5822 4545/6094/5819
f 4727/6288/5823 4548/6097/5824 4546/6095/5661 4545/6094/5660
f 4727/6288/5822 4726/6287/5821 4728/6289/5825 4729/6290/5826
f 4727/6288/5823 4729/6290/5827 4730/6291/5828 4548/6097/5824
f 4730/6291/5829 4551/6100/5666 4549/6098/5664 4548/6097/5663
f 4730/6291/5828 4729/6290/5827 4731/6292/5830 4732/6293/5830
f 4730/6291/5829 4732/6293/5831 4733/6294/5832 4551/6100/5666
f 4733/6294/5832 4554/6103/5668 4552/6101/5667 4551/6100/5666
f 4733/6294/5833 4732/6293/5834 4734/6295/5835 4735/6296/5836
f 4733/6294/5833 4735/6296/5836 4736/6297/5837 4554/6103/5838
f 4736/6297/5837 4557/6106/5673 4555/6104/5672 4554/6103/5838
f 4736/6297/5837 4735/6296/5836 4737/6298/5839 4738/6299/5840
f 4736/6297/5837 4738/6299/5840 4739/6300/5841 4557/6106/5673
f 4739/6300/5841 4560/6109/5676 4558/6107/5674 4557/6106/5673
f 4739/6300/5841 4738/6299/5840 4740/6301/5842 4741/6302/5843
f 4739/6300/5841 4741/6302/5843 4742/6303/5844 4560/6109/5676
f 4742/6303/5844 4563/6112/5679 4561/6110/5677 4560/6109/5676
f 4742/6303/5844 4741/6302/5843 4743/6304/5845 4744/6305/5846
f 4742/6303/5844 4744/6305/5846 4745/6306/5847 4563/6112/5679
f 4745/6306/5847 4566/6115/5439 4564/6113/5680 4563/6112/5679
f 4745/6306/5847 4744/6305/5846 4746/6307/5848 4747/6308/5849
f 4745/6306/5847 4747/6308/5849 4748/6309/5850 4566/6115/5439
f 4748/6309/5850 4569/6118/5682 4567/6116/5119 4566/6115/5439
f 4748/6309/5850 4747/6308/5849 4749/6310/5851 4750/6311/5852
f 4748/6309/5850 4750/6311/5852 4751/6312/5853 4569/6118/5682
f 4751/6312/5853 4572/6121/5685 4570/6119/5683 4569/6118/5682
f 4751/6312/5853 4750/6311/5852 4752/6313/5854 4753/6314/5855
f 4751/6312/5853 4753/6314/5855 4754/6315/5856 4572/6121/5685
f 4754/6315/5856 4575/6124/5688 4573/6122/5686 4572/6121/5685
f 4754/6315/5856 4753/6314/5855 4755/6316/5857 4756/6317/5858
f 4754/6315/5856 4756/6317/5858 4757/6318/5859 4575/6124/5688
f 4757/6318/5859 4578/6127/5691 4576/6125/5689 4575/6124/5688
f 4757/6318/5859 4756/6317/5858 4758/6319/5860 4759/6320/5861
f 4757/6318/5859 4759/6320/5861 4580/6129/5693 4578/6127/5691
f 4759/6320/5861 4758/6319/5860 4760/6321/5862 4761/6322/5863
f 4759/6320/5861 4761/6322/5863 4582/6131/5695 4580/6129/5693
f 4761/6323/5864 4760/6324/5865 4762/6325/5866 4763/6326/5867
f 4761/6323/5864 4763/6326/5867 4764/6327/5868 4582/6328/5869
f 4764/6327/5868 4585/6136/5700 4583/6135/5699 4582/6328/5869
f 4764/6327/5868 4763/6326/5867 4765/6329/5870 4766/6330/5871
f 4764/6327/5868 4766/6330/5871 4767/6331/5872 4585/6136/5700
f 4767/6331/5872 4588/6140/5704 4586/6137/5701 4585/6136/5700
f 4767/6331/5872 4766/6330/5871 4768/6332/5873 4769/6333/5874
f 4767/6331/5872 4769/6333/5874 4590/6142/5706 4588/6140/5704
f 4769/6333/5874 4768/6332/5873 4770/6334/5875 4595/6148/5712
f 4769/6333/5874 4595/6148/5712 4592/6144/5708 4590/6142/5706
f 4770/6334/5875 4768/6332/5873 4771/6335/5876 4772/6336/5877
f 4770/6337/5875 4772/6338/5877 4773/6339/5878 4598/6153/5879
f 4770/6334/5875 4598/6340/5879 4596/6149/5713 4595/6148/5712
f 4773/6339/5878 4772/6338/5877 4774/6341/5880 4775/6342/5881
f 4773/6339/5878 4775/6342/5881 4776/6343/5882 4777/6344/5883
f 4773/6339/5878 4777/6344/5883 4599/6154/5718 4598/6153/5717
f 4777/6344/5883 4776/6343/5882 4778/6345/5884 4779/6346/5885
f 4777/6344/5883 4779/6346/5885 4600/6155/5719 4599/6154/5718
f 4779/6346/5885 4778/6345/5884 4780/6347/5886 4781/6348/5887
f 4779/6346/5885 4781/6348/5887 4602/6157/5721 4600/6155/5719
f 4781/6348/5887 4780/6347/5886 4782/6349/5888 4783/6350/5889
f 4781/6348/5887 4783/6350/5889 4604/6159/5723 4602/6157/5721
f 4783/6350/5889 4782/6349/5888 4784/6351/5890 4609/6164/5728
f 4783/6350/5889 4609/6164/5728 4606/6161/5725 4604/6159/5723
f 4784/6351/5890 4782/6349/5888 4785/6352/5891 4786/6353/5560
f 4784/6351/5890 4786/6353/5560 4787/6354/5892 4612/6167/5731
f 4784/6351/5890 4612/6167/5731 4610/6165/5729 4609/6164/5728
f 4787/6354/5892 4786/6353/5560 4788/6355/4920 4789/6356/5893
f 4787/6354/5892 4789/6356/5893 4790/6357/5894 4615/6170/5734
f 4787/6354/5892 4615/6170/5734 4613/6168/5732 4612/6167/5731
f 4790/6357/5894 4789/6356/5893 4791/6358/4893 4792/6359/5895
f 4790/6357/5894 4792/6359/5895 4793/6360/5896 4794/6361/5897
f 4790/6357/5894 4794/6361/5897 4616/6171/5735 4615/6170/5734
f 4794/6361/5897 4793/6360/5896 4795/6362/5898 4620/6175/5739
f 4794/6361/5897 4620/6175/5739 4617/6172/5736 4616/6171/5735
f 4795/6362/5898 4793/6360/5896 4796/6363/5899 4797/6364/5900
f 4795/6362/5898 4797/6364/5900 4798/6365/5901 4623/6178/5742
f 4795/6362/5898 4623/6178/5742 4621/6176/5740 4620/6175/5739
f 4798/6365/5901 4797/6364/5900 4799/6366/5902 4800/6367/5903
f 4798/6365/5901 4800/6367/5903 4801/6368/5904 4626/6181/5744
f 4798/6365/5901 4626/6181/5744 4624/6179/5743 4623/6178/5742
f 4801/6368/5904 4800/6367/5903 4802/6369/5905 4803/6370/5906
f 4801/6368/5904 4803/6370/5906 4804/6371/5907 4629/6184/5054
f 4801/6368/5904 4629/6184/5054 4627/6182/5574 4626/6181/5744
f 4804/6371/5907 4803/6370/5906 4805/6372/5908 4806/6373/5909
f 4804/6371/5907 4806/6373/5909 4807/6374/5910 4632/6187/5745
f 4804/6371/5907 4632/6187/5745 4630/6185/4893 4629/6184/5054
f 4807/6374/5910 4806/6373/5909 4808/6375/5911 4809/6376/5912
f 4807/6374/5910 4809/6376/5912 4810/6377/5913 4635/6190/5748
f 4807/6374/5910 4635/6190/5748 4633/6188/5746 4632/6187/5745
f 4810/6377/5913 4809/6376/5912 4811/6378/5914 4812/6379/5915
f 4810/6377/5913 4812/6379/5915 4813/6380/5916 4638/6193/5751
f 4810/6377/5913 4638/6193/5751 4636/6191/5749 4635/6190/5748
f 4813/6380/5916 4812/6379/5915 4814/6381/5917 4815/6382/5918
f 4813/6380/5916 4815/6382/5918 4816/6383/5919 4641/6196/5754
f 4813/6380/5916 4641/6196/5754 4639/6194/5752 4638/6193/5751
f 4816/6383/5919 4815/6382/5918 4817/6384/5761 4818/6385/5920
f 4816/6383/5919 4818/6385/5920 4819/6386/5760 4644/6199/5757
f 4816/6383/5919 4644/6199/5757 4642/6197/5755 4641/6196/5754
f 4819/6386/5760 4818/6385/5920 4820/6387/5054 4821/6388/5921
f 4819/6386/5760 4821/6388/5921 4822/6389/5921 4647/6202/5760
f 4819/6386/5760 4647/6202/5760 4645/6200/5758 4644/6199/5757
f 4822/6389/5921 4821/6388/5921 4823/6390/5922 4824/6391/5055
f 4822/6389/5921 4824/6391/5055 4825/6392/5923 4826/6393/5054
f 4822/6389/5921 4826/6393/5054 4648/6203/5760 4647/6202/5760
f 4826/6393/5054 4825/6392/5923 4827/6394/5056 4828/6395/5574
f 4826/6393/5054 4828/6395/5574 4649/6204/5761 4648/6203/5760
f 4828/6395/5574 4827/6394/5056 4829/6396/5921 4654/6209/5574
f 4828/6395/5574 4654/6209/5574 4651/6206/5763 4649/6204/5761
f 4829/6396/5921 4827/6394/5056 4830/6397/5924 4831/6398/5925
f 4829/6396/5921 4831/6398/5925 4832/6399/5926 4833/6400/5927
f 4829/6396/5921 4833/6400/5927 4655/6210/5054 4654/6209/5574
f 4833/6400/5927 4832/6399/5926 4834/6401/5928 4835/6402/5929
f 4833/6400/5927 4835/6402/5929 4656/6211/5765 4655/6210/5054
f 4835/6402/5929 4834/6401/5928 4836/6403/5930 4661/6216/5769
f 4835/6402/5929 4661/6216/5769 4658/6213/5766 4656/6211/5765
f 4836/6403/5930 4834/6401/5928 4837/6404/5931 4838/6405/5932
f 4836/6403/5930 4838/6405/5932 4839/6406/5933 4840/6407/5934
f 4836/6403/5930 4840/6407/5934 4662/6217/5770 4661/6216/5769
f 4840/6407/5934 4839/6406/5933 3101/4452/4162 3104/4455/4165
f 4840/6407/5934 3104/4455/4165 4663/6218/5771 4662/6217/5770
f 4839/6406/5933 4838/6405/5932 3067/4396/4105 3066/4395/4104
f 4839/6406/5933 3066/4395/4104 3071/4401/4110 3101/4452/4162
f 4838/6405/5932 4837/6404/5931 4841/6408/5935 3067/4396/4105
f 4841/6408/5935 4837/6404/5931 4842/6409/5936 4843/6410/5937
f 4841/6408/5935 4843/6410/5937 3033/4336/4051 3032/4335/4050
f 4841/6408/5935 3032/4335/4050 3035/4338/4054 3067/4396/4105
f 4843/6410/5937 4842/6409/5936 4844/6411/5938 4845/6412/5939
f 4843/6410/5937 4845/6412/5939 4846/6413/5940 3033/4336/4051
f 4846/6413/5940 4845/6412/5939 4847/6414/5941 4848/6415/5942
f 4846/6413/5940 4848/6415/5942 4849/6416/5943 4850/6417/5944
f 4846/6413/5940 4850/6417/5944 3030/4332/4047 3033/4336/4051
f 4850/6417/5944 4849/6416/5943 4851/6418/5945 4852/6419/5946
f 4850/6417/5944 4852/6419/5946 3031/4333/4048 3030/4332/4047
f 4852/6420/5947 4851/6421/5948 4853/6422/5949 4854/6423/5950
f 4852/6420/5947 4854/6423/5950 3053/4373/4084 3031/4372/4083
f 4854/6423/5950 4853/6422/5949 4855/6424/5951 4856/6425/5952
f 4854/6423/5950 4856/6425/5952 4857/6426/5953 3053/4373/4084
f 4857/6426/5953 4856/6425/5952 4858/6427/5954 3040/4349/4061
f 4857/6426/5953 3040/4349/4061 3039/4348/4060 4859/6428/5955
f 4857/6426/5953 4859/6428/5955 3054/4374/4085 3053/4373/4084
f 4859/6428/5955 3039/4348/4060 3044/4356/4067 4860/6429/5956
f 4859/6428/5955 4860/6429/5956 3055/4375/4087 3054/4374/4085
f 4860/6429/5956 4861/6430/5957 4862/6431/5958 3055/4375/4087
f 4860/6429/5956 3044/4356/4067 4863/6432/5959 4861/6430/5957
f 4863/6432/5960 4864/6433/5961 4865/6434/5962 4861/6430/5963
f 4863/6432/5959 3044/4356/4067 3043/4355/4066 4866/6435/5964
f 4863/6432/5960 4866/6435/5965 4867/6436/5966 4864/6433/5961
f 4867/6436/5966 4868/6437/5967 4869/6438/5968 4864/6433/5961
f 4867/6436/5966 4866/6435/5965 4870/6439/5969 4871/6440/5970
f 4867/6436/5966 4871/6440/5970 4872/6441/5971 4868/6437/5967
f 4872/6442/5971 3084/4424/5972 3083/4423/5973 4868/6443/5967
f 4872/6441/5971 4871/6440/5970 4873/6444/5974 4874/6445/5975
f 4872/6442/5971 4874/6446/5975 4875/6447/5976 3084/4424/5972
f 4875/6447/5977 4876/6448/5978 3080/4419/4132 3084/4424/4131
f 4875/6447/5976 4874/6446/5975 4877/6449/5979 4878/6450/5980
f 4875/6447/5977 4878/6450/5981 4879/6451/5982 4876/6448/5978
f 4879/6451/5983 4880/6452/5984 4881/6453/5985 4876/6448/5986
f 4879/6451/5982 4878/6450/5981 4882/6454/5987 4883/6455/5988
f 4879/6451/5983 4883/6455/5989 4884/6456/5990 4880/6452/5984
f 4884/6457/5991 4885/6458/5992 4886/6459/5993 4880/6460/5994
f 4884/6456/5990 4883/6455/5989 4887/6461/5995 4888/6462/5996
f 4884/6457/5991 4888/6463/5997 4889/6464/5998 4885/6458/5992
f 4889/6464/5998 4890/6465/5999 4891/6466/6000 4885/6458/5992
f 4889/6464/5998 4888/6463/5997 3119/4498/4200 3114/4487/4190
f 4889/6464/5998 3114/4487/4190 3113/4486/4189 4890/6465/5999
f 4891/6467/6001 4892/6468/6002 4893/6469/6003 4894/6470/6004
f 4891/6466/6000 4894/6471/6005 4886/6459/5993 4885/6458/5992
f 4891/6467/6001 4890/6472/6006 4895/6473/6007 4892/6468/6002
f 4895/6473/6008 4896/6474/6009 4897/6475/6010 4892/6468/6011
f 4895/6473/6007 4890/6472/6006 3113/4496/6012 3118/4495/6012
f 4895/6473/6008 3118/4495/4198 3123/4512/4213 4896/6474/6009
f 4897/6476/6010 4898/6477/6013 4899/6478/6014 4900/6479/6015
f 4897/6475/6010 4900/6480/6015 4893/6469/6016 4892/6468/6011
f 4897/6476/6010 4896/6481/6009 4901/6482/6017 4898/6477/6013
f 4901/6482/6018 4902/6483/6019 4903/6484/6020 4898/6477/6021
f 4901/6485/6017 4896/6474/6009 3123/4512/4213 3122/6486/6022
f 4901/6482/6018 3122/6487/6023 3124/4510/4211 4902/6483/6019
f 4903/6484/6020 4904/6488/6024 4877/6489/5979 4905/6490/6025
f 4903/6484/6020 4905/6490/6025 4899/6478/6026 4898/6477/6021
f 4903/6484/6020 4902/6483/6019 4906/6491/6027 4904/6488/6024
f 4906/6492/6027 4907/6493/6028 4882/6454/6029 4904/6494/6024
f 4906/6491/6027 4902/6483/6019 3124/4510/4211 3126/4509/4210
f 4906/6491/6027 3126/4509/4210 3127/4516/4218 4907/6495/6028
f 4907/6493/6030 4887/6461/6031 4883/6455/5988 4882/6454/5987
f 4907/6493/6030 3127/4514/4216 3121/4503/4215 4887/6461/6031
f 4905/6490/6025 4877/6489/5979 4874/6445/5975 4873/6444/5974
f 4905/6490/6025 4873/6444/5974 4908/6496/6032 4899/6478/6026
f 4908/6496/6032 4873/6444/5974 4871/6440/5970 4870/6439/5969
f 4908/6496/6033 4870/6439/6034 3047/4362/4072 4909/6497/6035
f 4908/6496/6033 4909/6497/6035 4900/6479/6015 4899/6478/6014
f 4909/6498/6036 3047/6499/6037 3046/4360/4070 4910/6500/6038
f 4909/6498/6036 4910/6500/6038 4893/6469/6016 4900/6480/6015
f 4910/6500/6038 3046/4360/4070 3045/4359/4069 4911/6501/6039
f 4910/6500/6038 4911/6501/6039 4894/6470/6004 4893/6469/6003
f 4911/6502/6040 3045/4370/4081 3052/4369/4080 4912/6503/6041
f 4911/6502/6040 4912/6503/6041 4886/6459/5993 4894/6471/6005
f 4912/6503/6041 3052/4369/4080 3081/6504/6042 4881/6505/6043
f 4912/6503/6041 4881/6505/6043 4880/6460/5994 4886/6459/5993
f 4904/6494/6024 4882/6454/6029 4878/6450/5980 4877/6449/5979
f 4888/6462/5996 4887/6461/5995 3121/4503/4205 3119/4502/4204
f 4881/6453/5985 3081/4420/4126 3080/4419/4125 4876/6448/5986
f 4870/6439/6034 4866/6435/5964 3043/4355/4066 3047/4362/4072
f 4869/6438/5968 3082/6506/6044 4913/6507/6045 4914/6508/6046
f 4869/6438/5968 4914/6508/6046 4865/6434/5962 4864/6433/5961
f 4869/6509/5968 4868/6443/5967 3083/4423/5973 3082/4422/6044
f 4914/6508/6046 4913/6507/6045 4915/6510/6047 4916/6511/6048
f 4914/6508/6046 4916/6511/6048 4917/6512/6049 4865/6434/5962
f 4917/6512/6049 4916/6511/6048 4918/6513/6050 4919/6514/6051
f 4917/6512/6049 4919/6514/6051 4920/6515/6052 4862/6431/6053
f 4917/6512/6049 4862/6431/6053 4861/6430/5963 4865/6434/5962
f 4920/6515/6052 4919/6514/6051 4921/6516/6054 4922/6517/6055
f 4920/6515/6056 4922/6517/6057 3057/4377/4089 3056/4376/4088
f 4920/6515/6056 3056/4376/4088 3055/4375/4087 4862/6431/5958
f 4922/6517/6055 4921/6516/6054 4923/6518/6058 4924/6519/6059
f 4922/6517/6057 4924/6519/6060 3073/6520/6061 3057/4377/4089
f 4924/6519/6059 4923/6518/6058 3106/4459/4169 3091/4458/4168
f 4924/6521/6060 3091/4433/4142 3074/4405/4141 3073/4404/6061
f 4923/6518/6058 4925/6522/6062 4926/6523/6063 3106/4459/4169
f 4923/6518/6058 4921/6516/6054 4927/6524/6064 4925/6522/6062
f 4927/6524/6064 3096/6525/6065 3099/6526/6066 4925/6522/6062
f 4927/6524/6064 4921/6516/6054 4919/6514/6051 4918/6513/6050
f 4927/6524/6064 4918/6513/6050 3097/6527/6067 3096/6525/6065
f 4926/6523/6063 3112/4483/4187 3110/4482/4186 3109/6528/6068
f 4926/6523/6063 3109/6528/6068 3092/4460/4170 3106/4459/4169
f 4926/6523/6063 4925/6522/6062 3099/6526/6066 3112/4483/4187
f 4918/6513/6050 4916/6511/6048 4915/6510/6047 3097/6527/6067
f 4915/6529/6069 4928/6530/6070 3098/4448/4154 3097/4447/4153
f 4915/6529/6069 4913/6531/6071 4929/6532/6072 4928/6530/6070
f 4929/6533/6073 4930/6534/6074 4931/6535/6075 4928/6536/6076
f 4929/6532/6072 4913/6531/6071 3082/4422/4129 3079/4418/4128
f 4929/6533/6073 3079/6537/4123 3078/6538/4122 4930/6534/6074
f 4931/6535/6075 4932/6539/6077 4933/6540/6078 3100/6541/4159
f 4931/6542/6075 3100/4450/4159 3098/4448/4158 4928/6530/6076
f 4931/6535/6075 4930/6534/6074 4934/6543/6079 4932/6539/6077
f 4934/6543/6079 4935/6544/6080 4936/6545/6081 4932/6539/6077
f 4934/6543/6079 4930/6534/6074 3078/6538/4122 4937/6546/6082
f 4934/6543/6079 4937/6546/6082 4938/6547/6083 4935/6544/6080
f 4938/6548/6083 4939/6549/6084 4940/6550/6085 4935/6551/6080
f 4938/6552/6083 4937/6553/6082 3061/4383/4095 4941/6554/6086
f 4938/6552/6083 4941/6554/6086 4942/6555/6087 4939/6556/6084
f 4942/6557/6087 4943/6558/6088 4944/6559/6089 4939/6549/6084
f 4942/6555/6090 4941/6554/6086 4945/6560/6091 4946/6561/6092
f 4942/6555/6090 4946/6561/6092 4947/6562/6093 4943/6563/6094
f 4947/6562/6093 4683/6243/5793 4681/6242/5791 4943/6563/6094
f 4947/6562/6093 4946/6561/6092 3088/4429/4137 3090/4431/4139
f 4947/6562/6093 3090/4431/4139 4685/6246/5796 4683/6243/5793
f 4946/6561/6092 4945/6560/6091 3089/4430/4138 3088/4429/4137
f 4945/6560/6091 4941/6554/6086 3061/4383/4095 3060/4382/4094
f 4945/6560/6091 3060/4382/4094 3063/4385/4097 3089/4430/4138
f 4944/6559/6089 4679/6237/5789 4677/6235/5787 4948/6564/6095
f 4944/6559/6089 4948/6564/6095 4940/6550/6085 4939/6549/6084
f 4944/6559/6089 4943/6558/6088 4681/6239/5791 4679/6237/5789
f 4948/6564/6095 4677/6235/5787 4675/6233/5785 4949/6565/6096
f 4948/6564/6095 4949/6565/6096 4950/6566/6097 4940/6550/6085
f 4950/6566/6097 4949/6565/6096 4951/6567/6098 4952/6568/6099
f 4950/6566/6097 4952/6568/6099 4953/6569/6100 4936/6570/6081
f 4950/6566/6097 4936/6570/6081 4935/6551/6080 4940/6550/6085
f 4953/6571/6100 4952/6572/6099 4954/6573/6101 3072/4402/6102
f 4953/6571/6100 3072/4402/6102 3069/4399/6103 4933/6574/6078
f 4953/6575/6100 4933/6540/6078 4932/6539/6077 4936/6545/6081
f 4954/6573/6104 4955/6576/6105 4956/6577/6106 4957/6578/6107
f 4954/6573/6104 4957/6578/6107 3070/4400/4109 3072/4402/4111
f 4954/6573/6101 4952/6572/6099 4951/6579/6098 4955/6576/6108
f 4957/6578/6107 4956/6577/6106 3105/4456/4166 3102/4453/4163
f 4957/6578/6107 3102/4453/4163 3071/4401/4110 3070/4400/4109
f 4956/6577/6106 4669/6224/5777 4667/6222/5775 3105/4456/4166
f 4956/6577/6106 4955/6576/6105 4671/6226/5779 4669/6224/5777
f 4955/6580/6108 4951/6567/6098 4673/6230/5783 4671/6229/5782
f 4951/6567/6098 4949/6565/6096 4675/6233/5785 4673/6230/5783
f 4937/6553/6082 3078/6581/4122 3062/4384/4121 3061/4383/4095
f 4933/6574/6078 3069/4399/6103 3068/4398/4160 3100/6582/4159
f 4858/6427/5954 4856/6425/5952 4855/6424/5951 4958/6583/6109
f 4858/6427/5954 4958/6583/6109 4959/6584/6110 4960/6585/6111
f 4858/6427/5954 4960/6585/6111 3041/4350/4062 3040/4349/4061
f 4960/6586/6111 4959/6587/6112 4961/6588/6113 4962/6589/6114
f 4960/6585/6111 4962/6590/6114 3042/6591/4063 3041/4350/4062
f 4962/6589/6115 4963/6592/6116 3048/4363/4075 3042/4353/4074
f 4962/6589/6115 4961/6588/6117 4964/6593/6118 4963/6592/6116
f 4964/6593/6118 4700/6261/5811 4698/6259/5809 4963/6592/6116
f 4964/6593/6118 4961/6588/6117 4965/6594/6119 4966/6595/6120
f 4964/6593/6118 4966/6595/6120 4702/6263/4683 4700/6261/5811
f 4966/6595/6120 4965/6594/6119 4967/6596/6121 4968/6597/6122
f 4966/6595/6120 4968/6597/6122 4704/6265/4839 4702/6263/4683
f 4968/6597/6122 4967/6596/6121 4969/6598/6123 4970/6599/6124
f 4968/6597/6122 4970/6599/6124 4971/6600/6125 4704/6265/4839
f 4971/6600/6125 4707/6268/4415 4705/6266/5813 4704/6265/4839
f 4971/6600/6125 4970/6599/6124 4972/6601/6126 4973/6602/6127
f 4971/6600/6125 4973/6602/6127 4974/6603/4532 4707/6268/4415
f 4974/6603/4532 4710/6271/5815 4708/6269/4816 4707/6268/4415
f 4974/6603/4532 4973/6602/6127 4975/6604/6128 4976/6605/6129
f 4974/6603/4532 4976/6605/6129 4977/6606/6130 4710/6271/5815
f 4977/6606/6130 4713/6274/5816 4711/6272/4540 4710/6271/5815
f 4977/6606/6130 4976/6605/6129 4978/6607/6131 4979/6608/6132
f 4977/6606/6130 4979/6608/6132 4980/6609/6133 4713/6274/5816
f 4980/6609/6133 4716/6277/4540 4714/6275/4972 4713/6274/5816
f 4980/6609/6133 4979/6608/6132 4981/6610/6134 4982/6611/4838
f 4980/6609/6133 4982/6611/4838 4983/6612/4540 4716/6277/4540
f 4983/6612/4540 4719/6280/4972 4717/6278/4972 4716/6277/4540
f 4983/6612/4540 4982/6611/4838 4984/6613/4838 4985/6614/4835
f 4983/6612/4540 4985/6614/4835 4986/6615/4972 4719/6280/4972
f 4986/6615/4972 4722/6283/4837 4720/6281/4682 4719/6280/4972
f 4986/6615/4972 4985/6614/4835 4987/6616/4415 4988/6617/4972
f 4986/6615/4972 4988/6617/4972 4989/6618/4682 4722/6283/4837
f 4989/6618/4682 4725/6286/5820 4723/6284/5817 4722/6283/4837
f 4989/6618/4682 4988/6617/4972 4990/6619/4540 4991/6620/4973
f 4989/6618/4682 4991/6620/4973 4992/6621/6135 4725/6286/5820
f 4992/6621/6135 4728/6289/5825 4726/6287/5821 4725/6286/5820
f 4992/6621/6135 4991/6620/4973 4993/6622/5300 4994/6623/6136
f 4992/6621/6135 4994/6623/6136 4995/6624/6137 4728/6289/5825
f 4995/6624/6137 4731/6292/6138 4729/6290/5826 4728/6289/5825
f 4995/6624/6137 4994/6623/6136 4996/6625/5448 4997/6626/6139
f 4995/6624/6137 4997/6626/6139 4998/6627/6140 4731/6292/6138
f 4998/6627/6140 4734/6295/5835 4732/6293/5834 4731/6292/6138
f 4998/6627/6140 4997/6626/6139 4999/6628/5481 5000/6629/6141
f 4998/6627/6140 5000/6629/6141 5001/6630/6142 4734/6295/5835
f 5001/6630/6142 4737/6298/5839 4735/6296/5836 4734/6295/5835
f 5001/6630/6142 5000/6629/6141 5002/6631/6143 5003/6632/6144
f 5001/6630/6142 5003/6632/6144 5004/6633/6145 4737/6298/5839
f 5004/6633/6145 4740/6301/5842 4738/6299/5840 4737/6298/5839
f 5004/6633/6145 5003/6632/6144 5005/6634/6146 5006/6635/6147
f 5004/6633/6145 5006/6635/6147 5007/6636/6148 4740/6301/5842
f 5007/6636/6148 4743/6304/5845 4741/6302/5843 4740/6301/5842
f 5007/6636/6148 5006/6635/6147 5008/6637/6149 5009/6638/6150
f 5007/6636/6148 5009/6638/6150 5010/6639/6151 4743/6304/5845
f 5010/6639/6151 4746/6307/5848 4744/6305/5846 4743/6304/5845
f 5010/6639/6151 5009/6638/6150 5011/6640/6152 5012/6641/4972
f 5010/6639/6151 5012/6641/4972 5013/6642/6152 4746/6307/5848
f 5013/6642/6152 4749/6310/5851 4747/6308/5849 4746/6307/5848
f 5013/6642/6152 5012/6641/4972 5014/6643/6153 5015/6644/6154
f 5013/6642/6152 5015/6644/6154 5016/6645/6155 4749/6310/5851
f 5016/6645/6155 4752/6313/5854 4750/6311/5852 4749/6310/5851
f 5016/6645/6155 5015/6644/6154 5017/6646/6156 5018/6647/6157
f 5016/6645/6155 5018/6647/6157 5019/6648/6158 4752/6313/5854
f 5019/6648/6158 4755/6316/5857 4753/6314/5855 4752/6313/5854
f 5019/6648/6158 5018/6647/6157 5020/6649/6159 5021/6650/6160
f 5019/6648/6158 5021/6650/6160 5022/6651/6161 4755/6316/5857
f 5022/6651/6161 4758/6319/5860 4756/6317/5858 4755/6316/5857
f 5022/6651/6161 5021/6650/6160 5023/6652/6162 5024/6653/6163
f 5022/6651/6161 5024/6653/6163 4760/6321/5862 4758/6319/5860
f 5024/6654/6164 5023/6655/6165 5025/6656/6166 5026/6657/6167
f 5024/6654/6164 5026/6657/6167 4762/6325/5866 4760/6324/5865
f 5026/6657/6167 5025/6656/6166 5027/6658/6168 5028/6659/6169
f 5026/6657/6167 5028/6659/6169 5029/6660/6170 4762/6325/5866
f 5029/6660/6170 4765/6329/5870 4763/6326/5867 4762/6325/5866
f 5029/6660/6170 5028/6659/6169 5030/6661/6171 5031/6662/6172
f 5029/6660/6170 5031/6662/6172 4771/6335/5876 4765/6329/5870
f 5031/6662/6172 5030/6661/6171 5032/6663/6173 4774/6664/6174
f 5031/6662/6172 4774/6664/6174 4772/6336/5877 4771/6335/5876
f 5032/6663/6173 5030/6661/6171 5033/6665/6175 5034/6666/6176
f 5032/6667/6177 5034/6668/6178 5035/6669/6179 5036/6670/6180
f 5032/6667/6177 5036/6670/6180 4775/6342/5881 4774/6341/5880
f 5036/6670/6180 5035/6669/6181 5037/6671/6182 5038/6672/6183
f 5036/6670/6180 5038/6672/6183 4776/6343/5882 4775/6342/5881
f 5038/6672/6183 5037/6671/6182 5039/6673/6184 5040/6674/6185
f 5038/6672/6183 5040/6674/6185 4778/6345/5884 4776/6343/5882
f 5040/6674/6185 5039/6673/6184 5041/6675/6186 5042/6676/6187
f 5040/6674/6185 5042/6676/6187 4780/6347/5886 4778/6345/5884
f 5042/6676/6187 5041/6675/6186 5043/6677/6188 4785/6352/5891
f 5042/6676/6187 4785/6352/5891 4782/6349/5888 4780/6347/5886
f 5043/6677/6188 5041/6675/6186 5044/6678/6189 5045/6679/6190
f 5043/6677/6188 5045/6679/6190 5046/6680/6191 4788/6355/4920
f 5043/6677/6188 4788/6355/4920 4786/6353/5560 4785/6352/5891
f 5046/6680/6191 5045/6679/6190 5047/6681/6192 5048/6682/6193
f 5046/6680/6191 5048/6682/6193 5049/6683/5083 4791/6358/4893
f 5046/6680/6191 4791/6358/4893 4789/6356/5893 4788/6355/4920
f 5049/6683/5083 5048/6682/6193 5050/6684/5229 5051/6685/6194
f 5049/6683/5083 5051/6685/6194 5052/6686/4741 5053/6687/6195
f 5049/6683/5083 5053/6687/6195 4792/6359/5895 4791/6358/4893
f 5053/6687/6195 5052/6686/4741 5054/6688/6196 4796/6363/5899
f 5053/6687/6195 4796/6363/5899 4793/6360/5896 4792/6359/5895
f 5054/6688/6196 5052/6686/4741 5055/6689/6197 5056/6690/6198
f 5054/6688/6196 5056/6690/6198 5057/6691/6199 4799/6366/5902
f 5054/6688/6196 4799/6366/5902 4797/6364/5900 4796/6363/5899
f 5057/6691/6199 5056/6690/6198 5058/6692/6200 5059/6693/6201
f 5057/6691/6199 5059/6693/6201 5060/6694/6202 4802/6369/5905
f 5057/6691/6199 4802/6369/5905 4800/6367/5903 4799/6366/5902
f 5060/6694/6202 5059/6693/6201 5061/6695/6203 5062/6696/6204
f 5060/6694/6202 5062/6696/6204 5063/6697/6205 4805/6372/5908
f 5060/6694/6202 4805/6372/5908 4803/6370/5906 4802/6369/5905
f 5063/6697/6205 5062/6696/6204 5064/6698/6206 5065/6699/6207
f 5063/6697/6205 5065/6699/6207 5066/6700/6208 4808/6375/5911
f 5063/6697/6205 4808/6375/5911 4806/6373/5909 4805/6372/5908
f 5066/6700/6208 5065/6699/6207 5067/6701/6209 5068/6702/6210
f 5066/6700/6208 5068/6702/6210 5069/6703/6211 4811/6378/5914
f 5066/6700/6208 4811/6378/5914 4809/6376/5912 4808/6375/5911
f 5069/6703/6211 5068/6702/6210 5070/6704/6212 5071/6705/6213
f 5069/6703/6211 5071/6705/6213 5072/6706/5763 4814/6381/5917
f 5069/6703/6211 4814/6381/5917 4812/6379/5915 4811/6378/5914
f 5072/6706/5763 5071/6705/6213 5073/6707/5921 5074/6708/5054
f 5072/6706/5763 5074/6708/5054 5075/6709/5054 4817/6384/5761
f 5072/6706/5763 4817/6384/5761 4815/6382/5918 4814/6381/5917
f 5075/6709/5054 5074/6708/5054 5076/6710/5068 5077/6711/5068
f 5075/6709/5054 5077/6711/5068 5078/6712/6214 4820/6387/5054
f 5075/6709/5054 4820/6387/5054 4818/6385/5920 4817/6384/5761
f 5078/6712/6214 5077/6711/5068 5079/6713/6215 5080/6714/6216
f 5078/6712/6214 5080/6714/6216 5081/6715/4743 4823/6390/5922
f 5078/6712/6214 4823/6390/5922 4821/6388/5921 4820/6387/5054
f 5081/6715/4743 5080/6714/6216 5082/6716/6217 5083/6717/6218
f 5081/6715/4743 5083/6717/6218 5084/6718/6219 5085/6719/6220
f 5081/6715/4743 5085/6719/6220 4824/6391/5055 4823/6390/5922
f 5085/6719/6220 5084/6718/6219 5086/6720/6221 5087/6721/6222
f 5085/6719/6220 5087/6721/6222 4825/6392/5923 4824/6391/5055
f 5087/6721/6222 5086/6720/6221 5088/6722/6223 4830/6397/5924
f 5087/6721/6222 4830/6397/5924 4827/6394/5056 4825/6392/5923
f 5088/6722/6223 5086/6720/6221 5089/6723/6224 4847/6414/5941
f 5088/6722/6223 4847/6414/5941 4845/6412/5939 4844/6411/5938
f 5088/6722/6223 4844/6411/5938 4831/6398/5925 4830/6397/5924
f 5089/6723/6224 5086/6720/6221 5084/6718/6219 5090/6724/6225
f 5089/6723/6224 5090/6724/6225 5091/6725/6226 5092/6726/6227
f 5089/6723/6224 5092/6726/6227 4848/6415/5942 4847/6414/5941
f 5092/6726/6227 5091/6725/6226 5093/6727/6228 5094/6728/6229
f 5092/6726/6227 5094/6728/6229 4849/6416/5943 4848/6415/5942
f 5094/6728/6229 5093/6727/6228 5095/6729/6230 5096/6730/6231
f 5094/6728/6229 5096/6730/6231 4851/6418/5945 4849/6416/5943
f 5096/6731/6232 5095/6732/6233 5097/6733/6234 5098/6734/6235
f 5096/6731/6232 5098/6734/6235 4853/6422/5949 4851/6421/5948
f 5098/6734/6235 5097/6733/6234 5099/6735/6236 5100/6736/6237
f 5098/6734/6235 5100/6736/6237 4855/6424/5951 4853/6422/5949
f 5100/6736/6237 5099/6735/6236 5101/6737/6238 5102/6738/6239
f 5100/6736/6237 5102/6738/6239 4958/6583/6109 4855/6424/5951
f 5102/6738/6239 5101/6737/6238 5103/6739/6240 5104/6740/6241
f 5102/6738/6239 5104/6740/6241 4959/6584/6110 4958/6583/6109
f 5104/6741/6242 5103/6742/6243 4967/6596/6244 4965/6594/6245
f 5104/6741/6242 4965/6594/6245 4961/6588/6113 4959/6587/6112
f 5103/6739/6240 5101/6737/6238 5105/6743/6246 5106/6744/6247
f 5103/6739/6243 5106/6744/6247 4969/6745/6248 4967/6746/6244
f 5106/6744/6247 5105/6743/6246 5107/6747/6249 5108/6748/6250
f 5106/6744/6247 5108/6748/6250 5109/6749/6251 4969/6745/6248
f 5109/6750/6252 4972/6601/6126 4970/6599/6124 4969/6598/6123
f 5109/6749/6251 5108/6748/6250 5110/6751/6253 5111/6752/6254
f 5109/6750/6252 5111/6753/6255 5112/6754/6256 4972/6601/6126
f 5112/6754/6256 4975/6604/6128 4973/6602/6127 4972/6601/6126
f 5112/6754/6256 5111/6753/6255 5113/6755/6257 5114/6756/6258
f 5112/6754/6256 5114/6756/6258 5115/6757/6259 4975/6604/6128
f 5115/6757/6259 4978/6607/6131 4976/6605/6129 4975/6604/6128
f 5115/6757/6259 5114/6756/6258 5116/6758/6260 5117/6759/6261
f 5115/6757/6259 5117/6759/6261 5118/6760/6262 4978/6607/6131
f 5118/6760/6262 4981/6610/6134 4979/6608/6132 4978/6607/6131
f 5118/6760/6262 5117/6759/6261 5119/6761/6263 5120/6762/6264
f 5118/6760/6262 5120/6762/6264 5121/6763/6265 4981/6610/6134
f 5121/6763/6265 4984/6613/4838 4982/6611/4838 4981/6610/6134
f 5121/6763/6265 5120/6762/6264 5122/6764/6266 5123/6765/6267
f 5121/6763/6265 5123/6765/6267 5124/6766/4535 4984/6613/4838
f 5124/6766/4535 4987/6616/4415 4985/6614/4835 4984/6613/4838
f 5124/6766/4535 5123/6765/6267 5125/6767/6268 5126/6768/6269
f 5124/6766/4535 5126/6768/6269 5127/6769/5816 4987/6616/4415
f 5127/6769/5816 4990/6619/4540 4988/6617/4972 4987/6616/4415
f 5127/6769/5816 5126/6768/6269 5128/6770/6270 5129/6771/6271
f 5127/6769/5816 5129/6771/6271 5130/6772/4648 4990/6619/4540
f 5130/6772/4648 4993/6622/5300 4991/6620/4973 4990/6619/4540
f 5130/6772/4648 5129/6771/6271 5131/6773/6272 5132/6774/5446
f 5130/6772/4648 5132/6774/5446 5133/6775/4648 4993/6622/5300
f 5133/6775/4648 4996/6625/5448 4994/6623/6136 4993/6622/5300
f 5133/6775/4648 5132/6774/5446 5134/6776/6273 5135/6777/5448
f 5133/6775/4648 5135/6777/5448 5136/6778/4648 4996/6625/5448
f 5136/6778/4648 4999/6628/5481 4997/6626/6139 4996/6625/5448
f 5136/6778/4648 5135/6777/5448 5137/6779/5481 5138/6780/5299
f 5136/6778/4648 5138/6780/5299 5139/6781/5299 4999/6628/5481
f 5139/6781/5299 5002/6631/6143 5000/6629/6141 4999/6628/5481
f 5139/6781/5299 5138/6780/5299 5140/6782/6274 5141/6783/6275
f 5139/6781/5299 5141/6783/6275 5142/6784/4839 5002/6631/6143
f 5142/6784/4839 5005/6634/6146 5003/6632/6144 5002/6631/6143
f 5142/6784/4839 5141/6783/6275 5143/6785/6276 5144/6786/6277
f 5142/6784/4839 5144/6786/6277 5145/6787/6278 5005/6634/6146
f 5145/6787/6278 5008/6637/6149 5006/6635/6147 5005/6634/6146
f 5145/6787/6278 5144/6786/6277 5146/6788/6279 5147/6789/6280
f 5145/6787/6278 5147/6789/6280 5148/6790/6153 5008/6637/6149
f 5148/6790/6153 5011/6640/6152 5009/6638/6150 5008/6637/6149
f 5148/6790/6153 5147/6789/6280 5149/6791/6281 5150/6792/6282
f 5148/6790/6153 5150/6792/6282 5151/6793/6283 5011/6640/6152
f 5151/6793/6283 5014/6643/6153 5012/6641/4972 5011/6640/6152
f 5151/6793/6283 5150/6792/6282 5152/6794/6284 5153/6795/6285
f 5151/6793/6283 5153/6795/6285 5154/6796/6286 5014/6643/6153
f 5154/6796/6286 5017/6646/6156 5015/6644/6154 5014/6643/6153
f 5154/6796/6286 5153/6795/6285 5155/6797/6287 5156/6798/6288
f 5154/6796/6286 5156/6798/6288 5157/6799/6289 5017/6646/6156
f 5157/6799/6289 5020/6649/6159 5018/6647/6157 5017/6646/6156
f 5157/6799/6289 5156/6798/6288 5158/6800/6290 5159/6801/6291
f 5157/6799/6289 5159/6801/6291 5160/6802/6292 5020/6649/6159
f 5160/6802/6292 5023/6652/6162 5021/6650/6160 5020/6649/6159
f 5160/6802/6293 5159/6801/6294 5161/6803/6295 5162/6804/6296
f 5160/6805/6293 5162/6806/6296 5025/6656/6166 5023/6655/6165
f 5162/6806/6296 5161/6807/6295 5163/6808/6297 5164/6809/6298
f 5162/6806/6296 5164/6809/6298 5027/6658/6168 5025/6656/6166
f 5164/6809/6298 5163/6808/6297 5165/6810/6299 5166/6811/6300
f 5164/6809/6298 5166/6811/6300 5033/6665/6175 5027/6658/6168
f 5166/6811/6300 5165/6810/6299 5167/6812/6301 5168/6813/6302
f 5166/6811/6300 5168/6813/6302 5034/6666/6176 5033/6665/6175
f 5168/6814/6303 5167/6815/6304 5169/6816/6305 5170/6817/6306
f 5168/6814/6303 5170/6817/6306 5035/6669/6179 5034/6668/6178
f 5170/6817/6307 5169/6816/6308 5171/6818/6309 5172/6819/6310
f 5170/6817/6307 5172/6819/6310 5037/6671/6182 5035/6669/6181
f 5172/6819/6310 5171/6818/6309 5173/6820/6311 5174/6821/6312
f 5172/6819/6310 5174/6821/6312 5039/6673/6184 5037/6671/6182
f 5174/6821/6312 5173/6820/6311 5175/6822/6313 5044/6678/6189
f 5174/6821/6312 5044/6678/6189 5041/6675/6186 5039/6673/6184
f 5175/6822/6313 5173/6820/6311 5176/6823/6314 5177/6824/6315
f 5175/6822/6313 5177/6824/6315 5178/6825/6316 5047/6681/6192
f 5175/6822/6313 5047/6681/6192 5045/6679/6190 5044/6678/6189
f 5178/6825/6316 5177/6824/6315 5179/6826/6317 5180/6827/6318
f 5178/6825/6316 5180/6827/6318 5181/6828/6319 5050/6684/5229
f 5178/6825/6316 5050/6684/5229 5048/6682/6193 5047/6681/6192
f 5181/6828/6319 5180/6827/6318 5182/6829/6320 5183/6830/6321
f 5181/6828/6319 5183/6830/6321 5184/6831/6322 5185/6832/6323
f 5181/6828/6319 5185/6832/6323 5051/6685/6194 5050/6684/5229
f 5185/6832/6323 5184/6831/6322 5186/6833/4484 5055/6689/6197
f 5185/6832/6323 5055/6689/6197 5052/6686/4741 5051/6685/6194
f 5186/6833/4484 5184/6831/6322 5187/6834/6324 5188/6835/6325
f 5186/6833/4484 5188/6835/6325 5189/6836/6326 5058/6692/6200
f 5186/6833/4484 5058/6692/6200 5056/6690/6198 5055/6689/6197
f 5189/6836/6326 5188/6835/6325 5190/6837/6327 5191/6838/6328
f 5189/6836/6326 5191/6838/6328 5192/6839/6329 5061/6695/6203
f 5189/6836/6326 5061/6695/6203 5059/6693/6201 5058/6692/6200
f 5192/6839/6329 5191/6838/6328 5193/6840/6330 5194/6841/6331
f 5192/6839/6329 5194/6841/6331 5195/6842/6332 5064/6698/6206
f 5192/6839/6329 5064/6698/6206 5062/6696/6204 5061/6695/6203
f 5195/6842/6332 5194/6841/6331 5196/6843/6333 5197/6844/6334
f 5195/6842/6332 5197/6844/6334 5198/6845/6335 5067/6701/6209
f 5195/6842/6332 5067/6701/6209 5065/6699/6207 5064/6698/6206
f 5198/6845/6335 5197/6844/6334 5199/6846/6336 5200/6847/6337
f 5198/6845/6335 5200/6847/6337 5201/6848/5731 5070/6704/6212
f 5198/6845/6335 5070/6704/6212 5068/6702/6210 5067/6701/6209
f 5201/6848/5731 5200/6847/6337 5202/6849/6338 5203/6850/6339
f 5201/6848/5731 5203/6850/6339 5204/6851/6340 5073/6707/5921
f 5201/6848/5731 5073/6707/5921 5071/6705/6213 5070/6704/6212
f 5204/6851/6340 5203/6850/6339 5205/6852/6341 5206/6853/6342
f 5204/6851/6340 5206/6853/6342 5207/6854/5922 5076/6710/5068
f 5204/6851/6340 5076/6710/5068 5074/6708/5054 5073/6707/5921
f 5207/6854/5922 5206/6853/6342 5208/6855/6343 5209/6856/4602
f 5207/6854/5922 5209/6856/4602 5210/6857/6344 5079/6713/6215
f 5207/6854/5922 5079/6713/6215 5077/6711/5068 5076/6710/5068
f 5210/6857/6344 5209/6856/4602 5211/6858/6345 5212/6859/6346
f 5210/6857/6344 5212/6859/6346 5213/6860/6347 5082/6716/6217
f 5210/6857/6344 5082/6716/6217 5080/6714/6216 5079/6713/6215
f 5213/6860/6347 5212/6859/6346 5214/6861/6348 5215/6862/6349
f 5213/6860/6347 5215/6862/6349 5216/6863/6350 5217/6864/6351
f 5213/6860/6347 5217/6864/6351 5083/6717/6218 5082/6716/6217
f 5217/6864/6351 5216/6863/6350 5091/6725/6226 5090/6724/6225
f 5217/6864/6351 5090/6724/6225 5084/6718/6219 5083/6717/6218
f 5216/6863/6350 5215/6862/6349 5218/6865/6352 5219/6866/6353
f 5216/6863/6350 5219/6866/6353 5093/6727/6228 5091/6725/6226
f 5219/6866/6353 5218/6865/6352 5220/6867/6354 5221/6868/6355
f 5219/6866/6353 5221/6868/6355 5095/6729/6230 5093/6727/6228
f 5221/6869/6356 5220/6870/6357 5222/6871/6358 5223/6872/6359
f 5221/6869/6356 5223/6872/6359 5097/6733/6234 5095/6732/6233
f 5223/6872/6359 5222/6871/6358 5224/6873/6360 5225/6874/6361
f 5223/6872/6359 5225/6874/6361 5099/6735/6236 5097/6733/6234
f 5225/6874/6361 5224/6873/6360 5107/6747/6249 5105/6743/6246
f 5225/6874/6361 5105/6743/6246 5101/6737/6238 5099/6735/6236
f 5224/6873/6360 5222/6871/6358 5226/6875/6362 5227/6876/6363
f 5224/6873/6360 5227/6876/6363 5228/6877/6364 5107/6747/6249
f 5228/6877/6364 5110/6751/6253 5108/6748/6250 5107/6747/6249
f 5228/6877/6364 5227/6876/6363 5229/6878/6365 5230/6879/6366
f 5228/6877/6364 5230/6879/6366 5231/6880/6367 5110/6751/6253
f 5231/6881/6368 5113/6755/6369 5111/6753/6254 5110/6882/6253
f 5231/6880/6367 5230/6879/6366 5232/6883/6370 5233/6884/6371
f 5231/6881/6368 5233/6885/6372 5234/6886/6373 5113/6755/6369
f 5234/6886/6374 5116/6758/6260 5114/6756/6258 5113/6755/6257
f 5234/6886/6373 5233/6885/6372 5235/6887/6375 5236/6888/6376
f 5234/6886/6374 5236/6888/6377 5237/6889/6378 5116/6758/6260
f 5237/6889/6378 5119/6761/6263 5117/6759/6261 5116/6758/6260
f 5237/6889/6378 5236/6888/6377 5238/6890/6379 5239/6891/6380
f 5237/6889/6378 5239/6891/6380 5240/6892/6381 5119/6761/6263
f 5240/6892/6381 5122/6764/6266 5120/6762/6264 5119/6761/6263
f 5240/6892/6381 5239/6891/6380 5241/6893/6382 5242/6894/6383
f 5240/6892/6381 5242/6894/6383 5243/6895/6384 5122/6764/6266
f 5243/6895/6384 5125/6767/6268 5123/6765/6267 5122/6764/6266
f 5243/6895/6384 5242/6894/6383 2978/4252/3974 2977/4251/3973
f 5243/6895/6384 2977/4251/3973 5244/6896/6385 5125/6767/6268
f 5244/6896/6385 5128/6770/6270 5126/6768/6269 5125/6767/6268
f 5244/6896/6385 2977/4251/3973 2976/4250/3972 5245/6897/6386
f 5244/6896/6385 5245/6897/6386 5246/6898/6387 5128/6770/6270
f 5246/6898/6387 5131/6773/6272 5129/6771/6271 5128/6770/6270
f 5246/6898/6387 5245/6897/6386 5247/6899/6388 5248/6900/6389
f 5246/6898/6387 5248/6900/6389 5249/6901/6390 5131/6773/6272
f 5249/6901/6390 5134/6776/6273 5132/6774/5446 5131/6773/6272
f 5249/6901/6390 5248/6900/6389 5250/6902/6391 5251/6903/6392
f 5249/6901/6390 5251/6903/6392 5252/6904/6393 5134/6776/6273
f 5252/6904/6393 5137/6779/5481 5135/6777/5448 5134/6776/6273
f 5252/6904/6393 5251/6903/6392 5253/6905/6394 5254/6906/6395
f 5252/6904/6393 5254/6906/6395 5255/6907/6278 5137/6779/5481
f 5255/6907/6278 5140/6782/6274 5138/6780/5299 5137/6779/5481
f 5255/6907/6278 5254/6906/6395 5256/6908/6396 5257/6909/6397
f 5255/6907/6278 5257/6909/6397 5258/6910/6398 5140/6782/6274
f 5258/6910/6398 5143/6785/6276 5141/6783/6275 5140/6782/6274
f 5258/6910/6398 5257/6909/6397 5259/6911/6399 5260/6912/2562
f 5258/6910/6398 5260/6912/2562 5261/6913/6400 5143/6785/6276
f 5261/6913/6400 5146/6788/6279 5144/6786/6277 5143/6785/6276
f 5261/6913/6400 5260/6912/2562 5262/6914/6401 5263/6915/6402
f 5261/6913/6400 5263/6915/6402 5264/6916/6403 5146/6788/6279
f 5264/6916/6403 5149/6791/6281 5147/6789/6280 5146/6788/6279
f 5264/6916/6403 5263/6915/6402 5265/6917/877 5266/6918/6404
f 5264/6916/6403 5266/6918/6404 5267/6919/6405 5149/6791/6281
f 5267/6919/6405 5152/6794/6284 5150/6792/6282 5149/6791/6281
f 5267/6919/6405 5266/6918/6404 5268/6920/6406 5269/6921/6407
f 5267/6919/6405 5269/6921/6407 5270/6922/6408 5152/6794/6284
f 5270/6922/6408 5155/6797/6287 5153/6795/6285 5152/6794/6284
f 5270/6922/6408 5269/6921/6407 5271/6923/6409 5272/6924/6410
f 5270/6922/6408 5272/6924/6410 5273/6925/6411 5155/6797/6287
f 5273/6925/6411 5158/6800/6290 5156/6798/6288 5155/6797/6287
f 5273/6925/6411 5272/6924/6410 5274/6926/6412 5275/6927/6413
f 5273/6925/6411 5275/6927/6413 5276/6928/6414 5158/6800/6290
f 5276/6928/6414 5161/6803/6295 5159/6801/6294 5158/6800/6290
f 5276/6929/6415 5275/6930/6416 5277/6931/6417 5278/6932/6418
f 5276/6929/6415 5278/6932/6418 5163/6808/6297 5161/6807/6295
f 5278/6932/6418 5277/6931/6417 5279/6933/6419 5280/6934/6420
f 5278/6932/6418 5280/6934/6420 5165/6810/6299 5163/6808/6297
f 5280/6934/6420 5279/6933/6419 5281/6935/6421 5282/6936/6422
f 5280/6934/6420 5282/6936/6422 5167/6812/6301 5165/6810/6299
f 5282/6936/6422 5281/6935/6421 5283/6937/6423 5284/6938/6424
f 5282/6936/6422 5284/6938/6424 5169/6939/6305 5167/6812/6304
f 5284/6940/6425 5283/6941/6426 5285/6942/6427 5286/6943/6428
f 5284/6940/6425 5286/6943/6428 5171/6818/6309 5169/6816/6308
f 5286/6943/6428 5285/6942/6427 5287/6944/6429 5176/6823/6314
f 5286/6943/6428 5176/6823/6314 5173/6820/6311 5171/6818/6309
f 5287/6944/6429 5285/6942/6427 5288/6945/6430 5289/6946/6431
f 5287/6944/6429 5289/6946/6431 5290/6947/6432 5179/6826/6317
f 5287/6944/6429 5179/6826/6317 5177/6824/6315 5176/6823/6314
f 5290/6947/6432 5289/6946/6431 5291/6948/6433 5292/6949/6434
f 5290/6947/6432 5292/6949/6434 5293/6950/6435 5182/6829/6320
f 5290/6947/6432 5182/6829/6320 5180/6827/6318 5179/6826/6317
f 5293/6950/6435 5292/6949/6434 5294/6951/6436 5295/6952/6437
f 5293/6950/6435 5295/6952/6437 5296/6953/6438 5297/6954/6439
f 5293/6950/6435 5297/6954/6439 5183/6830/6321 5182/6829/6320
f 5297/6954/6439 5296/6953/6438 5298/6955/5727 5187/6834/6324
f 5297/6954/6439 5187/6834/6324 5184/6831/6322 5183/6830/6321
f 5298/6955/5727 5296/6953/6438 5299/6956/6440 5300/6957/5071
f 5298/6955/5727 5300/6957/5071 5301/6958/5054 5190/6837/6327
f 5298/6955/5727 5190/6837/6327 5188/6835/6325 5187/6834/6324
f 5301/6958/5054 5300/6957/5071 5302/6959/6441 5303/6960/5564
f 5301/6958/5054 5303/6960/5564 5304/6961/6442 5193/6840/6330
f 5301/6958/5054 5193/6840/6330 5191/6838/6328 5190/6837/6327
f 5304/6961/6442 5303/6960/5564 5305/6962/4920 5306/6963/6443
f 5304/6961/6442 5306/6963/6443 5307/6964/5906 5196/6843/6333
f 5304/6961/6442 5196/6843/6333 5194/6841/6331 5193/6840/6330
f 5307/6964/5906 5306/6963/6443 5308/6965/6444 5309/6966/6445
f 5307/6964/5906 5309/6966/6445 5310/6967/6446 5199/6846/6336
f 5307/6964/5906 5199/6846/6336 5197/6844/6334 5196/6843/6333
f 5310/6967/6446 5309/6966/6445 5311/6968/6447 5312/6969/6448
f 5310/6967/6446 5312/6969/6448 5313/6970/6449 5202/6849/6338
f 5310/6967/6446 5202/6849/6338 5200/6847/6337 5199/6846/6336
f 5313/6970/6449 5312/6969/6448 5314/6971/6450 5315/6972/6451
f 5313/6970/6449 5315/6972/6451 5316/6973/6452 5205/6852/6341
f 5313/6970/6449 5205/6852/6341 5203/6850/6339 5202/6849/6338
f 5316/6973/6452 5315/6972/6451 5317/6974/6453 5318/6975/6454
f 5316/6973/6452 5318/6975/6454 5319/6976/6455 5208/6855/6343
f 5316/6973/6452 5208/6855/6343 5206/6853/6342 5205/6852/6341
f 5319/6976/6455 5318/6975/6454 5320/6977/6456 5321/6978/6457
f 5319/6976/6455 5321/6978/6457 5322/6979/6458 5211/6858/6345
f 5319/6976/6455 5211/6858/6345 5209/6856/4602 5208/6855/6343
f 5322/6979/6458 5321/6978/6457 5323/6980/6459 5324/6981/6460
f 5322/6979/6458 5324/6981/6460 5325/6982/6461 5214/6861/6348
f 5322/6979/6458 5214/6861/6348 5212/6859/6346 5211/6858/6345
f 5325/6982/6461 5324/6981/6460 5326/6983/6462 5327/6984/6463
f 5325/6982/6461 5327/6984/6463 5220/6867/6354 5218/6865/6352
f 5325/6982/6461 5218/6865/6352 5215/6862/6349 5214/6861/6348
f 5327/6984/6464 5326/6983/6465 5328/6985/6466 5226/6986/6467
f 5327/6984/6464 5226/6986/6467 5222/6987/6358 5220/6867/6357
f 5328/6988/6466 5326/6989/6465 5329/6990/6468 5330/6991/6469
f 5328/6988/6470 5330/6991/6469 5331/6992/6471 5229/6878/6365
f 5328/6988/6470 5229/6878/6365 5227/6876/6363 5226/6875/6362
f 5331/6992/6471 5232/6883/6370 5230/6879/6366 5229/6878/6365
f 5331/6992/6471 5330/6991/6469 5332/6993/6472 5333/6994/6473
f 5331/6992/6471 5333/6994/6473 5334/6995/6474 5232/6883/6370
f 5334/6995/6474 5235/6996/6375 5233/6884/6371 5232/6883/6370
f 5334/6995/6474 5333/6994/6473 5335/6997/6475 5336/6998/6476
f 5334/6995/6474 5336/6998/6476 5337/6999/6477 5235/6996/6375
f 5337/6999/6477 5238/7000/6478 5236/7001/6376 5235/6996/6375
f 5337/6999/6477 5336/6998/6476 5338/7002/6479 5339/7003/6480
f 5337/6999/6477 5339/7003/6480 5340/7004/6481 5238/7000/6478
f 5340/7005/6482 5241/6893/6382 5239/6891/6380 5238/6890/6379
f 5340/7004/6481 5339/7003/6480 5341/7006/6483 5342/7007/6484
f 5340/7005/6482 5342/7008/6485 2979/4253/3975 5241/6893/6382
f 5342/7007/6484 5341/7006/6483 2992/4273/3995 2991/4272/3994
f 5342/7008/6485 2991/4280/4002 2980/4254/3976 2979/4253/3975
f 5341/7006/6483 5339/7003/6480 5338/7002/6479 5343/7009/6486
f 5341/7006/6483 5343/7009/6486 5344/7010/6487 2992/4273/3995
f 5344/7010/6487 5343/7009/6486 5345/7011/6488 5346/7012/6489
f 5344/7010/6487 5346/7012/6489 5347/7013/6490 5348/7014/6491
f 5344/7010/6487 5348/7014/6491 2993/4274/3996 2992/4273/3995
f 5348/7015/6492 5347/7016/6493 5349/7017/6494 5350/7018/6495
f 5348/7015/6492 5350/7018/6495 2994/4277/3999 2993/4276/3998
f 5350/7019/6496 5351/7020/6497 5352/7021/6498 2994/7022/6499
f 5350/7019/6496 5349/7023/6500 5353/7024/6501 5351/7020/6497
f 5353/7024/6501 5354/7025/6502 5355/7026/6503 5351/7020/6497
f 5353/7024/6501 5349/7023/6500 5356/7027/6504 5357/7028/6505
f 5353/7024/6501 5357/7028/6505 5358/7029/6506 5354/7025/6502
f 5358/7029/6506 5359/7030/6507 5360/7031/6508 5354/7025/6502
f 5358/7029/6506 5357/7028/6505 5361/7032/6509 2942/4203/6510
f 5358/7029/6506 2942/4203/3930 2941/4202/3929 5359/7030/6507
f 5361/7032/6509 5357/7028/6505 5356/7027/6504 2987/7033/6511
f 5361/7032/6509 2987/7033/6511 2986/7034/6512 5362/7035/6513
f 5361/7032/6509 5362/7035/6513 2943/4204/6514 2942/4203/6510
f 5362/7035/6513 2986/7034/6512 2989/7036/6515 5363/7037/6516
f 5362/7035/6513 5363/7037/6516 2947/4209/3936 2943/4204/6514
f 5363/7037/6516 2989/7036/6515 3002/7038/6517 5364/7039/6518
f 5363/7037/6516 5364/7039/6518 5365/7040/6519 2947/4209/3936
f 5365/7040/6519 2973/7041/6520 2944/4210/3937 2947/4209/3936
f 5365/7040/6519 5364/7039/6518 5366/7042/6521 5367/7043/6522
f 5365/7040/6519 5367/7043/6522 2970/7044/6523 2973/7041/6523
f 5367/7045/6524 5368/7046/6525 2971/7047/6526 2970/7048/6527
f 5367/7045/6524 5366/7049/6528 5369/7050/6529 5368/7046/6525
f 5369/7051/6529 5370/7052/6530 5371/7053/6531 5368/7054/6525
f 5369/7050/6529 5366/7049/6528 3001/7055/6532 3000/7056/6533
f 5369/7051/6529 3000/7057/6533 2990/7058/6534 5370/7052/6530
f 5371/7059/6531 5372/7060/6535 5373/7061/6536 5374/7062/6537
f 5371/7059/6531 5374/7062/6537 2971/7063/6526 5368/7064/6525
f 5371/7053/6531 5370/7052/6530 2964/4239/3962 5372/7065/6538
f 5374/7062/6537 5373/7061/6536 2946/4208/3935 2945/4207/6539
f 5374/7062/6537 2945/4207/6539 2972/7066/6540 2971/7063/6526
f 5373/7067/6536 5375/7068/6541 2948/4213/3938 2946/4212/3935
f 5373/7061/6536 5372/7060/6535 5376/7069/6542 5375/7070/6541
f 5376/7071/6543 5377/7072/6544 5378/7073/6545 5375/7068/6541
f 5376/7074/6546 5372/7065/6538 2964/4239/3962 2963/4238/3961
f 5376/7071/6543 2963/4236/3959 2962/4235/3958 5377/7072/6544
f 5378/7073/6545 2924/4183/3910 2923/4182/3909 5379/7075/6547
f 5378/7073/6545 5379/7075/6547 2948/4213/3938 5375/7068/6541
f 5378/7073/6545 5377/7072/6544 5380/7076/6548 2924/4183/3910
f 5380/7076/6548 5381/7077/6549 2925/4184/3911 2924/4183/3910
f 5380/7076/6548 5377/7072/6544 2962/4235/3958 5382/7078/6550
f 5380/7076/6548 5382/7078/6550 5383/7079/6551 5381/7077/6549
f 5383/7079/6551 5384/7080/5761 5385/7081/6552 5381/7077/6549
f 5383/7079/6551 5382/7078/6550 5386/7082/6553 5387/7083/6554
f 5383/7079/6551 5387/7083/6554 5308/6965/6444 5384/7080/5761
f 5387/7083/6554 5386/7082/6553 5388/7084/6555 5311/6968/6447
f 5387/7083/6554 5311/6968/6447 5309/6966/6445 5308/6965/6444
f 5388/7084/6555 5386/7082/6553 2961/4234/3957 2967/4242/3965
f 5388/7084/6555 2967/4242/3965 5389/7085/6556 5314/6971/6450
f 5388/7084/6555 5314/6971/6450 5312/6969/6448 5311/6968/6447
f 5389/7085/6556 2967/4242/3965 2966/4241/3964 5390/7086/6557
f 5389/7085/6556 5390/7086/6557 5391/7087/6558 5317/6974/6453
f 5389/7085/6556 5317/6974/6453 5315/6972/6451 5314/6971/6450
f 5391/7087/6558 5390/7086/6557 5392/7088/6559 5393/7089/6560
f 5391/7087/6558 5393/7089/6560 5394/7090/6561 5320/6977/6456
f 5391/7087/6558 5320/6977/6456 5318/6975/6454 5317/6974/6453
f 5394/7090/6561 5393/7089/6560 5395/7091/6562 5396/7092/6563
f 5394/7090/6561 5396/7092/6563 5329/7093/6564 5323/6980/6459
f 5394/7090/6561 5323/6980/6459 5321/6978/6457 5320/6977/6456
f 5396/7092/6565 5395/7091/6566 5397/7094/6567 5332/7095/6472
f 5396/7096/6565 5332/6993/6472 5330/6991/6469 5329/6990/6468
f 5397/7094/6567 5395/7091/6566 5398/7097/6568 5399/7098/6569
f 5397/7099/6567 5399/7100/6569 5400/7101/6570 5335/6997/6475
f 5397/7099/6567 5335/6997/6475 5333/6994/6473 5332/6993/6472
f 5400/7101/6570 5338/7002/6479 5336/6998/6476 5335/6997/6475
f 5400/7101/6570 5399/7100/6569 5401/7102/6571 5345/7011/6488
f 5400/7101/6570 5345/7011/6488 5343/7009/6486 5338/7002/6479
f 5401/7102/6571 5402/7103/6572 2985/7104/3984 5403/7105/6573
f 5401/7102/6571 5403/7105/6573 5346/7012/6489 5345/7011/6488
f 5401/7102/6571 5399/7100/6569 5398/7106/6568 5402/7103/6572
f 5403/7105/6573 2985/7104/3984 2984/7107/3983 5404/7108/6574
f 5403/7105/6573 5404/7108/6574 5347/7013/6490 5346/7012/6489
f 5404/7109/6575 5356/7110/6576 5349/7017/6494 5347/7016/6493
f 5404/7109/6575 2984/4262/3983 2987/4266/3987 5356/7110/6576
f 5402/7111/6577 2969/4246/3968 2968/4245/3967 2985/7112/6578
f 5402/7111/6577 5398/7097/6579 5392/7088/6559 2969/4246/3968
f 5398/7097/6579 5395/7091/6562 5393/7089/6560 5392/7088/6559
f 5392/7088/6559 5390/7086/6557 2966/4241/3964 2969/4246/3968
f 5386/7082/6553 5382/7078/6550 2962/4235/3958 2961/4234/3957
f 5385/7081/6552 5405/7113/6580 5406/7114/6581 2932/4191/3918
f 5385/7081/6552 2932/4191/3918 2925/4184/3911 5381/7077/6549
f 5385/7081/6552 5384/7080/5761 5305/6962/4920 5405/7113/6580
f 5406/7114/6581 5407/7115/6582 5408/7116/6583 5409/7117/6584
f 5406/7114/6581 5409/7117/6584 2928/4187/3914 2932/4191/3918
f 5406/7114/6581 5405/7113/6580 5302/6959/6441 5407/7115/6582
f 5409/7117/6584 5408/7116/6583 5410/7118/6585 5411/7119/6586
f 5409/7117/6584 5411/7119/6586 2929/4188/3915 2928/4187/3914
f 5411/7119/6586 5410/7118/6585 5412/7120/6587 5413/7121/6588
f 5411/7119/6586 5413/7121/6588 5414/7122/6589 2929/4188/3915
f 5414/7122/6589 5413/7121/6588 5415/7123/6590 5416/7124/6591
f 5414/7122/6589 5416/7124/6591 5417/7125/6592 5418/7126/6593
f 5414/7122/6589 5418/7126/6593 2930/4189/3916 2929/4188/3915
f 5418/7126/6593 5417/7125/6592 2920/4178/3905 2922/4180/3907
f 5418/7126/6593 2922/4180/3907 2931/4190/3917 2930/4189/3916
f 5417/7125/6592 5416/7124/6594 5419/7127/6595 5420/7128/6596
f 5417/7125/6592 5420/7128/6596 2921/4179/3906 2920/4178/3905
f 5420/7129/6597 5419/7130/6598 5421/7131/6599 5422/7132/6600
f 5420/7129/6597 5422/7132/6600 5423/7133/6601 2921/7134/6602
f 5423/7133/6601 5422/7132/6600 5424/7135/6603 5425/7136/6604
f 5423/7137/6601 5425/7138/6604 5426/7139/6605 5427/7140/6606
f 5423/7137/6601 5427/7140/6606 2917/7141/6607 2921/7142/6602
f 5427/7140/6606 5426/7139/6605 5428/7143/6608 5429/7144/6609
f 5427/7140/6606 5429/7144/6609 2918/7145/3903 2917/7141/6607
f 5429/7144/6609 5428/7143/6608 5430/7146/6610 5431/7147/6611
f 5429/7144/6609 5431/7147/6611 5432/7148/6612 2918/7145/3903
f 5432/7148/6612 5431/7147/6611 5433/7149/6613 5434/7150/6614
f 5432/7151/6612 5434/7152/6614 5435/7153/6615 5436/7154/6616
f 5432/7151/6612 5436/7154/6616 2919/4177/3904 2918/4176/3903
f 5436/7154/6616 5435/7153/6615 2926/4185/3912 2931/4190/3917
f 5436/7154/6616 2931/4190/3917 2922/4180/3907 2919/4177/3904
f 5435/7153/6615 5434/7152/6614 5437/7155/6617 5438/7156/6618
f 5435/7153/6615 5438/7156/6618 2927/4186/3913 2926/4185/3912
f 5438/7156/6618 5437/7155/6617 5439/7157/6619 5440/7158/6620
f 5438/7156/6618 5440/7158/6620 5441/7159/6621 2927/4186/3913
f 5441/7159/6621 5440/7158/6620 2940/7160/3928 2939/4214/3927
f 5441/7159/6621 2939/4214/3927 2948/4213/3938 5379/7075/6547
f 5441/7159/6621 5379/7075/6547 2923/4182/3909 2927/4186/3913
f 5440/7161/6620 5439/7162/6619 5442/7163/6622 2940/4201/3928
f 5442/7163/6622 5439/7162/6619 5443/7164/6623 5444/7165/6624
f 5442/7163/6622 5444/7165/6624 5360/7031/6508 5359/7030/6507
f 5442/7163/6622 5359/7030/6507 2941/4202/3929 2940/4201/3928
f 5444/7165/6624 5443/7164/6623 5445/7166/6625 5446/7167/6626
f 5444/7165/6624 5446/7167/6626 5447/7168/6627 5360/7031/6508
f 5447/7168/6627 5446/7167/6626 2952/4220/3944 2955/4224/3948
f 5447/7168/6627 2955/4224/3948 5448/7169/6628 5355/7026/6503
f 5447/7168/6627 5355/7026/6503 5354/7025/6502 5360/7031/6508
f 5448/7169/6628 2955/4224/3948 2954/4223/3947 5449/7170/6629
f 5448/7169/6628 5449/7170/6630 5450/7171/6631 5352/7021/6498
f 5448/7169/6628 5352/7021/6498 5351/7020/6497 5355/7026/6503
f 5450/7171/6631 5449/7170/6630 5451/7172/6632 5452/7173/6633
f 5450/7171/6631 5452/7173/6633 2998/7174/6634 2995/7175/6635
f 5450/7171/6631 2995/7175/6635 2994/7022/6499 5352/7021/6498
f 5452/7173/6633 5451/7172/6632 5453/7176/6636 5454/7177/6637
f 5452/7173/6633 5454/7177/6637 5455/7178/6638 2998/7174/6634
f 5455/7178/6638 5454/7177/6637 5456/7179/6639 5457/7180/6640
f 5455/7181/6641 5457/7182/6642 5458/7183/6643 5459/7184/6644
f 5455/7181/6641 5459/7184/6644 2996/4281/4004 2998/4284/4006
f 5459/7184/6644 5458/7183/6643 5460/7185/6645 5461/7186/6646
f 5459/7184/6644 5461/7186/6646 2997/4282/4005 2996/4281/4004
f 5461/7186/6647 5460/7185/6648 5462/7187/6649 5463/7188/6650
f 5461/7186/6647 5463/7188/6650 5464/7189/6651 2997/4282/6652
f 5464/7190/6653 5463/7191/6654 5465/7192/6655 5466/7193/6656
f 5464/7190/6653 5466/7193/6656 2983/4259/3980 2982/4258/3979
f 5464/7189/6651 2982/7194/6657 2981/4283/6657 2997/4282/6652
f 5466/7193/6656 5465/7192/6655 5467/7195/6658 2958/7196/6659
f 5466/7193/6656 2958/7196/6659 2957/7197/6660 2983/4259/3980
f 5467/7195/6658 5465/7192/6655 5468/7198/6661 5469/7199/6662
f 5467/7200/6663 5469/7201/6664 5470/7202/6665 5471/7203/6666
f 5467/7200/6663 5471/7203/6666 2959/4230/3953 2958/4229/3952
f 5471/7203/6666 5470/7202/6665 5472/7204/6667 5473/7205/6668
f 5471/7203/6666 5473/7205/6668 2960/7206/3955 2959/4230/3954
f 5473/7207/6669 5472/7208/6670 5474/7209/6671 5453/7176/6636
f 5473/7207/6669 5453/7176/6636 5451/7172/6632 2960/4232/6672
f 5474/7209/6671 5472/7208/6670 5475/7210/6673 5476/7211/6674
f 5474/7209/6671 5476/7211/6674 5477/7212/6675 5456/7179/6639
f 5474/7209/6671 5456/7179/6639 5454/7177/6637 5453/7176/6636
f 5477/7212/6675 5476/7211/6674 3005/4288/4010 3007/4287/4009
f 5477/7212/6675 3007/4287/4009 5478/7213/6676 5479/7214/6677
f 5477/7212/6675 5479/7214/6677 5457/7180/6640 5456/7179/6639
f 5479/7215/6678 5478/7216/6679 5480/7217/6680 5481/7218/6681
f 5479/7215/6678 5481/7218/6681 5458/7183/6643 5457/7182/6642
f 5481/7218/6681 5480/7217/6680 5482/7219/6682 5483/7220/6683
f 5481/7218/6681 5483/7220/6683 5460/7185/6645 5458/7183/6643
f 5483/7220/6684 5482/7219/6682 5484/7221/6685 5485/7222/6686
f 5483/7220/6684 5485/7222/6686 5462/7187/6649 5460/7185/6648
f 5485/7223/6687 5484/7224/6688 5486/7225/6689 5487/7226/6690
f 5485/7223/6687 5487/7226/6690 5468/7198/6661 5462/7227/6691
f 5487/7226/6690 5486/7225/6689 3008/7228/6692 5488/7229/6693
f 5487/7226/6690 5488/7229/6693 5469/7199/6662 5468/7198/6661
f 5488/7230/6694 3008/4291/4013 3004/4290/4012 5489/7231/6695
f 5488/7230/6694 5489/7231/6695 5470/7202/6665 5469/7201/6664
f 5489/7231/6695 3004/4290/4012 3003/7232/6696 5475/7233/6697
f 5489/7231/6695 5475/7233/6697 5472/7204/6667 5470/7202/6665
f 5486/7225/6689 5484/7224/6688 3011/4304/6698 3014/4303/6699
f 5486/7234/6689 3014/7235/6699 3009/4292/6700 3008/4291/6692
f 5484/7221/6685 5482/7219/6682 3012/4299/4017 3011/4298/4016
f 5482/7219/6682 5480/7217/6680 3016/4309/4024 3012/4299/4017
f 5480/7217/6680 5478/7216/6679 3017/4315/4029 3016/4309/4024
f 5478/7213/6676 3007/4287/4009 3006/4286/4008 3017/4312/4027
f 5476/7211/6674 5475/7210/6673 3003/7236/6701 3005/4288/4010
f 5468/7198/6661 5465/7192/6655 5463/7191/6654 5462/7227/6691
f 5451/7172/6632 5449/7170/6629 2954/4223/3947 2960/4232/6672
f 5446/7167/6626 5445/7166/6625 2953/4221/3945 2952/4220/3944
f 5445/7166/6625 5490/7237/6702 5491/7238/6703 2953/4221/3945
f 5445/7166/6625 5443/7164/6623 5492/7239/6704 5490/7237/6702
f 5492/7239/6704 5433/7149/6613 5493/7240/6705 5490/7237/6702
f 5492/7239/6704 5443/7164/6623 5439/7162/6619 5437/7241/6617
f 5492/7239/6704 5437/7241/6617 5434/7150/6614 5433/7149/6613
f 5493/7240/6705 5430/7146/6610 5494/7242/6706 5495/7243/6707
f 5493/7240/6705 5495/7243/6707 5491/7238/6703 5490/7237/6702
f 5493/7240/6705 5433/7149/6613 5431/7147/6611 5430/7146/6610
f 5495/7243/6707 5494/7242/6706 5496/7244/6708 5497/7245/6709
f 5495/7243/6707 5497/7245/6709 5498/7246/6710 5491/7238/6703
f 5498/7247/6710 5497/7248/6709 5499/7249/6711 5500/7250/6712
f 5498/7247/6710 5500/7250/6712 2950/4217/3941 2949/4216/3940
f 5498/7246/6710 2949/4222/3940 2953/4221/3945 5491/7238/6703
f 5500/7250/6712 5499/7249/6711 5501/7251/6713 5502/7252/6714
f 5500/7250/6712 5502/7252/6714 5503/7253/6715 2950/4217/3941
f 5503/7253/6715 5504/7254/6716 5505/7255/6717 5506/7256/6718
f 5503/7253/6715 5506/7256/6718 2951/4218/3942 2950/4217/3941
f 5503/7253/6715 5502/7252/6714 5507/7257/6719 5504/7254/6716
f 5507/7257/6719 5508/7258/6720 5509/7259/6721 5504/7254/6716
f 5507/7257/6719 5502/7252/6714 5501/7251/6713 5510/7260/6722
f 5507/7257/6719 5510/7260/6722 5511/7261/6723 5508/7258/6720
f 5511/7261/6723 5512/7262/6724 5513/7263/6725 5508/7258/6720
f 5511/7261/6723 5510/7260/6722 2937/4197/3924 5514/7264/6726
f 5511/7261/6723 5514/7264/6726 5515/7265/6727 5512/7262/6724
f 5515/7265/6727 5516/7266/6728 5517/7267/6729 5512/7262/6724
f 5515/7265/6727 5514/7264/6726 5518/7268/6730 5519/7269/6731
f 5515/7265/6727 5519/7269/6731 5520/7270/6732 5516/7266/6728
f 5520/7270/6732 5521/7271/6733 5522/7272/6734 5516/7266/6728
f 5520/7270/6732 5519/7269/6731 5523/7273/6735 5524/7274/6736
f 5520/7270/6732 5524/7274/6736 5525/7275/6737 5521/7271/6733
f 5525/7275/6737 5526/7276/6738 5527/7277/6739 5521/7271/6733
f 5525/7278/6740 5524/7279/6741 5528/7280/6742 5529/7281/6743
f 5525/7278/6740 5529/7281/6743 5530/7282/6744 5526/7283/6745
f 5530/7282/6744 5531/7284/6746 5532/7285/6747 5526/7283/6745
f 5530/7282/6744 5529/7281/6743 5533/7286/6748 5534/7287/6749
f 5530/7282/6744 5534/7287/6749 5535/7288/6750 5531/7284/6746
f 5535/7288/6750 5536/7289/6751 5537/7290/6752 5531/7284/6746
f 5535/7288/6750 5534/7287/6749 5538/7291/6753 5539/7292/6754
f 5535/7288/6750 5539/7292/6754 5540/7293/6755 5536/7289/6751
f 5540/7293/6755 5541/7294/6756 5542/7295/6757 5536/7289/6751
f 5540/7293/6755 5539/7292/6754 5543/7296/6758 5544/7297/6759
f 5540/7293/6755 5544/7297/6759 5545/7298/6760 5541/7294/6756
f 5545/7298/6760 5546/7299/6761 5547/7300/6762 5541/7294/6756
f 5545/7298/6760 5544/7297/6759 5548/7301/6763 5549/7302/6764
f 5545/7298/6760 5549/7302/6764 5550/7303/6765 5546/7299/6761
f 5550/7303/6765 5283/6937/6423 5281/6935/6421 5546/7299/6761
f 5550/7304/6766 5549/7305/6767 5551/7306/6768 5288/6945/6430
f 5550/7304/6766 5288/6945/6430 5285/6942/6427 5283/6941/6426
f 5551/7306/6768 5549/7305/6767 5548/7307/6769 5552/7308/6770
f 5551/7306/6768 5552/7308/6770 5553/7309/6771 5291/6948/6433
f 5551/7306/6768 5291/6948/6433 5289/6946/6431 5288/6945/6430
f 5553/7309/6771 5552/7308/6770 5554/7310/6772 5555/7311/6773
f 5553/7309/6771 5555/7311/6773 5556/7312/6774 5294/6951/6436
f 5553/7309/6771 5294/6951/6436 5292/6949/6434 5291/6948/6433
f 5556/7312/6774 5555/7311/6773 5412/7120/6587 5410/7118/6585
f 5556/7312/6774 5410/7118/6585 5408/7116/6583 5557/7313/6775
f 5556/7312/6774 5557/7313/6775 5295/6952/6437 5294/6951/6436
f 5557/7313/6775 5408/7116/6583 5407/7115/6582 5299/6956/6440
f 5557/7313/6775 5299/6956/6440 5296/6953/6438 5295/6952/6437
f 5555/7311/6773 5554/7310/6772 5558/7314/6776 5412/7120/6587
f 5558/7314/6776 5554/7310/6772 5559/7315/6777 5560/7316/6778
f 5558/7314/6776 5560/7316/6778 5561/7317/6779 5415/7123/6590
f 5558/7314/6776 5415/7123/6590 5413/7121/6588 5412/7120/6587
f 5561/7318/6780 5560/7319/6781 5562/7320/6782 5563/7321/6783
f 5561/7318/6780 5563/7321/6783 5421/7131/6599 5419/7130/6598
f 5561/7317/6779 5419/7127/6595 5416/7124/6594 5415/7123/6590
f 5563/7321/6783 5562/7320/6782 5538/7291/6753 5564/7322/6784
f 5563/7321/6783 5564/7322/6784 5565/7323/6785 5421/7131/6599
f 5565/7323/6785 5564/7322/6784 5533/7286/6748 5566/7324/6786
f 5565/7323/6785 5566/7324/6786 5567/7325/6787 5424/7135/6603
f 5565/7323/6785 5424/7135/6603 5422/7132/6600 5421/7131/6599
f 5567/7325/6787 5566/7324/6786 5528/7280/6742 5568/7326/6788
f 5567/7325/6787 5568/7326/6788 5569/7327/6789 5570/7328/6790
f 5567/7325/6787 5570/7328/6790 5425/7136/6604 5424/7135/6603
f 5570/7328/6790 5569/7327/6789 5571/7329/6791 5572/7330/6792
f 5570/7328/6790 5572/7330/6792 5426/7331/6605 5425/7136/6604
f 5572/7332/6792 5571/7333/6791 5573/7334/6793 5574/7335/6794
f 5572/7332/6792 5574/7335/6794 5428/7143/6608 5426/7139/6605
f 5574/7335/6794 5573/7334/6793 5496/7244/6708 5494/7242/6706
f 5574/7335/6794 5494/7242/6706 5430/7146/6610 5428/7143/6608
f 5573/7334/6793 5571/7333/6791 2938/7336/6795 2935/7337/6796
f 5573/7334/6793 2935/7337/6797 2934/7338/6798 5496/7244/6708
f 5571/7329/6791 5569/7327/6789 5575/7339/6799 2938/7340/6795
f 5575/7341/6800 5523/7273/6735 5519/7269/6731 5518/7268/6730
f 5575/7341/6800 5518/7268/6730 2936/4196/3923 2938/4198/3925
f 5575/7339/6799 5569/7327/6789 5568/7326/6788 5523/7342/6801
f 5568/7326/6788 5528/7280/6742 5524/7279/6741 5523/7342/6801
f 5566/7324/6786 5533/7286/6748 5529/7281/6743 5528/7280/6742
f 5564/7322/6784 5538/7291/6753 5534/7287/6749 5533/7286/6748
f 5562/7320/6782 5543/7296/6758 5539/7292/6754 5538/7291/6753
f 5562/7320/6782 5560/7319/6781 5559/7343/6802 5543/7296/6758
f 5559/7343/6802 5548/7301/6763 5544/7297/6759 5543/7296/6758
f 5559/7315/6777 5554/7310/6772 5552/7308/6770 5548/7307/6769
f 5547/7300/6762 5279/6933/6419 5277/6931/6417 5576/7344/6803
f 5547/7300/6762 5576/7344/6803 5542/7295/6757 5541/7294/6756
f 5547/7300/6762 5546/7299/6761 5281/6935/6421 5279/6933/6419
f 5576/7344/6803 5277/6931/6417 5275/6930/6416 5274/7345/6804
f 5576/7344/6803 5274/7345/6804 5577/7346/6805 5542/7295/6757
f 5577/7347/6805 5274/6926/6412 5272/6924/6410 5271/6923/6806
f 5577/7347/6805 5271/6923/6806 5578/7348/6807 5537/7349/6752
f 5577/7346/6805 5537/7290/6752 5536/7289/6751 5542/7295/6757
f 5578/7348/6808 5271/6923/6409 5269/6921/6407 5268/6920/6406
f 5578/7348/6808 5268/6920/6406 5579/7350/6809 5532/7351/6810
f 5578/7352/6807 5532/7285/6747 5531/7284/6746 5537/7290/6752
f 5579/7350/6809 5268/6920/6406 5266/6918/6404 5265/6917/877
f 5579/7350/6809 5265/6917/877 5580/7353/6811 5527/7277/6739
f 5579/7350/6809 5527/7277/6739 5526/7276/6738 5532/7351/6810
f 5580/7353/6811 5265/6917/877 5263/6915/6402 5262/6914/6401
f 5580/7353/6811 5262/6914/6401 5581/7354/6812 5522/7272/6734
f 5580/7353/6811 5522/7272/6734 5521/7271/6733 5527/7277/6739
f 5581/7354/6812 5262/6914/6401 5260/6912/2562 5259/6911/6399
f 5581/7354/6812 5259/6911/6399 5582/7355/6813 5517/7267/6729
f 5581/7354/6812 5517/7267/6729 5516/7266/6728 5522/7272/6734
f 5582/7355/6813 5259/6911/6399 5257/6909/6397 5256/6908/6396
f 5582/7355/6813 5256/6908/6396 5583/7356/6814 5513/7263/6725
f 5582/7355/6813 5513/7263/6725 5512/7262/6724 5517/7267/6729
f 5583/7356/6814 5256/6908/6396 5254/6906/6395 5253/6905/6394
f 5583/7356/6814 5253/6905/6394 5584/7357/6815 5509/7259/6721
f 5583/7356/6814 5509/7259/6721 5508/7258/6720 5513/7263/6725
f 5584/7357/6815 5253/6905/6394 5251/6903/6392 5250/6902/6391
f 5584/7357/6815 5250/6902/6391 5585/7358/6816 5505/7255/6717
f 5584/7357/6815 5505/7255/6717 5504/7254/6716 5509/7259/6721
f 5585/7358/6816 5250/6902/6391 5248/6900/6389 5247/6899/6388
f 5585/7358/6816 5247/6899/6388 2975/4249/3971 5586/7359/6817
f 5585/7358/6816 5586/7359/6817 5506/7256/6718 5505/7255/6717
f 5586/7359/6817 2975/4249/3971 2974/4248/3970 2956/4225/3949
f 5586/7359/6817 2956/4225/3949 2951/4218/3942 5506/7256/6718
f 5518/7268/6730 5514/7264/6726 2937/4197/3924 2936/4196/3923
f 5510/7260/6722 5501/7251/6713 2933/4193/3920 2937/4197/3924
f 5501/7251/6713 5499/7249/6711 2934/4194/3921 2933/4193/3920
f 5499/7360/6711 5497/7245/6709 5496/7244/6708 2934/7338/6798
f 5407/7115/6582 5302/6959/6441 5300/6957/5071 5299/6956/6440
f 5405/7113/6580 5305/6962/4920 5303/6960/5564 5302/6959/6441
f 5384/7080/5761 5308/6965/6444 5306/6963/6443 5305/6962/4920
f 5370/7052/6530 2990/7058/6534 2965/4240/3963 2964/4239/3962
f 5366/7049/6521 5364/7361/6518 3002/7362/6818 3001/7055/6818
f 5329/7093/6564 5326/6983/6462 5324/6981/6460 5323/6980/6459
f 5247/6899/6388 5245/6897/6386 2976/4250/3972 2975/4249/3971
f 5242/6894/6383 5241/6893/6382 2979/4253/3975 2978/4252/3974
f 5033/6665/6175 5030/6661/6171 5028/6659/6169 5027/6658/6168
f 4963/6592/6116 4698/6259/5809 4696/6257/5807 3048/4363/4075
f 4844/6411/5938 4842/6409/5936 4832/6399/5926 4831/6398/5925
f 4842/6409/5936 4837/6404/5931 4834/6401/5928 4832/6399/5926
f 4771/6335/5876 4768/6332/5873 4766/6330/5871 4765/6329/5870
f 4696/6257/5807 4694/6255/5805 3049/4364/4076 3048/4363/4075
f 4694/6255/5805 3058/4380/4092 3050/4365/4077 3049/4364/4076
f 4691/6252/5802 3085/4426/4134 3089/4430/4138 3063/4385/4097
f 4687/6248/5798 4685/6246/5796 3090/4431/4139 3087/4428/4136
f 4667/6222/5775 4665/6220/5773 3103/4454/4164 3105/4456/4166
f 4665/6220/5773 4663/6218/5771 3104/4455/4165 3103/4454/4164
f 4387/5925/5521 4164/5679/5328 4157/5672/5321 5587/7363/4971
f 4387/5925/5521 5587/7363/4971 4382/5920/5516 4381/5919/5515
f 4387/5925/5521 4386/5924/5520 4165/5680/5329 4164/5679/5328
f 5587/7363/4971 4157/5672/5321 4155/5670/5319 4154/5669/4974
f 5587/7363/4971 4154/5669/4974 5588/7364/6819 4382/5920/5516
f 5588/7364/6819 4154/5669/4974 4152/5667/5317 4151/5666/5316
f 5588/7364/6819 4151/5666/5316 5589/7365/6820 4377/5915/5514
f 5588/7364/6819 4377/5915/5514 4376/5914/5513 4382/5920/5516
f 5589/7365/6820 4151/5666/5316 4149/5664/5314 4148/5663/5313
f 5589/7365/6820 4148/5663/5313 5590/7366/6821 4372/5910/5509
f 5589/7365/6820 4372/5910/5509 4371/5909/5508 4377/5915/5514
f 5590/7366/6821 4148/5663/5313 4146/5661/5311 4145/5660/5310
f 5590/7366/6821 4145/5660/5310 5591/7367/6822 4367/5905/5504
f 5590/7366/6821 4367/5905/5504 4366/5904/5503 4372/5910/5509
f 5591/7367/6822 4145/5660/5310 4143/5658/5306 4142/5657/5305
f 5591/7367/6822 4142/5657/5305 5592/7368/6823 4362/5900/5499
f 5591/7367/6822 4362/5900/5499 4361/5899/5498 4367/5905/5504
f 5592/7368/6823 4142/5657/5305 4140/5655/5302 4139/5654/4816
f 5592/7368/6823 4139/5654/4816 5593/7369/4816 4357/5895/5494
f 5592/7368/6823 4357/5895/5494 4356/5894/5493 4362/5900/5499
f 5593/7369/4816 4139/5654/4816 4137/5652/4816 4136/5651/4816
f 5593/7369/4816 4136/5651/4816 5594/7370/5299 4352/5890/5299
f 5593/7369/4816 4352/5890/5299 4351/5889/5489 4357/5895/5494
f 5594/7370/5299 4136/5651/4816 4134/5649/4972 4133/5648/4973
f 5594/7370/5299 4133/5648/4973 5595/7371/4972 4347/5885/4816
f 5594/7370/5299 4347/5885/4816 4346/5884/4816 4352/5890/5299
f 5595/7371/4972 4133/5648/4973 4131/5646/5300 4130/5645/5140
f 5595/7371/4972 4130/5645/5140 5596/7372/5140 4342/5880/5484
f 5595/7371/4972 4342/5880/5484 4341/5879/4540 4347/5885/4816
f 5596/7372/5140 4130/5645/5140 4128/5643/5140 4127/5642/4972
f 5596/7372/5140 4127/5642/4972 5597/7373/4682 4337/5875/5481
f 5596/7372/5140 4337/5875/5481 4336/5874/4972 4342/5880/5484
f 5597/7373/4682 4127/5642/4972 4125/5640/4816 4124/5639/5299
f 5597/7373/4682 4124/5639/5299 5598/7374/6824 4332/5870/5477
f 5597/7373/4682 4332/5870/5477 4331/5869/5476 4337/5875/5481
f 5598/7374/6824 4124/5639/5299 4122/5637/4972 4121/5636/5298
f 5598/7374/6824 4121/5636/5298 5599/7375/6825 4327/5863/5471
f 5598/7374/6824 4327/5863/5471 4326/5862/5470 4332/5870/5477
f 5599/7375/6825 4121/5636/5298 4119/5634/5297 4118/5633/5296
f 5599/7375/6825 4118/5633/5296 5600/7376/6826 4322/7377/6827
f 5599/7375/6825 4322/7377/6827 4321/5864/5472 4327/5863/5471
f 5600/7376/6826 4118/5633/5296 4116/5631/5294 5601/7378/6828
f 5600/7376/6829 5601/7378/6828 5602/7379/6830 4317/5849/5457
f 5600/7380/6829 4317/7381/5457 4316/5856/5464 4322/5855/5463
f 5602/7379/6830 5601/7378/6828 3133/4527/4228 3132/4526/4227
f 5602/7379/6830 3132/4526/4227 3131/4532/4226 4312/5844/5454
f 5602/7379/6830 4312/5844/5454 4311/5843/5453 4317/5849/5457
f 5601/7378/6828 4116/5631/5294 4114/5629/5292 3133/4527/4228
f 4312/5844/5454 3131/4532/4226 3136/4531/4232 4307/5839/5450
f 4173/5688/5337 3997/5502/5175 3029/4330/4045 3026/4327/4042
f 4164/5679/5328 4160/5675/5324 4158/5673/5322 4157/5672/5321
f 4114/5629/5292 4112/5627/5290 3128/4519/4221 3133/4527/4228
f 4112/5627/5290 4110/5625/5289 3129/4520/4222 3128/4519/4221
f 4110/7382/5286 4108/7383/5285 3137/4536/4235 3129/4535/4234
f 4108/5623/5282 4106/5621/5280 3138/4538/4237 3137/4537/4236
f 4017/5528/5196 4015/5526/5194 3023/4323/4038 3020/4320/4035
f 3997/5502/5175 3995/5500/5173 3994/5499/5172 3029/4330/4045
f 3433/4879/4559 3328/7384/4445 3327/4762/4443 3428/4874/4554
f 3322/4773/4437 3224/4642/4331 3223/4641/4330 3317/7385/4438
f 3246/4670/4355 3234/4655/4343 3232/4652/4340 3231/4651/4339
f 3243/4667/4352 3237/4666/4346 3235/4656/4344 3234/4655/4343
f 3203/4619/4307 3144/4545/4244 3143/4544/4243 3198/4614/4302
f 3112/7386/6831 3099/4449/4156 3095/4443/4155 3111/4479/6831
f 3111/4479/4183 3095/4443/4149 3094/4442/4148 3108/4480/4184
f 3109/4474/4179 3077/4473/4178 3076/4439/4146 3092/4438/4145
f 3107/4472/4172 3037/4341/4057 3036/4340/4056 3075/7387/4116
f 3107/4472/4176 3094/4471/4175 3093/7388/6832 3037/4341/6833
f 3093/7388/6832 3065/4393/4102 3034/4342/4053 3037/4341/6833
f 3081/6504/6042 3052/4369/4080 3051/4368/4078 3064/4387/4099
f 3014/7389/4020 3013/4308/4019 3010/4295/4031 3009/4294/6834
f 3002/7390/6835 2989/4268/3989 2988/4267/3988 2999/7391/6835
f 3000/7392/6836 2999/7391/6837 2988/4267/3992 2990/4270/3991
f 2983/4259/3980 2957/7197/6660 2956/7393/6838 2974/4260/3981
f 2973/7394/6839 2972/7066/6540 2945/4207/3934 2944/4206/3933
f 2970/7395/6840 2971/7063/6526 2972/7066/6540 2973/7394/6839
f 2999/7391/6837 3000/7392/6836 3001/7396/6841 3002/7390/6841
f 2885/4285/6842 3005/4288/6842 3003/7236/6842 3004/7397/6842
f 2911/4507/6843 3124/4510/6843 3122/6487/6843 3123/7398/6843
